[
  {
    "partId": 235,
    "stateCode": "S02",
    "stateName": "Arunachal Pradesh",
    "districtCode": "S0203",
    "districtName": "EAST KAMENG",
    "acNumber": 8,
    "acName": "BAMENG",
    "partNumber": 1,
    "partName": "SACHUNG",
    "lat": 27.3,
    "lon": 93.05
  },
  {
    "partId": 236,
    "stateCode": "S02",
    "stateName": "Arunachal Pradesh",
    "districtCode": "S0203",
    "districtName": "EAST KAMENG",
    "acNumber": 8,
    "acName": "BAMENG",
    "partNumber": 2,
    "partName": "NISANGJANG",
    "lat": 27.3,
    "lon": 93.05
  },
  {
    "partId": 237,
    "stateCode": "S02",
    "stateName": "Arunachal Pradesh",
    "districtCode": "S0203",
    "districtName": "EAST KAMENG",
    "acNumber": 8,
    "acName": "BAMENG",
    "partNumber": 3,
    "partName": "TAWE",
    "lat": 27.3,
    "lon": 93.05
  },
  {
    "partId": 238,
    "stateCode": "S02",
    "stateName": "Arunachal Pradesh",
    "districtCode": "S0203",
    "districtName": "EAST KAMENG",
    "acNumber": 8,
    "acName": "BAMENG",
    "partNumber": 4,
    "partName": "LADA",
    "lat": 27.3,
    "lon": 93.05
  },
  {
    "partId": 239,
    "stateCode": "S02",
    "stateName": "Arunachal Pradesh",
    "districtCode": "S0203",
    "districtName": "EAST KAMENG",
    "acNumber": 8,
    "acName": "BAMENG",
    "partNumber": 5,
    "partName": "DROKSHI",
    "lat": 27.3,
    "lon": 93.05
  },
  {
    "partId": 240,
    "stateCode": "S02",
    "stateName": "Arunachal Pradesh",
    "districtCode": "S0203",
    "districtName": "EAST KAMENG",
    "acNumber": 8,
    "acName": "BAMENG",
    "partNumber": 6,
    "partName": "GIKUNG",
    "lat": 27.3,
    "lon": 93.05
  },
  {
    "partId": 241,
    "stateCode": "S02",
    "stateName": "Arunachal Pradesh",
    "districtCode": "S0203",
    "districtName": "EAST KAMENG",
    "acNumber": 8,
    "acName": "BAMENG",
    "partNumber": 7,
    "partName": "LOWER LEYAK",
    "lat": 27.3,
    "lon": 93.05
  },
  {
    "partId": 242,
    "stateCode": "S02",
    "stateName": "Arunachal Pradesh",
    "districtCode": "S0203",
    "districtName": "EAST KAMENG",
    "acNumber": 8,
    "acName": "BAMENG",
    "partNumber": 8,
    "partName": "RAPUNG",
    "lat": 27.3,
    "lon": 93.05
  },
  {
    "partId": 243,
    "stateCode": "S02",
    "stateName": "Arunachal Pradesh",
    "districtCode": "S0203",
    "districtName": "EAST KAMENG",
    "acNumber": 8,
    "acName": "BAMENG",
    "partNumber": 9,
    "partName": "UPPER LEYAK",
    "lat": 27.3,
    "lon": 93.05
  },
  {
    "partId": 244,
    "stateCode": "S02",
    "stateName": "Arunachal Pradesh",
    "districtCode": "S0203",
    "districtName": "EAST KAMENG",
    "acNumber": 8,
    "acName": "BAMENG",
    "partNumber": 10,
    "partName": "SEKONG",
    "lat": 27.3,
    "lon": 93.05
  },
  {
    "partId": 245,
    "stateCode": "S02",
    "stateName": "Arunachal Pradesh",
    "districtCode": "S0203",
    "districtName": "EAST KAMENG",
    "acNumber": 8,
    "acName": "BAMENG",
    "partNumber": 11,
    "partName": "ROJO",
    "lat": 27.3,
    "lon": 93.05
  },
  {
    "partId": 246,
    "stateCode": "S02",
    "stateName": "Arunachal Pradesh",
    "districtCode": "S0203",
    "districtName": "EAST KAMENG",
    "acNumber": 8,
    "acName": "BAMENG",
    "partNumber": 12,
    "partName": "TALLO",
    "lat": 27.3,
    "lon": 93.05
  },
  {
    "partId": 247,
    "stateCode": "S02",
    "stateName": "Arunachal Pradesh",
    "districtCode": "S0203",
    "districtName": "EAST KAMENG",
    "acNumber": 8,
    "acName": "BAMENG",
    "partNumber": 13,
    "partName": "LENGDI LIANG",
    "lat": 27.3,
    "lon": 93.05
  },
  {
    "partId": 248,
    "stateCode": "S02",
    "stateName": "Arunachal Pradesh",
    "districtCode": "S0203",
    "districtName": "EAST KAMENG",
    "acNumber": 8,
    "acName": "BAMENG",
    "partNumber": 14,
    "partName": "RIKHUNG",
    "lat": 27.3,
    "lon": 93.05
  },
  {
    "partId": 249,
    "stateCode": "S02",
    "stateName": "Arunachal Pradesh",
    "districtCode": "S0203",
    "districtName": "EAST KAMENG",
    "acNumber": 8,
    "acName": "BAMENG",
    "partNumber": 15,
    "partName": "BAMENG HQ",
    "lat": 27.3,
    "lon": 93.05
  },
  {
    "partId": 250,
    "stateCode": "S02",
    "stateName": "Arunachal Pradesh",
    "districtCode": "S0203",
    "districtName": "EAST KAMENG",
    "acNumber": 8,
    "acName": "BAMENG",
    "partNumber": 16,
    "partName": "TARA",
    "lat": 27.3,
    "lon": 93.05
  },
  {
    "partId": 251,
    "stateCode": "S02",
    "stateName": "Arunachal Pradesh",
    "districtCode": "S0203",
    "districtName": "EAST KAMENG",
    "acNumber": 8,
    "acName": "BAMENG",
    "partNumber": 17,
    "partName": "SIPILIYANG",
    "lat": 27.3,
    "lon": 93.05
  },
  {
    "partId": 252,
    "stateCode": "S02",
    "stateName": "Arunachal Pradesh",
    "districtCode": "S0203",
    "districtName": "EAST KAMENG",
    "acNumber": 8,
    "acName": "BAMENG",
    "partNumber": 18,
    "partName": "MOLORANG",
    "lat": 27.3,
    "lon": 93.05
  },
  {
    "partId": 253,
    "stateCode": "S02",
    "stateName": "Arunachal Pradesh",
    "districtCode": "S0203",
    "districtName": "EAST KAMENG",
    "acNumber": 8,
    "acName": "BAMENG",
    "partNumber": 19,
    "partName": "LAPUNG",
    "lat": 27.3,
    "lon": 93.05
  },
  {
    "partId": 254,
    "stateCode": "S02",
    "stateName": "Arunachal Pradesh",
    "districtCode": "S0203",
    "districtName": "EAST KAMENG",
    "acNumber": 8,
    "acName": "BAMENG",
    "partNumber": 20,
    "partName": "RIYANG",
    "lat": 27.3,
    "lon": 93.05
  },
  {
    "partId": 255,
    "stateCode": "S02",
    "stateName": "Arunachal Pradesh",
    "districtCode": "S0203",
    "districtName": "EAST KAMENG",
    "acNumber": 8,
    "acName": "BAMENG",
    "partNumber": 21,
    "partName": "POUBE",
    "lat": 27.3,
    "lon": 93.05
  },
  {
    "partId": 256,
    "stateCode": "S02",
    "stateName": "Arunachal Pradesh",
    "districtCode": "S0203",
    "districtName": "EAST KAMENG",
    "acNumber": 8,
    "acName": "BAMENG",
    "partNumber": 22,
    "partName": "EFFA",
    "lat": 27.3,
    "lon": 93.05
  },
  {
    "partId": 257,
    "stateCode": "S02",
    "stateName": "Arunachal Pradesh",
    "districtCode": "S0203",
    "districtName": "EAST KAMENG",
    "acNumber": 8,
    "acName": "BAMENG",
    "partNumber": 23,
    "partName": "EMBORIANG",
    "lat": 27.3,
    "lon": 93.05
  },
  {
    "partId": 258,
    "stateCode": "S02",
    "stateName": "Arunachal Pradesh",
    "districtCode": "S0203",
    "districtName": "EAST KAMENG",
    "acNumber": 8,
    "acName": "BAMENG",
    "partNumber": 24,
    "partName": "LONDA",
    "lat": 27.3,
    "lon": 93.05
  },
  {
    "partId": 259,
    "stateCode": "S02",
    "stateName": "Arunachal Pradesh",
    "districtCode": "S0203",
    "districtName": "EAST KAMENG",
    "acNumber": 8,
    "acName": "BAMENG",
    "partNumber": 25,
    "partName": "LORRAH",
    "lat": 27.3,
    "lon": 93.05
  },
  {
    "partId": 260,
    "stateCode": "S02",
    "stateName": "Arunachal Pradesh",
    "districtCode": "S0203",
    "districtName": "EAST KAMENG",
    "acNumber": 8,
    "acName": "BAMENG",
    "partNumber": 26,
    "partName": "PAKKE",
    "lat": 27.3,
    "lon": 93.05
  },
  {
    "partId": 261,
    "stateCode": "S02",
    "stateName": "Arunachal Pradesh",
    "districtCode": "S0203",
    "districtName": "EAST KAMENG",
    "acNumber": 8,
    "acName": "BAMENG",
    "partNumber": 27,
    "partName": "BEYONG",
    "lat": 27.3,
    "lon": 93.05
  },
  {
    "partId": 262,
    "stateCode": "S02",
    "stateName": "Arunachal Pradesh",
    "districtCode": "S0203",
    "districtName": "EAST KAMENG",
    "acNumber": 8,
    "acName": "BAMENG",
    "partNumber": 28,
    "partName": "JAWA",
    "lat": 27.3,
    "lon": 93.05
  },
  {
    "partId": 263,
    "stateCode": "S02",
    "stateName": "Arunachal Pradesh",
    "districtCode": "S0203",
    "districtName": "EAST KAMENG",
    "acNumber": 8,
    "acName": "BAMENG",
    "partNumber": 29,
    "partName": "WAI",
    "lat": 27.3,
    "lon": 93.05
  },
  {
    "partId": 264,
    "stateCode": "S02",
    "stateName": "Arunachal Pradesh",
    "districtCode": "S0203",
    "districtName": "EAST KAMENG",
    "acNumber": 8,
    "acName": "BAMENG",
    "partNumber": 30,
    "partName": "RAWA",
    "lat": 27.3,
    "lon": 93.05
  },
  {
    "partId": 265,
    "stateCode": "S02",
    "stateName": "Arunachal Pradesh",
    "districtCode": "S0203",
    "districtName": "EAST KAMENG",
    "acNumber": 8,
    "acName": "BAMENG",
    "partNumber": 31,
    "partName": "KHENEWA",
    "lat": 27.3,
    "lon": 93.05
  },
  {
    "partId": 266,
    "stateCode": "S02",
    "stateName": "Arunachal Pradesh",
    "districtCode": "S0203",
    "districtName": "EAST KAMENG",
    "acNumber": 8,
    "acName": "BAMENG",
    "partNumber": 32,
    "partName": "PORDUNG",
    "lat": 27.3,
    "lon": 93.05
  },
  {
    "partId": 267,
    "stateCode": "S02",
    "stateName": "Arunachal Pradesh",
    "districtCode": "S0203",
    "districtName": "EAST KAMENG",
    "acNumber": 8,
    "acName": "BAMENG",
    "partNumber": 33,
    "partName": "PANGIA",
    "lat": 27.3,
    "lon": 93.05
  },
  {
    "partId": 268,
    "stateCode": "S02",
    "stateName": "Arunachal Pradesh",
    "districtCode": "S0203",
    "districtName": "EAST KAMENG",
    "acNumber": 8,
    "acName": "BAMENG",
    "partNumber": 34,
    "partName": "MARJINGLA",
    "lat": 27.3,
    "lon": 93.05
  },
  {
    "partId": 269,
    "stateCode": "S02",
    "stateName": "Arunachal Pradesh",
    "districtCode": "S0203",
    "districtName": "EAST KAMENG",
    "acNumber": 8,
    "acName": "BAMENG",
    "partNumber": 35,
    "partName": "PAFFA",
    "lat": 27.3,
    "lon": 93.05
  },
  {
    "partId": 270,
    "stateCode": "S02",
    "stateName": "Arunachal Pradesh",
    "districtCode": "S0203",
    "districtName": "EAST KAMENG",
    "acNumber": 8,
    "acName": "BAMENG",
    "partNumber": 36,
    "partName": "SANGBIA",
    "lat": 27.3,
    "lon": 93.05
  },
  {
    "partId": 271,
    "stateCode": "S02",
    "stateName": "Arunachal Pradesh",
    "districtCode": "S0203",
    "districtName": "EAST KAMENG",
    "acNumber": 8,
    "acName": "BAMENG",
    "partNumber": 37,
    "partName": "JOMOH",
    "lat": 27.3,
    "lon": 93.05
  },
  {
    "partId": 272,
    "stateCode": "S02",
    "stateName": "Arunachal Pradesh",
    "districtCode": "S0203",
    "districtName": "EAST KAMENG",
    "acNumber": 8,
    "acName": "BAMENG",
    "partNumber": 38,
    "partName": "JOKHIO",
    "lat": 27.3,
    "lon": 93.05
  },
  {
    "partId": 273,
    "stateCode": "S02",
    "stateName": "Arunachal Pradesh",
    "districtCode": "S0203",
    "districtName": "EAST KAMENG",
    "acNumber": 8,
    "acName": "BAMENG",
    "partNumber": 39,
    "partName": "NAMPE",
    "lat": 27.3,
    "lon": 93.05
  },
  {
    "partId": 274,
    "stateCode": "S02",
    "stateName": "Arunachal Pradesh",
    "districtCode": "S0203",
    "districtName": "EAST KAMENG",
    "acNumber": 8,
    "acName": "BAMENG",
    "partNumber": 40,
    "partName": "SARIO",
    "lat": 27.3,
    "lon": 93.05
  },
  {
    "partId": 275,
    "stateCode": "S02",
    "stateName": "Arunachal Pradesh",
    "districtCode": "S0203",
    "districtName": "EAST KAMENG",
    "acNumber": 9,
    "acName": "CHAYANG TAJO",
    "partNumber": 1,
    "partName": "YAKLI",
    "lat": 27.3,
    "lon": 93.05
  },
  {
    "partId": 276,
    "stateCode": "S02",
    "stateName": "Arunachal Pradesh",
    "districtCode": "S0203",
    "districtName": "EAST KAMENG",
    "acNumber": 9,
    "acName": "CHAYANG TAJO",
    "partNumber": 2,
    "partName": "VEO",
    "lat": 27.3,
    "lon": 93.05
  },
  {
    "partId": 277,
    "stateCode": "S02",
    "stateName": "Arunachal Pradesh",
    "districtCode": "S0203",
    "districtName": "EAST KAMENG",
    "acNumber": 9,
    "acName": "CHAYANG TAJO",
    "partNumber": 3,
    "partName": "BYALE SULUNG",
    "lat": 27.3,
    "lon": 93.05
  },
  {
    "partId": 278,
    "stateCode": "S02",
    "stateName": "Arunachal Pradesh",
    "districtCode": "S0203",
    "districtName": "EAST KAMENG",
    "acNumber": 9,
    "acName": "CHAYANG TAJO",
    "partNumber": 4,
    "partName": "YANGFO",
    "lat": 27.3,
    "lon": 93.05
  },
  {
    "partId": 279,
    "stateCode": "S02",
    "stateName": "Arunachal Pradesh",
    "districtCode": "S0203",
    "districtName": "EAST KAMENG",
    "acNumber": 9,
    "acName": "CHAYANG TAJO",
    "partNumber": 5,
    "partName": "TAGAMPU",
    "lat": 27.3,
    "lon": 93.05
  },
  {
    "partId": 280,
    "stateCode": "S02",
    "stateName": "Arunachal Pradesh",
    "districtCode": "S0203",
    "districtName": "EAST KAMENG",
    "acNumber": 9,
    "acName": "CHAYANG TAJO",
    "partNumber": 6,
    "partName": "KEYANG",
    "lat": 27.3,
    "lon": 93.05
  },
  {
    "partId": 281,
    "stateCode": "S02",
    "stateName": "Arunachal Pradesh",
    "districtCode": "S0203",
    "districtName": "EAST KAMENG",
    "acNumber": 9,
    "acName": "CHAYANG TAJO",
    "partNumber": 7,
    "partName": "JAYANG BAGANG",
    "lat": 27.3,
    "lon": 93.05
  },
  {
    "partId": 282,
    "stateCode": "S02",
    "stateName": "Arunachal Pradesh",
    "districtCode": "S0203",
    "districtName": "EAST KAMENG",
    "acNumber": 9,
    "acName": "CHAYANG TAJO",
    "partNumber": 8,
    "partName": "KESSE BAGANG",
    "lat": 27.3,
    "lon": 93.05
  },
  {
    "partId": 283,
    "stateCode": "S02",
    "stateName": "Arunachal Pradesh",
    "districtCode": "S0203",
    "districtName": "EAST KAMENG",
    "acNumber": 9,
    "acName": "CHAYANG TAJO",
    "partNumber": 9,
    "partName": "LACHING BAGANG",
    "lat": 27.3,
    "lon": 93.05
  },
  {
    "partId": 284,
    "stateCode": "S02",
    "stateName": "Arunachal Pradesh",
    "districtCode": "S0203",
    "districtName": "EAST KAMENG",
    "acNumber": 9,
    "acName": "CHAYANG TAJO",
    "partNumber": 10,
    "partName": "NAMCHER BAGANG",
    "lat": 27.3,
    "lon": 93.05
  },
  {
    "partId": 285,
    "stateCode": "S02",
    "stateName": "Arunachal Pradesh",
    "districtCode": "S0203",
    "districtName": "EAST KAMENG",
    "acNumber": 9,
    "acName": "CHAYANG TAJO",
    "partNumber": 11,
    "partName": "CHAYANGTAJO, HQ",
    "lat": 27.3,
    "lon": 93.05
  },
  {
    "partId": 286,
    "stateCode": "S02",
    "stateName": "Arunachal Pradesh",
    "districtCode": "S0203",
    "districtName": "EAST KAMENG",
    "acNumber": 9,
    "acName": "CHAYANG TAJO",
    "partNumber": 12,
    "partName": "TAJO",
    "lat": 27.3,
    "lon": 93.05
  },
  {
    "partId": 287,
    "stateCode": "S02",
    "stateName": "Arunachal Pradesh",
    "districtCode": "S0203",
    "districtName": "EAST KAMENG",
    "acNumber": 9,
    "acName": "CHAYANG TAJO",
    "partNumber": 13,
    "partName": "KILLO",
    "lat": 27.3,
    "lon": 93.05
  },
  {
    "partId": 288,
    "stateCode": "S02",
    "stateName": "Arunachal Pradesh",
    "districtCode": "S0203",
    "districtName": "EAST KAMENG",
    "acNumber": 9,
    "acName": "CHAYANG TAJO",
    "partNumber": 14,
    "partName": "REBE",
    "lat": 27.3,
    "lon": 93.05
  },
  {
    "partId": 289,
    "stateCode": "S02",
    "stateName": "Arunachal Pradesh",
    "districtCode": "S0203",
    "districtName": "EAST KAMENG",
    "acNumber": 9,
    "acName": "CHAYANG TAJO",
    "partNumber": 15,
    "partName": "WADA BAGANG",
    "lat": 27.3,
    "lon": 93.05
  },
  {
    "partId": 290,
    "stateCode": "S02",
    "stateName": "Arunachal Pradesh",
    "districtCode": "S0203",
    "districtName": "EAST KAMENG",
    "acNumber": 9,
    "acName": "CHAYANG TAJO",
    "partNumber": 16,
    "partName": "SANCHU",
    "lat": 27.3,
    "lon": 93.05
  },
  {
    "partId": 291,
    "stateCode": "S02",
    "stateName": "Arunachal Pradesh",
    "districtCode": "S0203",
    "districtName": "EAST KAMENG",
    "acNumber": 9,
    "acName": "CHAYANG TAJO",
    "partNumber": 17,
    "partName": "NARI CAMP",
    "lat": 27.3,
    "lon": 93.05
  },
  {
    "partId": 292,
    "stateCode": "S02",
    "stateName": "Arunachal Pradesh",
    "districtCode": "S0203",
    "districtName": "EAST KAMENG",
    "acNumber": 9,
    "acName": "CHAYANG TAJO",
    "partNumber": 18,
    "partName": "DOMDILA",
    "lat": 27.3,
    "lon": 93.05
  },
  {
    "partId": 293,
    "stateCode": "S02",
    "stateName": "Arunachal Pradesh",
    "districtCode": "S0203",
    "districtName": "EAST KAMENG",
    "acNumber": 9,
    "acName": "CHAYANG TAJO",
    "partNumber": 19,
    "partName": "KREMAPAO",
    "lat": 27.3,
    "lon": 93.05
  },
  {
    "partId": 294,
    "stateCode": "S02",
    "stateName": "Arunachal Pradesh",
    "districtCode": "S0203",
    "districtName": "EAST KAMENG",
    "acNumber": 9,
    "acName": "CHAYANG TAJO",
    "partNumber": 20,
    "partName": "TUNGI",
    "lat": 27.3,
    "lon": 93.05
  },
  {
    "partId": 295,
    "stateCode": "S02",
    "stateName": "Arunachal Pradesh",
    "districtCode": "S0203",
    "districtName": "EAST KAMENG",
    "acNumber": 9,
    "acName": "CHAYANG TAJO",
    "partNumber": 21,
    "partName": "BENGDE",
    "lat": 27.3,
    "lon": 93.05
  },
  {
    "partId": 296,
    "stateCode": "S02",
    "stateName": "Arunachal Pradesh",
    "districtCode": "S0203",
    "districtName": "EAST KAMENG",
    "acNumber": 9,
    "acName": "CHAYANG TAJO",
    "partNumber": 22,
    "partName": "SAWA",
    "lat": 27.3,
    "lon": 93.05
  },
  {
    "partId": 297,
    "stateCode": "S02",
    "stateName": "Arunachal Pradesh",
    "districtCode": "S0203",
    "districtName": "EAST KAMENG",
    "acNumber": 9,
    "acName": "CHAYANG TAJO",
    "partNumber": 23,
    "partName": "BODO",
    "lat": 27.3,
    "lon": 93.05
  },
  {
    "partId": 298,
    "stateCode": "S02",
    "stateName": "Arunachal Pradesh",
    "districtCode": "S0203",
    "districtName": "EAST KAMENG",
    "acNumber": 9,
    "acName": "CHAYANG TAJO",
    "partNumber": 24,
    "partName": "PIPU",
    "lat": 27.3,
    "lon": 93.05
  },
  {
    "partId": 299,
    "stateCode": "S02",
    "stateName": "Arunachal Pradesh",
    "districtCode": "S0203",
    "districtName": "EAST KAMENG",
    "acNumber": 9,
    "acName": "CHAYANG TAJO",
    "partNumber": 25,
    "partName": "BOKAR",
    "lat": 27.3,
    "lon": 93.05
  },
  {
    "partId": 300,
    "stateCode": "S02",
    "stateName": "Arunachal Pradesh",
    "districtCode": "S0203",
    "districtName": "EAST KAMENG",
    "acNumber": 9,
    "acName": "CHAYANG TAJO",
    "partNumber": 26,
    "partName": "CHEGE",
    "lat": 27.3,
    "lon": 93.05
  },
  {
    "partId": 301,
    "stateCode": "S02",
    "stateName": "Arunachal Pradesh",
    "districtCode": "S0203",
    "districtName": "EAST KAMENG",
    "acNumber": 9,
    "acName": "CHAYANG TAJO",
    "partNumber": 27,
    "partName": "DAFRI",
    "lat": 27.3,
    "lon": 93.05
  },
  {
    "partId": 302,
    "stateCode": "S02",
    "stateName": "Arunachal Pradesh",
    "districtCode": "S0203",
    "districtName": "EAST KAMENG",
    "acNumber": 9,
    "acName": "CHAYANG TAJO",
    "partNumber": 28,
    "partName": "DIPU",
    "lat": 27.3,
    "lon": 93.05
  },
  {
    "partId": 303,
    "stateCode": "S02",
    "stateName": "Arunachal Pradesh",
    "districtCode": "S0203",
    "districtName": "EAST KAMENG",
    "acNumber": 9,
    "acName": "CHAYANG TAJO",
    "partNumber": 29,
    "partName": "TABRI",
    "lat": 27.3,
    "lon": 93.05
  },
  {
    "partId": 304,
    "stateCode": "S02",
    "stateName": "Arunachal Pradesh",
    "districtCode": "S0203",
    "districtName": "EAST KAMENG",
    "acNumber": 9,
    "acName": "CHAYANG TAJO",
    "partNumber": 30,
    "partName": "LOCHUNG",
    "lat": 27.3,
    "lon": 93.05
  },
  {
    "partId": 305,
    "stateCode": "S02",
    "stateName": "Arunachal Pradesh",
    "districtCode": "S0203",
    "districtName": "EAST KAMENG",
    "acNumber": 9,
    "acName": "CHAYANG TAJO",
    "partNumber": 31,
    "partName": "FHACHANG",
    "lat": 27.3,
    "lon": 93.05
  },
  {
    "partId": 306,
    "stateCode": "S02",
    "stateName": "Arunachal Pradesh",
    "districtCode": "S0203",
    "districtName": "EAST KAMENG",
    "acNumber": 9,
    "acName": "CHAYANG TAJO",
    "partNumber": 32,
    "partName": "KAPUDADA",
    "lat": 27.3,
    "lon": 93.05
  },
  {
    "partId": 307,
    "stateCode": "S02",
    "stateName": "Arunachal Pradesh",
    "districtCode": "S0203",
    "districtName": "EAST KAMENG",
    "acNumber": 9,
    "acName": "CHAYANG TAJO",
    "partNumber": 33,
    "partName": "DOKA",
    "lat": 27.3,
    "lon": 93.05
  },
  {
    "partId": 308,
    "stateCode": "S02",
    "stateName": "Arunachal Pradesh",
    "districtCode": "S0203",
    "districtName": "EAST KAMENG",
    "acNumber": 9,
    "acName": "CHAYANG TAJO",
    "partNumber": 34,
    "partName": "FLAGO",
    "lat": 27.3,
    "lon": 93.05
  },
  {
    "partId": 309,
    "stateCode": "S02",
    "stateName": "Arunachal Pradesh",
    "districtCode": "S0203",
    "districtName": "EAST KAMENG",
    "acNumber": 9,
    "acName": "CHAYANG TAJO",
    "partNumber": 35,
    "partName": "TAGANG WARRANG",
    "lat": 27.3,
    "lon": 93.05
  },
  {
    "partId": 310,
    "stateCode": "S02",
    "stateName": "Arunachal Pradesh",
    "districtCode": "S0203",
    "districtName": "EAST KAMENG",
    "acNumber": 9,
    "acName": "CHAYANG TAJO",
    "partNumber": 36,
    "partName": "DOKRE",
    "lat": 27.3,
    "lon": 93.05
  },
  {
    "partId": 311,
    "stateCode": "S02",
    "stateName": "Arunachal Pradesh",
    "districtCode": "S0203",
    "districtName": "EAST KAMENG",
    "acNumber": 9,
    "acName": "CHAYANG TAJO",
    "partNumber": 37,
    "partName": "WOTE",
    "lat": 27.3,
    "lon": 93.05
  },
  {
    "partId": 312,
    "stateCode": "S02",
    "stateName": "Arunachal Pradesh",
    "districtCode": "S0203",
    "districtName": "EAST KAMENG",
    "acNumber": 9,
    "acName": "CHAYANG TAJO",
    "partNumber": 38,
    "partName": "JOTE",
    "lat": 27.3,
    "lon": 93.05
  },
  {
    "partId": 313,
    "stateCode": "S02",
    "stateName": "Arunachal Pradesh",
    "districtCode": "S0203",
    "districtName": "EAST KAMENG",
    "acNumber": 10,
    "acName": "SEPPA EAST",
    "partNumber": 1,
    "partName": "ATTARANG",
    "lat": 27.3,
    "lon": 93.05
  },
  {
    "partId": 314,
    "stateCode": "S02",
    "stateName": "Arunachal Pradesh",
    "districtCode": "S0203",
    "districtName": "EAST KAMENG",
    "acNumber": 10,
    "acName": "SEPPA EAST",
    "partNumber": 2,
    "partName": "PACHI",
    "lat": 27.3,
    "lon": 93.05
  },
  {
    "partId": 315,
    "stateCode": "S02",
    "stateName": "Arunachal Pradesh",
    "districtCode": "S0203",
    "districtName": "EAST KAMENG",
    "acNumber": 10,
    "acName": "SEPPA EAST",
    "partNumber": 3,
    "partName": "MONGKHRA",
    "lat": 27.3,
    "lon": 93.05
  },
  {
    "partId": 316,
    "stateCode": "S02",
    "stateName": "Arunachal Pradesh",
    "districtCode": "S0203",
    "districtName": "EAST KAMENG",
    "acNumber": 10,
    "acName": "SEPPA EAST",
    "partNumber": 4,
    "partName": "TALLONG",
    "lat": 27.3,
    "lon": 93.05
  },
  {
    "partId": 317,
    "stateCode": "S02",
    "stateName": "Arunachal Pradesh",
    "districtCode": "S0203",
    "districtName": "EAST KAMENG",
    "acNumber": 10,
    "acName": "SEPPA EAST",
    "partNumber": 5,
    "partName": "MEBUA",
    "lat": 27.3,
    "lon": 93.05
  },
  {
    "partId": 318,
    "stateCode": "S02",
    "stateName": "Arunachal Pradesh",
    "districtCode": "S0203",
    "districtName": "EAST KAMENG",
    "acNumber": 10,
    "acName": "SEPPA EAST",
    "partNumber": 6,
    "partName": "LACHUNG YANGJE",
    "lat": 27.3,
    "lon": 93.05
  },
  {
    "partId": 319,
    "stateCode": "S02",
    "stateName": "Arunachal Pradesh",
    "districtCode": "S0203",
    "districtName": "EAST KAMENG",
    "acNumber": 10,
    "acName": "SEPPA EAST",
    "partNumber": 7,
    "partName": "HAMBAPINDA",
    "lat": 27.3,
    "lon": 93.05
  },
  {
    "partId": 320,
    "stateCode": "S02",
    "stateName": "Arunachal Pradesh",
    "districtCode": "S0203",
    "districtName": "EAST KAMENG",
    "acNumber": 10,
    "acName": "SEPPA EAST",
    "partNumber": 8,
    "partName": "RANG",
    "lat": 27.3,
    "lon": 93.05
  },
  {
    "partId": 321,
    "stateCode": "S02",
    "stateName": "Arunachal Pradesh",
    "districtCode": "S0203",
    "districtName": "EAST KAMENG",
    "acNumber": 10,
    "acName": "SEPPA EAST",
    "partNumber": 9,
    "partName": "PAMPOLI",
    "lat": 27.3,
    "lon": 93.05
  },
  {
    "partId": 322,
    "stateCode": "S02",
    "stateName": "Arunachal Pradesh",
    "districtCode": "S0203",
    "districtName": "EAST KAMENG",
    "acNumber": 10,
    "acName": "SEPPA EAST",
    "partNumber": 10,
    "partName": "WASSANG",
    "lat": 27.3,
    "lon": 93.05
  },
  {
    "partId": 323,
    "stateCode": "S02",
    "stateName": "Arunachal Pradesh",
    "districtCode": "S0203",
    "districtName": "EAST KAMENG",
    "acNumber": 10,
    "acName": "SEPPA EAST",
    "partNumber": 11,
    "partName": "JAYANTI",
    "lat": 27.3,
    "lon": 93.05
  },
  {
    "partId": 324,
    "stateCode": "S02",
    "stateName": "Arunachal Pradesh",
    "districtCode": "S0203",
    "districtName": "EAST KAMENG",
    "acNumber": 10,
    "acName": "SEPPA EAST",
    "partNumber": 12,
    "partName": "TAGRANG YANGJE",
    "lat": 27.3,
    "lon": 93.05
  },
  {
    "partId": 325,
    "stateCode": "S02",
    "stateName": "Arunachal Pradesh",
    "districtCode": "S0203",
    "districtName": "EAST KAMENG",
    "acNumber": 10,
    "acName": "SEPPA EAST",
    "partNumber": 13,
    "partName": "NARINGWA",
    "lat": 27.3,
    "lon": 93.05
  },
  {
    "partId": 326,
    "stateCode": "S02",
    "stateName": "Arunachal Pradesh",
    "districtCode": "S0203",
    "districtName": "EAST KAMENG",
    "acNumber": 10,
    "acName": "SEPPA EAST",
    "partNumber": 14,
    "partName": "KAKUKAO",
    "lat": 27.3,
    "lon": 93.05
  },
  {
    "partId": 327,
    "stateCode": "S02",
    "stateName": "Arunachal Pradesh",
    "districtCode": "S0203",
    "districtName": "EAST KAMENG",
    "acNumber": 10,
    "acName": "SEPPA EAST",
    "partNumber": 15,
    "partName": "SEPPA TOWNSHIP - III",
    "lat": 27.3,
    "lon": 93.05
  },
  {
    "partId": 328,
    "stateCode": "S02",
    "stateName": "Arunachal Pradesh",
    "districtCode": "S0203",
    "districtName": "EAST KAMENG",
    "acNumber": 10,
    "acName": "SEPPA EAST",
    "partNumber": 16,
    "partName": "PATIWA",
    "lat": 27.3,
    "lon": 93.05
  },
  {
    "partId": 329,
    "stateCode": "S02",
    "stateName": "Arunachal Pradesh",
    "districtCode": "S0203",
    "districtName": "EAST KAMENG",
    "acNumber": 10,
    "acName": "SEPPA EAST",
    "partNumber": 17,
    "partName": "SEPPA TOWNSHIP - IV",
    "lat": 27.3,
    "lon": 93.05
  },
  {
    "partId": 330,
    "stateCode": "S02",
    "stateName": "Arunachal Pradesh",
    "districtCode": "S0203",
    "districtName": "EAST KAMENG",
    "acNumber": 10,
    "acName": "SEPPA EAST",
    "partNumber": 18,
    "partName": "SEPPA MEDICAL COLONY",
    "lat": 27.3,
    "lon": 93.05
  },
  {
    "partId": 331,
    "stateCode": "S02",
    "stateName": "Arunachal Pradesh",
    "districtCode": "S0203",
    "districtName": "EAST KAMENG",
    "acNumber": 10,
    "acName": "SEPPA EAST",
    "partNumber": 19,
    "partName": "SEPPA BAZAR AREA",
    "lat": 27.3,
    "lon": 93.05
  },
  {
    "partId": 332,
    "stateCode": "S02",
    "stateName": "Arunachal Pradesh",
    "districtCode": "S0203",
    "districtName": "EAST KAMENG",
    "acNumber": 10,
    "acName": "SEPPA EAST",
    "partNumber": 20,
    "partName": "SEPPA TOWNSHIP - II",
    "lat": 27.3,
    "lon": 93.05
  },
  {
    "partId": 333,
    "stateCode": "S02",
    "stateName": "Arunachal Pradesh",
    "districtCode": "S0203",
    "districtName": "EAST KAMENG",
    "acNumber": 10,
    "acName": "SEPPA EAST",
    "partNumber": 21,
    "partName": "TRANSPORT COLONY",
    "lat": 27.3,
    "lon": 93.05
  },
  {
    "partId": 334,
    "stateCode": "S02",
    "stateName": "Arunachal Pradesh",
    "districtCode": "S0203",
    "districtName": "EAST KAMENG",
    "acNumber": 10,
    "acName": "SEPPA EAST",
    "partNumber": 22,
    "partName": "ALC LINE",
    "lat": 27.3,
    "lon": 93.05
  },
  {
    "partId": 335,
    "stateCode": "S02",
    "stateName": "Arunachal Pradesh",
    "districtCode": "S0203",
    "districtName": "EAST KAMENG",
    "acNumber": 10,
    "acName": "SEPPA EAST",
    "partNumber": 23,
    "partName": "NEW SEPPA",
    "lat": 27.3,
    "lon": 93.05
  },
  {
    "partId": 336,
    "stateCode": "S02",
    "stateName": "Arunachal Pradesh",
    "districtCode": "S0203",
    "districtName": "EAST KAMENG",
    "acNumber": 10,
    "acName": "SEPPA EAST",
    "partNumber": 24,
    "partName": "SEPPA TOWNSHIP - I",
    "lat": 27.3,
    "lon": 93.05
  },
  {
    "partId": 337,
    "stateCode": "S02",
    "stateName": "Arunachal Pradesh",
    "districtCode": "S0203",
    "districtName": "EAST KAMENG",
    "acNumber": 10,
    "acName": "SEPPA EAST",
    "partNumber": 25,
    "partName": "SEPPA TOWNSHIP - I",
    "lat": 27.3,
    "lon": 93.05
  },
  {
    "partId": 338,
    "stateCode": "S02",
    "stateName": "Arunachal Pradesh",
    "districtCode": "S0203",
    "districtName": "EAST KAMENG",
    "acNumber": 10,
    "acName": "SEPPA EAST",
    "partNumber": 26,
    "partName": "DONIGAON",
    "lat": 27.3,
    "lon": 93.05
  },
  {
    "partId": 339,
    "stateCode": "S02",
    "stateName": "Arunachal Pradesh",
    "districtCode": "S0203",
    "districtName": "EAST KAMENG",
    "acNumber": 10,
    "acName": "SEPPA EAST",
    "partNumber": 27,
    "partName": "SANGRIKWA",
    "lat": 27.3,
    "lon": 93.05
  },
  {
    "partId": 340,
    "stateCode": "S02",
    "stateName": "Arunachal Pradesh",
    "districtCode": "S0203",
    "districtName": "EAST KAMENG",
    "acNumber": 10,
    "acName": "SEPPA EAST",
    "partNumber": 28,
    "partName": "PABUA",
    "lat": 27.3,
    "lon": 93.05
  },
  {
    "partId": 341,
    "stateCode": "S02",
    "stateName": "Arunachal Pradesh",
    "districtCode": "S0203",
    "districtName": "EAST KAMENG",
    "acNumber": 10,
    "acName": "SEPPA EAST",
    "partNumber": 29,
    "partName": "JEJUDADA",
    "lat": 27.3,
    "lon": 93.05
  },
  {
    "partId": 342,
    "stateCode": "S02",
    "stateName": "Arunachal Pradesh",
    "districtCode": "S0203",
    "districtName": "EAST KAMENG",
    "acNumber": 10,
    "acName": "SEPPA EAST",
    "partNumber": 30,
    "partName": "LAIMOYA",
    "lat": 27.3,
    "lon": 93.05
  },
  {
    "partId": 343,
    "stateCode": "S02",
    "stateName": "Arunachal Pradesh",
    "districtCode": "S0203",
    "districtName": "EAST KAMENG",
    "acNumber": 10,
    "acName": "SEPPA EAST",
    "partNumber": 31,
    "partName": "NEREWA",
    "lat": 27.3,
    "lon": 93.05
  },
  {
    "partId": 344,
    "stateCode": "S02",
    "stateName": "Arunachal Pradesh",
    "districtCode": "S0203",
    "districtName": "EAST KAMENG",
    "acNumber": 10,
    "acName": "SEPPA EAST",
    "partNumber": 32,
    "partName": "TASSOMLORA",
    "lat": 27.3,
    "lon": 93.05
  },
  {
    "partId": 345,
    "stateCode": "S02",
    "stateName": "Arunachal Pradesh",
    "districtCode": "S0203",
    "districtName": "EAST KAMENG",
    "acNumber": 10,
    "acName": "SEPPA EAST",
    "partNumber": 33,
    "partName": "PATHA",
    "lat": 27.3,
    "lon": 93.05
  },
  {
    "partId": 346,
    "stateCode": "S02",
    "stateName": "Arunachal Pradesh",
    "districtCode": "S0203",
    "districtName": "EAST KAMENG",
    "acNumber": 10,
    "acName": "SEPPA EAST",
    "partNumber": 34,
    "partName": "CHUMBUNG",
    "lat": 27.3,
    "lon": 93.05
  },
  {
    "partId": 347,
    "stateCode": "S02",
    "stateName": "Arunachal Pradesh",
    "districtCode": "S0203",
    "districtName": "EAST KAMENG",
    "acNumber": 11,
    "acName": "SEPPA WEST",
    "partNumber": 1,
    "partName": "WESHI",
    "lat": 27.3,
    "lon": 93.05
  },
  {
    "partId": 348,
    "stateCode": "S02",
    "stateName": "Arunachal Pradesh",
    "districtCode": "S0203",
    "districtName": "EAST KAMENG",
    "acNumber": 11,
    "acName": "SEPPA WEST",
    "partNumber": 2,
    "partName": "PAKOTI",
    "lat": 27.3,
    "lon": 93.05
  },
  {
    "partId": 349,
    "stateCode": "S02",
    "stateName": "Arunachal Pradesh",
    "districtCode": "S0203",
    "districtName": "EAST KAMENG",
    "acNumber": 11,
    "acName": "SEPPA WEST",
    "partNumber": 3,
    "partName": "LOFFA",
    "lat": 27.3,
    "lon": 93.05
  },
  {
    "partId": 350,
    "stateCode": "S02",
    "stateName": "Arunachal Pradesh",
    "districtCode": "S0203",
    "districtName": "EAST KAMENG",
    "acNumber": 11,
    "acName": "SEPPA WEST",
    "partNumber": 4,
    "partName": "FENGCHE",
    "lat": 27.3,
    "lon": 93.05
  },
  {
    "partId": 351,
    "stateCode": "S02",
    "stateName": "Arunachal Pradesh",
    "districtCode": "S0203",
    "districtName": "EAST KAMENG",
    "acNumber": 11,
    "acName": "SEPPA WEST",
    "partNumber": 5,
    "partName": "KAFLA",
    "lat": 27.3,
    "lon": 93.05
  },
  {
    "partId": 352,
    "stateCode": "S02",
    "stateName": "Arunachal Pradesh",
    "districtCode": "S0203",
    "districtName": "EAST KAMENG",
    "acNumber": 11,
    "acName": "SEPPA WEST",
    "partNumber": 6,
    "partName": "NICHOBA",
    "lat": 27.3,
    "lon": 93.05
  },
  {
    "partId": 353,
    "stateCode": "S02",
    "stateName": "Arunachal Pradesh",
    "districtCode": "S0203",
    "districtName": "EAST KAMENG",
    "acNumber": 11,
    "acName": "SEPPA WEST",
    "partNumber": 7,
    "partName": "SILLA",
    "lat": 27.3,
    "lon": 93.05
  },
  {
    "partId": 354,
    "stateCode": "S02",
    "stateName": "Arunachal Pradesh",
    "districtCode": "S0203",
    "districtName": "EAST KAMENG",
    "acNumber": 11,
    "acName": "SEPPA WEST",
    "partNumber": 8,
    "partName": "PICHANG",
    "lat": 27.3,
    "lon": 93.05
  },
  {
    "partId": 355,
    "stateCode": "S02",
    "stateName": "Arunachal Pradesh",
    "districtCode": "S0203",
    "districtName": "EAST KAMENG",
    "acNumber": 11,
    "acName": "SEPPA WEST",
    "partNumber": 9,
    "partName": "CHIZANG",
    "lat": 27.3,
    "lon": 93.05
  },
  {
    "partId": 356,
    "stateCode": "S02",
    "stateName": "Arunachal Pradesh",
    "districtCode": "S0203",
    "districtName": "EAST KAMENG",
    "acNumber": 11,
    "acName": "SEPPA WEST",
    "partNumber": 10,
    "partName": "KADEYA",
    "lat": 27.3,
    "lon": 93.05
  },
  {
    "partId": 357,
    "stateCode": "S02",
    "stateName": "Arunachal Pradesh",
    "districtCode": "S0203",
    "districtName": "EAST KAMENG",
    "acNumber": 11,
    "acName": "SEPPA WEST",
    "partNumber": 11,
    "partName": "TAMNEY",
    "lat": 27.3,
    "lon": 93.05
  },
  {
    "partId": 358,
    "stateCode": "S02",
    "stateName": "Arunachal Pradesh",
    "districtCode": "S0203",
    "districtName": "EAST KAMENG",
    "acNumber": 11,
    "acName": "SEPPA WEST",
    "partNumber": 12,
    "partName": "BANA",
    "lat": 27.3,
    "lon": 93.05
  },
  {
    "partId": 359,
    "stateCode": "S02",
    "stateName": "Arunachal Pradesh",
    "districtCode": "S0203",
    "districtName": "EAST KAMENG",
    "acNumber": 11,
    "acName": "SEPPA WEST",
    "partNumber": 13,
    "partName": "NEW SOPUNG",
    "lat": 27.3,
    "lon": 93.05
  },
  {
    "partId": 360,
    "stateCode": "S02",
    "stateName": "Arunachal Pradesh",
    "districtCode": "S0203",
    "districtName": "EAST KAMENG",
    "acNumber": 11,
    "acName": "SEPPA WEST",
    "partNumber": 14,
    "partName": "YANGSEY",
    "lat": 27.3,
    "lon": 93.05
  },
  {
    "partId": 361,
    "stateCode": "S02",
    "stateName": "Arunachal Pradesh",
    "districtCode": "S0203",
    "districtName": "EAST KAMENG",
    "acNumber": 11,
    "acName": "SEPPA WEST",
    "partNumber": 15,
    "partName": "PANKAR",
    "lat": 27.3,
    "lon": 93.05
  },
  {
    "partId": 362,
    "stateCode": "S02",
    "stateName": "Arunachal Pradesh",
    "districtCode": "S0203",
    "districtName": "EAST KAMENG",
    "acNumber": 11,
    "acName": "SEPPA WEST",
    "partNumber": 16,
    "partName": "TALLOMSIMA",
    "lat": 27.3,
    "lon": 93.05
  },
  {
    "partId": 363,
    "stateCode": "S02",
    "stateName": "Arunachal Pradesh",
    "districtCode": "S0203",
    "districtName": "EAST KAMENG",
    "acNumber": 11,
    "acName": "SEPPA WEST",
    "partNumber": 17,
    "partName": "WATTE",
    "lat": 27.3,
    "lon": 93.05
  },
  {
    "partId": 364,
    "stateCode": "S02",
    "stateName": "Arunachal Pradesh",
    "districtCode": "S0203",
    "districtName": "EAST KAMENG",
    "acNumber": 11,
    "acName": "SEPPA WEST",
    "partNumber": 18,
    "partName": "CHAMPING",
    "lat": 27.3,
    "lon": 93.05
  },
  {
    "partId": 365,
    "stateCode": "S02",
    "stateName": "Arunachal Pradesh",
    "districtCode": "S0203",
    "districtName": "EAST KAMENG",
    "acNumber": 11,
    "acName": "SEPPA WEST",
    "partNumber": 19,
    "partName": "NEKING",
    "lat": 27.3,
    "lon": 93.05
  },
  {
    "partId": 366,
    "stateCode": "S02",
    "stateName": "Arunachal Pradesh",
    "districtCode": "S0203",
    "districtName": "EAST KAMENG",
    "acNumber": 11,
    "acName": "SEPPA WEST",
    "partNumber": 20,
    "partName": "KOTO",
    "lat": 27.3,
    "lon": 93.05
  },
  {
    "partId": 367,
    "stateCode": "S02",
    "stateName": "Arunachal Pradesh",
    "districtCode": "S0203",
    "districtName": "EAST KAMENG",
    "acNumber": 11,
    "acName": "SEPPA WEST",
    "partNumber": 21,
    "partName": "TONGMA",
    "lat": 27.3,
    "lon": 93.05
  },
  {
    "partId": 368,
    "stateCode": "S02",
    "stateName": "Arunachal Pradesh",
    "districtCode": "S0203",
    "districtName": "EAST KAMENG",
    "acNumber": 11,
    "acName": "SEPPA WEST",
    "partNumber": 22,
    "partName": "LELUNG",
    "lat": 27.3,
    "lon": 93.05
  },
  {
    "partId": 369,
    "stateCode": "S02",
    "stateName": "Arunachal Pradesh",
    "districtCode": "S0203",
    "districtName": "EAST KAMENG",
    "acNumber": 11,
    "acName": "SEPPA WEST",
    "partNumber": 23,
    "partName": "TATATARA",
    "lat": 27.3,
    "lon": 93.05
  },
  {
    "partId": 370,
    "stateCode": "S02",
    "stateName": "Arunachal Pradesh",
    "districtCode": "S0203",
    "districtName": "EAST KAMENG",
    "acNumber": 11,
    "acName": "SEPPA WEST",
    "partNumber": 24,
    "partName": "NEPUWA",
    "lat": 27.3,
    "lon": 93.05
  },
  {
    "partId": 371,
    "stateCode": "S02",
    "stateName": "Arunachal Pradesh",
    "districtCode": "S0203",
    "districtName": "EAST KAMENG",
    "acNumber": 11,
    "acName": "SEPPA WEST",
    "partNumber": 25,
    "partName": "LUMDUNG",
    "lat": 27.3,
    "lon": 93.05
  },
  {
    "partId": 372,
    "stateCode": "S02",
    "stateName": "Arunachal Pradesh",
    "districtCode": "S0203",
    "districtName": "EAST KAMENG",
    "acNumber": 11,
    "acName": "SEPPA WEST",
    "partNumber": 26,
    "partName": "PIPOKORO",
    "lat": 27.3,
    "lon": 93.05
  },
  {
    "partId": 373,
    "stateCode": "S02",
    "stateName": "Arunachal Pradesh",
    "districtCode": "S0203",
    "districtName": "EAST KAMENG",
    "acNumber": 11,
    "acName": "SEPPA WEST",
    "partNumber": 27,
    "partName": "NERE",
    "lat": 27.3,
    "lon": 93.05
  },
  {
    "partId": 374,
    "stateCode": "S02",
    "stateName": "Arunachal Pradesh",
    "districtCode": "S0203",
    "districtName": "EAST KAMENG",
    "acNumber": 11,
    "acName": "SEPPA WEST",
    "partNumber": 28,
    "partName": "NINGCHO",
    "lat": 27.3,
    "lon": 93.05
  },
  {
    "partId": 375,
    "stateCode": "S02",
    "stateName": "Arunachal Pradesh",
    "districtCode": "S0203",
    "districtName": "EAST KAMENG",
    "acNumber": 11,
    "acName": "SEPPA WEST",
    "partNumber": 29,
    "partName": "SEBA",
    "lat": 27.3,
    "lon": 93.05
  }
]