[
  {
    "partId": 552,
    "stateCode": "S02",
    "stateName": "Arunachal Pradesh",
    "districtCode": "S0205",
    "districtName": "LOWER SUBANSIRI",
    "acNumber": 16,
    "acName": "YACHULI",
    "partNumber": 1,
    "partName": "DEM",
    "lat": 27.8,
    "lon": 93.6
  },
  {
    "partId": 553,
    "stateCode": "S02",
    "stateName": "Arunachal Pradesh",
    "districtCode": "S0205",
    "districtName": "LOWER SUBANSIRI",
    "acNumber": 16,
    "acName": "YACHULI",
    "partNumber": 2,
    "partName": "DEED",
    "lat": 27.8,
    "lon": 93.6
  },
  {
    "partId": 554,
    "stateCode": "S02",
    "stateName": "Arunachal Pradesh",
    "districtCode": "S0205",
    "districtName": "LOWER SUBANSIRI",
    "acNumber": 16,
    "acName": "YACHULI",
    "partNumber": 3,
    "partName": "KUGITAGO",
    "lat": 27.8,
    "lon": 93.6
  },
  {
    "partId": 555,
    "stateCode": "S02",
    "stateName": "Arunachal Pradesh",
    "districtCode": "S0205",
    "districtName": "LOWER SUBANSIRI",
    "acNumber": 16,
    "acName": "YACHULI",
    "partNumber": 4,
    "partName": "SITO",
    "lat": 27.8,
    "lon": 93.6
  },
  {
    "partId": 556,
    "stateCode": "S02",
    "stateName": "Arunachal Pradesh",
    "districtCode": "S0205",
    "districtName": "LOWER SUBANSIRI",
    "acNumber": 16,
    "acName": "YACHULI",
    "partNumber": 5,
    "partName": "NEELAM",
    "lat": 27.8,
    "lon": 93.6
  },
  {
    "partId": 557,
    "stateCode": "S02",
    "stateName": "Arunachal Pradesh",
    "districtCode": "S0205",
    "districtName": "LOWER SUBANSIRI",
    "acNumber": 16,
    "acName": "YACHULI",
    "partNumber": 6,
    "partName": "EKHATAYA",
    "lat": 27.8,
    "lon": 93.6
  },
  {
    "partId": 558,
    "stateCode": "S02",
    "stateName": "Arunachal Pradesh",
    "districtCode": "S0205",
    "districtName": "LOWER SUBANSIRI",
    "acNumber": 16,
    "acName": "YACHULI",
    "partNumber": 7,
    "partName": "SEYA",
    "lat": 27.8,
    "lon": 93.6
  },
  {
    "partId": 559,
    "stateCode": "S02",
    "stateName": "Arunachal Pradesh",
    "districtCode": "S0205",
    "districtName": "LOWER SUBANSIRI",
    "acNumber": 16,
    "acName": "YACHULI",
    "partNumber": 8,
    "partName": "PANIA",
    "lat": 27.8,
    "lon": 93.6
  },
  {
    "partId": 560,
    "stateCode": "S02",
    "stateName": "Arunachal Pradesh",
    "districtCode": "S0205",
    "districtName": "LOWER SUBANSIRI",
    "acNumber": 16,
    "acName": "YACHULI",
    "partNumber": 9,
    "partName": "PISTANA",
    "lat": 27.8,
    "lon": 93.6
  },
  {
    "partId": 561,
    "stateCode": "S02",
    "stateName": "Arunachal Pradesh",
    "districtCode": "S0205",
    "districtName": "LOWER SUBANSIRI",
    "acNumber": 16,
    "acName": "YACHULI",
    "partNumber": 10,
    "partName": "BELO",
    "lat": 27.8,
    "lon": 93.6
  },
  {
    "partId": 562,
    "stateCode": "S02",
    "stateName": "Arunachal Pradesh",
    "districtCode": "S0205",
    "districtName": "LOWER SUBANSIRI",
    "acNumber": 16,
    "acName": "YACHULI",
    "partNumber": 11,
    "partName": "AMBAM",
    "lat": 27.8,
    "lon": 93.6
  },
  {
    "partId": 563,
    "stateCode": "S02",
    "stateName": "Arunachal Pradesh",
    "districtCode": "S0205",
    "districtName": "LOWER SUBANSIRI",
    "acNumber": 16,
    "acName": "YACHULI",
    "partNumber": 12,
    "partName": "PORU",
    "lat": 27.8,
    "lon": 93.6
  },
  {
    "partId": 564,
    "stateCode": "S02",
    "stateName": "Arunachal Pradesh",
    "districtCode": "S0205",
    "districtName": "LOWER SUBANSIRI",
    "acNumber": 16,
    "acName": "YACHULI",
    "partNumber": 13,
    "partName": "NAMA",
    "lat": 27.8,
    "lon": 93.6
  },
  {
    "partId": 565,
    "stateCode": "S02",
    "stateName": "Arunachal Pradesh",
    "districtCode": "S0205",
    "districtName": "LOWER SUBANSIRI",
    "acNumber": 16,
    "acName": "YACHULI",
    "partNumber": 14,
    "partName": "HARAK",
    "lat": 27.8,
    "lon": 93.6
  },
  {
    "partId": 566,
    "stateCode": "S02",
    "stateName": "Arunachal Pradesh",
    "districtCode": "S0205",
    "districtName": "LOWER SUBANSIRI",
    "acNumber": 16,
    "acName": "YACHULI",
    "partNumber": 15,
    "partName": "LOTH",
    "lat": 27.8,
    "lon": 93.6
  },
  {
    "partId": 567,
    "stateCode": "S02",
    "stateName": "Arunachal Pradesh",
    "districtCode": "S0205",
    "districtName": "LOWER SUBANSIRI",
    "acNumber": 16,
    "acName": "YACHULI",
    "partNumber": 16,
    "partName": "TAJGI",
    "lat": 27.8,
    "lon": 93.6
  },
  {
    "partId": 568,
    "stateCode": "S02",
    "stateName": "Arunachal Pradesh",
    "districtCode": "S0205",
    "districtName": "LOWER SUBANSIRI",
    "acNumber": 16,
    "acName": "YACHULI",
    "partNumber": 17,
    "partName": "LINIYA",
    "lat": 27.8,
    "lon": 93.6
  },
  {
    "partId": 569,
    "stateCode": "S02",
    "stateName": "Arunachal Pradesh",
    "districtCode": "S0205",
    "districtName": "LOWER SUBANSIRI",
    "acNumber": 16,
    "acName": "YACHULI",
    "partNumber": 18,
    "partName": "YOGLU",
    "lat": 27.8,
    "lon": 93.6
  },
  {
    "partId": 570,
    "stateCode": "S02",
    "stateName": "Arunachal Pradesh",
    "districtCode": "S0205",
    "districtName": "LOWER SUBANSIRI",
    "acNumber": 16,
    "acName": "YACHULI",
    "partNumber": 19,
    "partName": "ARIBU",
    "lat": 27.8,
    "lon": 93.6
  },
  {
    "partId": 571,
    "stateCode": "S02",
    "stateName": "Arunachal Pradesh",
    "districtCode": "S0205",
    "districtName": "LOWER SUBANSIRI",
    "acNumber": 16,
    "acName": "YACHULI",
    "partNumber": 20,
    "partName": "YAKHA",
    "lat": 27.8,
    "lon": 93.6
  },
  {
    "partId": 572,
    "stateCode": "S02",
    "stateName": "Arunachal Pradesh",
    "districtCode": "S0205",
    "districtName": "LOWER SUBANSIRI",
    "acNumber": 16,
    "acName": "YACHULI",
    "partNumber": 21,
    "partName": "TALO - I",
    "lat": 27.8,
    "lon": 93.6
  },
  {
    "partId": 573,
    "stateCode": "S02",
    "stateName": "Arunachal Pradesh",
    "districtCode": "S0205",
    "districtName": "LOWER SUBANSIRI",
    "acNumber": 16,
    "acName": "YACHULI",
    "partNumber": 22,
    "partName": "TILLI",
    "lat": 27.8,
    "lon": 93.6
  },
  {
    "partId": 574,
    "stateCode": "S02",
    "stateName": "Arunachal Pradesh",
    "districtCode": "S0205",
    "districtName": "LOWER SUBANSIRI",
    "acNumber": 16,
    "acName": "YACHULI",
    "partNumber": 23,
    "partName": "JORAM - I",
    "lat": 27.8,
    "lon": 93.6
  },
  {
    "partId": 575,
    "stateCode": "S02",
    "stateName": "Arunachal Pradesh",
    "districtCode": "S0205",
    "districtName": "LOWER SUBANSIRI",
    "acNumber": 16,
    "acName": "YACHULI",
    "partNumber": 24,
    "partName": "JORAM - II",
    "lat": 27.8,
    "lon": 93.6
  },
  {
    "partId": 576,
    "stateCode": "S02",
    "stateName": "Arunachal Pradesh",
    "districtCode": "S0205",
    "districtName": "LOWER SUBANSIRI",
    "acNumber": 16,
    "acName": "YACHULI",
    "partNumber": 25,
    "partName": "SEKHJARA",
    "lat": 27.8,
    "lon": 93.6
  },
  {
    "partId": 577,
    "stateCode": "S02",
    "stateName": "Arunachal Pradesh",
    "districtCode": "S0205",
    "districtName": "LOWER SUBANSIRI",
    "acNumber": 16,
    "acName": "YACHULI",
    "partNumber": 26,
    "partName": "MAI",
    "lat": 27.8,
    "lon": 93.6
  },
  {
    "partId": 578,
    "stateCode": "S02",
    "stateName": "Arunachal Pradesh",
    "districtCode": "S0205",
    "districtName": "LOWER SUBANSIRI",
    "acNumber": 16,
    "acName": "YACHULI",
    "partNumber": 27,
    "partName": "YACHULI-I",
    "lat": 27.8,
    "lon": 93.6
  },
  {
    "partId": 579,
    "stateCode": "S02",
    "stateName": "Arunachal Pradesh",
    "districtCode": "S0205",
    "districtName": "LOWER SUBANSIRI",
    "acNumber": 16,
    "acName": "YACHULI",
    "partNumber": 28,
    "partName": "TOON",
    "lat": 27.8,
    "lon": 93.6
  },
  {
    "partId": 580,
    "stateCode": "S02",
    "stateName": "Arunachal Pradesh",
    "districtCode": "S0205",
    "districtName": "LOWER SUBANSIRI",
    "acNumber": 16,
    "acName": "YACHULI",
    "partNumber": 29,
    "partName": "KOYAM",
    "lat": 27.8,
    "lon": 93.6
  },
  {
    "partId": 581,
    "stateCode": "S02",
    "stateName": "Arunachal Pradesh",
    "districtCode": "S0205",
    "districtName": "LOWER SUBANSIRI",
    "acNumber": 16,
    "acName": "YACHULI",
    "partNumber": 30,
    "partName": "DILLI",
    "lat": 27.8,
    "lon": 93.6
  },
  {
    "partId": 582,
    "stateCode": "S02",
    "stateName": "Arunachal Pradesh",
    "districtCode": "S0205",
    "districtName": "LOWER SUBANSIRI",
    "acNumber": 16,
    "acName": "YACHULI",
    "partNumber": 31,
    "partName": "LICHLIT",
    "lat": 27.8,
    "lon": 93.6
  },
  {
    "partId": 583,
    "stateCode": "S02",
    "stateName": "Arunachal Pradesh",
    "districtCode": "S0205",
    "districtName": "LOWER SUBANSIRI",
    "acNumber": 16,
    "acName": "YACHULI",
    "partNumber": 32,
    "partName": "DODO",
    "lat": 27.8,
    "lon": 93.6
  },
  {
    "partId": 584,
    "stateCode": "S02",
    "stateName": "Arunachal Pradesh",
    "districtCode": "S0205",
    "districtName": "LOWER SUBANSIRI",
    "acNumber": 16,
    "acName": "YACHULI",
    "partNumber": 33,
    "partName": "TAGO",
    "lat": 27.8,
    "lon": 93.6
  },
  {
    "partId": 585,
    "stateCode": "S02",
    "stateName": "Arunachal Pradesh",
    "districtCode": "S0205",
    "districtName": "LOWER SUBANSIRI",
    "acNumber": 16,
    "acName": "YACHULI",
    "partNumber": 34,
    "partName": "POCHU",
    "lat": 27.8,
    "lon": 93.6
  },
  {
    "partId": 586,
    "stateCode": "S02",
    "stateName": "Arunachal Pradesh",
    "districtCode": "S0205",
    "districtName": "LOWER SUBANSIRI",
    "acNumber": 16,
    "acName": "YACHULI",
    "partNumber": 35,
    "partName": "YAZALI - I",
    "lat": 27.8,
    "lon": 93.6
  },
  {
    "partId": 587,
    "stateCode": "S02",
    "stateName": "Arunachal Pradesh",
    "districtCode": "S0205",
    "districtName": "LOWER SUBANSIRI",
    "acNumber": 16,
    "acName": "YACHULI",
    "partNumber": 36,
    "partName": "TAKAMPASA",
    "lat": 27.8,
    "lon": 93.6
  },
  {
    "partId": 588,
    "stateCode": "S02",
    "stateName": "Arunachal Pradesh",
    "districtCode": "S0205",
    "districtName": "LOWER SUBANSIRI",
    "acNumber": 16,
    "acName": "YACHULI",
    "partNumber": 37,
    "partName": "YAZALI - II",
    "lat": 27.8,
    "lon": 93.6
  },
  {
    "partId": 589,
    "stateCode": "S02",
    "stateName": "Arunachal Pradesh",
    "districtCode": "S0205",
    "districtName": "LOWER SUBANSIRI",
    "acNumber": 16,
    "acName": "YACHULI",
    "partNumber": 38,
    "partName": "KEBI",
    "lat": 27.8,
    "lon": 93.6
  },
  {
    "partId": 590,
    "stateCode": "S02",
    "stateName": "Arunachal Pradesh",
    "districtCode": "S0205",
    "districtName": "LOWER SUBANSIRI",
    "acNumber": 16,
    "acName": "YACHULI",
    "partNumber": 39,
    "partName": "YOIZAT",
    "lat": 27.8,
    "lon": 93.6
  },
  {
    "partId": 591,
    "stateCode": "S02",
    "stateName": "Arunachal Pradesh",
    "districtCode": "S0205",
    "districtName": "LOWER SUBANSIRI",
    "acNumber": 16,
    "acName": "YACHULI",
    "partNumber": 40,
    "partName": "SEER",
    "lat": 27.8,
    "lon": 93.6
  },
  {
    "partId": 592,
    "stateCode": "S02",
    "stateName": "Arunachal Pradesh",
    "districtCode": "S0205",
    "districtName": "LOWER SUBANSIRI",
    "acNumber": 16,
    "acName": "YACHULI",
    "partNumber": 41,
    "partName": "PEETAPOOL",
    "lat": 27.8,
    "lon": 93.6
  },
  {
    "partId": 593,
    "stateCode": "S02",
    "stateName": "Arunachal Pradesh",
    "districtCode": "S0205",
    "districtName": "LOWER SUBANSIRI",
    "acNumber": 16,
    "acName": "YACHULI",
    "partNumber": 42,
    "partName": "CHULYU",
    "lat": 27.8,
    "lon": 93.6
  },
  {
    "partId": 594,
    "stateCode": "S02",
    "stateName": "Arunachal Pradesh",
    "districtCode": "S0205",
    "districtName": "LOWER SUBANSIRI",
    "acNumber": 16,
    "acName": "YACHULI",
    "partNumber": 43,
    "partName": "NEEPCO COLONY",
    "lat": 27.8,
    "lon": 93.6
  },
  {
    "partId": 595,
    "stateCode": "S02",
    "stateName": "Arunachal Pradesh",
    "districtCode": "S0205",
    "districtName": "LOWER SUBANSIRI",
    "acNumber": 16,
    "acName": "YACHULI",
    "partNumber": 44,
    "partName": "POTIN",
    "lat": 27.8,
    "lon": 93.6
  },
  {
    "partId": 596,
    "stateCode": "S02",
    "stateName": "Arunachal Pradesh",
    "districtCode": "S0205",
    "districtName": "LOWER SUBANSIRI",
    "acNumber": 17,
    "acName": "ZIRO HAPOLI",
    "partNumber": 1,
    "partName": "OLD ZIRO - I",
    "lat": 27.5388322,
    "lon": 93.8223892
  },
  {
    "partId": 597,
    "stateCode": "S02",
    "stateName": "Arunachal Pradesh",
    "districtCode": "S0205",
    "districtName": "LOWER SUBANSIRI",
    "acNumber": 17,
    "acName": "ZIRO HAPOLI",
    "partNumber": 2,
    "partName": "OLD ZIRO - II",
    "lat": 27.5388322,
    "lon": 93.8223892
  },
  {
    "partId": 598,
    "stateCode": "S02",
    "stateName": "Arunachal Pradesh",
    "districtCode": "S0205",
    "districtName": "LOWER SUBANSIRI",
    "acNumber": 17,
    "acName": "ZIRO HAPOLI",
    "partNumber": 3,
    "partName": "OLD ZIRO - III",
    "lat": 27.5388322,
    "lon": 93.8223892
  },
  {
    "partId": 599,
    "stateCode": "S02",
    "stateName": "Arunachal Pradesh",
    "districtCode": "S0205",
    "districtName": "LOWER SUBANSIRI",
    "acNumber": 17,
    "acName": "ZIRO HAPOLI",
    "partNumber": 4,
    "partName": "LEMPIA",
    "lat": 27.5388322,
    "lon": 93.8223892
  },
  {
    "partId": 600,
    "stateCode": "S02",
    "stateName": "Arunachal Pradesh",
    "districtCode": "S0205",
    "districtName": "LOWER SUBANSIRI",
    "acNumber": 17,
    "acName": "ZIRO HAPOLI",
    "partNumber": 5,
    "partName": "TAJANG",
    "lat": 27.5388322,
    "lon": 93.8223892
  },
  {
    "partId": 601,
    "stateCode": "S02",
    "stateName": "Arunachal Pradesh",
    "districtCode": "S0205",
    "districtName": "LOWER SUBANSIRI",
    "acNumber": 17,
    "acName": "ZIRO HAPOLI",
    "partNumber": 6,
    "partName": "RERU - I",
    "lat": 27.5388322,
    "lon": 93.8223892
  },
  {
    "partId": 602,
    "stateCode": "S02",
    "stateName": "Arunachal Pradesh",
    "districtCode": "S0205",
    "districtName": "LOWER SUBANSIRI",
    "acNumber": 17,
    "acName": "ZIRO HAPOLI",
    "partNumber": 7,
    "partName": "RERU - II",
    "lat": 27.5388322,
    "lon": 93.8223892
  },
  {
    "partId": 603,
    "stateCode": "S02",
    "stateName": "Arunachal Pradesh",
    "districtCode": "S0205",
    "districtName": "LOWER SUBANSIRI",
    "acNumber": 17,
    "acName": "ZIRO HAPOLI",
    "partNumber": 8,
    "partName": "RERU - III",
    "lat": 27.5388322,
    "lon": 93.8223892
  },
  {
    "partId": 604,
    "stateCode": "S02",
    "stateName": "Arunachal Pradesh",
    "districtCode": "S0205",
    "districtName": "LOWER SUBANSIRI",
    "acNumber": 17,
    "acName": "ZIRO HAPOLI",
    "partNumber": 9,
    "partName": "KALUNG",
    "lat": 27.5388322,
    "lon": 93.8223892
  },
  {
    "partId": 605,
    "stateCode": "S02",
    "stateName": "Arunachal Pradesh",
    "districtCode": "S0205",
    "districtName": "LOWER SUBANSIRI",
    "acNumber": 17,
    "acName": "ZIRO HAPOLI",
    "partNumber": 10,
    "partName": "HIJA - I",
    "lat": 27.5388322,
    "lon": 93.8223892
  },
  {
    "partId": 606,
    "stateCode": "S02",
    "stateName": "Arunachal Pradesh",
    "districtCode": "S0205",
    "districtName": "LOWER SUBANSIRI",
    "acNumber": 17,
    "acName": "ZIRO HAPOLI",
    "partNumber": 11,
    "partName": "HIJA - II",
    "lat": 27.5388322,
    "lon": 93.8223892
  },
  {
    "partId": 607,
    "stateCode": "S02",
    "stateName": "Arunachal Pradesh",
    "districtCode": "S0205",
    "districtName": "LOWER SUBANSIRI",
    "acNumber": 17,
    "acName": "ZIRO HAPOLI",
    "partNumber": 12,
    "partName": "DUTTA",
    "lat": 27.5388322,
    "lon": 93.8223892
  },
  {
    "partId": 608,
    "stateCode": "S02",
    "stateName": "Arunachal Pradesh",
    "districtCode": "S0205",
    "districtName": "LOWER SUBANSIRI",
    "acNumber": 17,
    "acName": "ZIRO HAPOLI",
    "partNumber": 13,
    "partName": "HARI - A",
    "lat": 27.5388322,
    "lon": 93.8223892
  },
  {
    "partId": 609,
    "stateCode": "S02",
    "stateName": "Arunachal Pradesh",
    "districtCode": "S0205",
    "districtName": "LOWER SUBANSIRI",
    "acNumber": 17,
    "acName": "ZIRO HAPOLI",
    "partNumber": 14,
    "partName": "HARI - B",
    "lat": 27.5388322,
    "lon": 93.8223892
  },
  {
    "partId": 610,
    "stateCode": "S02",
    "stateName": "Arunachal Pradesh",
    "districtCode": "S0205",
    "districtName": "LOWER SUBANSIRI",
    "acNumber": 17,
    "acName": "ZIRO HAPOLI",
    "partNumber": 15,
    "partName": "HARI - C",
    "lat": 27.5388322,
    "lon": 93.8223892
  },
  {
    "partId": 611,
    "stateCode": "S02",
    "stateName": "Arunachal Pradesh",
    "districtCode": "S0205",
    "districtName": "LOWER SUBANSIRI",
    "acNumber": 17,
    "acName": "ZIRO HAPOLI",
    "partNumber": 16,
    "partName": "DIBO",
    "lat": 27.5388322,
    "lon": 93.8223892
  },
  {
    "partId": 612,
    "stateCode": "S02",
    "stateName": "Arunachal Pradesh",
    "districtCode": "S0205",
    "districtName": "LOWER SUBANSIRI",
    "acNumber": 17,
    "acName": "ZIRO HAPOLI",
    "partNumber": 17,
    "partName": "MICHI BAMIN",
    "lat": 27.5388322,
    "lon": 93.8223892
  },
  {
    "partId": 613,
    "stateCode": "S02",
    "stateName": "Arunachal Pradesh",
    "districtCode": "S0205",
    "districtName": "LOWER SUBANSIRI",
    "acNumber": 17,
    "acName": "ZIRO HAPOLI",
    "partNumber": 18,
    "partName": "HONG - 1(A)",
    "lat": 27.5388322,
    "lon": 93.8223892
  },
  {
    "partId": 614,
    "stateCode": "S02",
    "stateName": "Arunachal Pradesh",
    "districtCode": "S0205",
    "districtName": "LOWER SUBANSIRI",
    "acNumber": 17,
    "acName": "ZIRO HAPOLI",
    "partNumber": 19,
    "partName": "HONG - 2(B)",
    "lat": 27.5388322,
    "lon": 93.8223892
  },
  {
    "partId": 615,
    "stateCode": "S02",
    "stateName": "Arunachal Pradesh",
    "districtCode": "S0205",
    "districtName": "LOWER SUBANSIRI",
    "acNumber": 17,
    "acName": "ZIRO HAPOLI",
    "partNumber": 20,
    "partName": "HONG - 3 ( C )",
    "lat": 27.5388322,
    "lon": 93.8223892
  },
  {
    "partId": 616,
    "stateCode": "S02",
    "stateName": "Arunachal Pradesh",
    "districtCode": "S0205",
    "districtName": "LOWER SUBANSIRI",
    "acNumber": 17,
    "acName": "ZIRO HAPOLI",
    "partNumber": 21,
    "partName": "HONG - 4(D)",
    "lat": 27.5388322,
    "lon": 93.8223892
  },
  {
    "partId": 617,
    "stateCode": "S02",
    "stateName": "Arunachal Pradesh",
    "districtCode": "S0205",
    "districtName": "LOWER SUBANSIRI",
    "acNumber": 17,
    "acName": "ZIRO HAPOLI",
    "partNumber": 22,
    "partName": "SIRO",
    "lat": 27.5388322,
    "lon": 93.8223892
  },
  {
    "partId": 618,
    "stateCode": "S02",
    "stateName": "Arunachal Pradesh",
    "districtCode": "S0205",
    "districtName": "LOWER SUBANSIRI",
    "acNumber": 17,
    "acName": "ZIRO HAPOLI",
    "partNumber": 23,
    "partName": "HAPOLI - I",
    "lat": 27.8,
    "lon": 93.6
  },
  {
    "partId": 619,
    "stateCode": "S02",
    "stateName": "Arunachal Pradesh",
    "districtCode": "S0205",
    "districtName": "LOWER SUBANSIRI",
    "acNumber": 17,
    "acName": "ZIRO HAPOLI",
    "partNumber": 24,
    "partName": "HAPOLI - II",
    "lat": 27.5388322,
    "lon": 93.8223892
  },
  {
    "partId": 620,
    "stateCode": "S02",
    "stateName": "Arunachal Pradesh",
    "districtCode": "S0205",
    "districtName": "LOWER SUBANSIRI",
    "acNumber": 17,
    "acName": "ZIRO HAPOLI",
    "partNumber": 25,
    "partName": "HAPOLI - III",
    "lat": 27.5388322,
    "lon": 93.8223892
  },
  {
    "partId": 621,
    "stateCode": "S02",
    "stateName": "Arunachal Pradesh",
    "districtCode": "S0205",
    "districtName": "LOWER SUBANSIRI",
    "acNumber": 17,
    "acName": "ZIRO HAPOLI",
    "partNumber": 26,
    "partName": "HAPOLI - IV",
    "lat": 27.5388322,
    "lon": 93.8223892
  },
  {
    "partId": 622,
    "stateCode": "S02",
    "stateName": "Arunachal Pradesh",
    "districtCode": "S0205",
    "districtName": "LOWER SUBANSIRI",
    "acNumber": 17,
    "acName": "ZIRO HAPOLI",
    "partNumber": 27,
    "partName": "HAPOLI - V",
    "lat": 27.8,
    "lon": 93.6
  },
  {
    "partId": 623,
    "stateCode": "S02",
    "stateName": "Arunachal Pradesh",
    "districtCode": "S0205",
    "districtName": "LOWER SUBANSIRI",
    "acNumber": 17,
    "acName": "ZIRO HAPOLI",
    "partNumber": 28,
    "partName": "HAPOLI - VI",
    "lat": 27.5388322,
    "lon": 93.8223892
  },
  {
    "partId": 624,
    "stateCode": "S02",
    "stateName": "Arunachal Pradesh",
    "districtCode": "S0205",
    "districtName": "LOWER SUBANSIRI",
    "acNumber": 17,
    "acName": "ZIRO HAPOLI",
    "partNumber": 29,
    "partName": "HAPOLI - VII",
    "lat": 27.5388322,
    "lon": 93.8223892
  }
]