[
  {
    "partId": 1074,
    "stateCode": "S02",
    "stateName": "Arunachal Pradesh",
    "districtCode": "S0222",
    "districtName": "LOWER SIANG",
    "acNumber": 28,
    "acName": "LIKABALI",
    "partNumber": 1,
    "partName": "BOMTE",
    "lat": 27.0844,
    "lon": 93.6053
  },
  {
    "partId": 1075,
    "stateCode": "S02",
    "stateName": "Arunachal Pradesh",
    "districtCode": "S0222",
    "districtName": "LOWER SIANG",
    "acNumber": 28,
    "acName": "LIKABALI",
    "partNumber": 2,
    "partName": "GARU",
    "lat": 27.0844,
    "lon": 93.6053
  },
  {
    "partId": 1076,
    "stateCode": "S02",
    "stateName": "Arunachal Pradesh",
    "districtCode": "S0222",
    "districtName": "LOWER SIANG",
    "acNumber": 28,
    "acName": "LIKABALI",
    "partNumber": 3,
    "partName": "TAKSO",
    "lat": 27.0844,
    "lon": 93.6053
  },
  {
    "partId": 1077,
    "stateCode": "S02",
    "stateName": "Arunachal Pradesh",
    "districtCode": "S0222",
    "districtName": "LOWER SIANG",
    "acNumber": 28,
    "acName": "LIKABALI",
    "partNumber": 4,
    "partName": "GENSI",
    "lat": 27.0844,
    "lon": 93.6053
  },
  {
    "partId": 1078,
    "stateCode": "S02",
    "stateName": "Arunachal Pradesh",
    "districtCode": "S0222",
    "districtName": "LOWER SIANG",
    "acNumber": 28,
    "acName": "LIKABALI",
    "partNumber": 5,
    "partName": "BIGI",
    "lat": 27.0844,
    "lon": 93.6053
  },
  {
    "partId": 1079,
    "stateCode": "S02",
    "stateName": "Arunachal Pradesh",
    "districtCode": "S0222",
    "districtName": "LOWER SIANG",
    "acNumber": 28,
    "acName": "LIKABALI",
    "partNumber": 6,
    "partName": "TATAMORI",
    "lat": 27.0844,
    "lon": 93.6053
  },
  {
    "partId": 1080,
    "stateCode": "S02",
    "stateName": "Arunachal Pradesh",
    "districtCode": "S0222",
    "districtName": "LOWER SIANG",
    "acNumber": 28,
    "acName": "LIKABALI",
    "partNumber": 7,
    "partName": "TARAMORI",
    "lat": 27.0844,
    "lon": 93.6053
  },
  {
    "partId": 1081,
    "stateCode": "S02",
    "stateName": "Arunachal Pradesh",
    "districtCode": "S0222",
    "districtName": "LOWER SIANG",
    "acNumber": 28,
    "acName": "LIKABALI",
    "partNumber": 8,
    "partName": "LITEMORI",
    "lat": 27.0844,
    "lon": 93.6053
  },
  {
    "partId": 1082,
    "stateCode": "S02",
    "stateName": "Arunachal Pradesh",
    "districtCode": "S0222",
    "districtName": "LOWER SIANG",
    "acNumber": 28,
    "acName": "LIKABALI",
    "partNumber": 9,
    "partName": "RINGI",
    "lat": 27.0844,
    "lon": 93.6053
  },
  {
    "partId": 1083,
    "stateCode": "S02",
    "stateName": "Arunachal Pradesh",
    "districtCode": "S0222",
    "districtName": "LOWER SIANG",
    "acNumber": 28,
    "acName": "LIKABALI",
    "partNumber": 10,
    "partName": "PAIMORI",
    "lat": 27.0844,
    "lon": 93.6053
  },
  {
    "partId": 1084,
    "stateCode": "S02",
    "stateName": "Arunachal Pradesh",
    "districtCode": "S0222",
    "districtName": "LOWER SIANG",
    "acNumber": 28,
    "acName": "LIKABALI",
    "partNumber": 11,
    "partName": "DIBE",
    "lat": 27.0844,
    "lon": 93.6053
  },
  {
    "partId": 1085,
    "stateCode": "S02",
    "stateName": "Arunachal Pradesh",
    "districtCode": "S0222",
    "districtName": "LOWER SIANG",
    "acNumber": 28,
    "acName": "LIKABALI",
    "partNumber": 12,
    "partName": "YACHUGI",
    "lat": 27.0844,
    "lon": 93.6053
  },
  {
    "partId": 1086,
    "stateCode": "S02",
    "stateName": "Arunachal Pradesh",
    "districtCode": "S0222",
    "districtName": "LOWER SIANG",
    "acNumber": 28,
    "acName": "LIKABALI",
    "partNumber": 13,
    "partName": "SIBE",
    "lat": 27.0844,
    "lon": 93.6053
  },
  {
    "partId": 1087,
    "stateCode": "S02",
    "stateName": "Arunachal Pradesh",
    "districtCode": "S0222",
    "districtName": "LOWER SIANG",
    "acNumber": 28,
    "acName": "LIKABALI",
    "partNumber": 14,
    "partName": "SIBERITE",
    "lat": 27.0844,
    "lon": 93.6053
  },
  {
    "partId": 1088,
    "stateCode": "S02",
    "stateName": "Arunachal Pradesh",
    "districtCode": "S0222",
    "districtName": "LOWER SIANG",
    "acNumber": 28,
    "acName": "LIKABALI",
    "partNumber": 15,
    "partName": "TANGO",
    "lat": 27.0844,
    "lon": 93.6053
  },
  {
    "partId": 1089,
    "stateCode": "S02",
    "stateName": "Arunachal Pradesh",
    "districtCode": "S0222",
    "districtName": "LOWER SIANG",
    "acNumber": 28,
    "acName": "LIKABALI",
    "partNumber": 16,
    "partName": "LIDUK",
    "lat": 27.0844,
    "lon": 93.6053
  },
  {
    "partId": 1090,
    "stateCode": "S02",
    "stateName": "Arunachal Pradesh",
    "districtCode": "S0222",
    "districtName": "LOWER SIANG",
    "acNumber": 28,
    "acName": "LIKABALI",
    "partNumber": 17,
    "partName": "DURPAI",
    "lat": 27.0844,
    "lon": 93.6053
  },
  {
    "partId": 1091,
    "stateCode": "S02",
    "stateName": "Arunachal Pradesh",
    "districtCode": "S0222",
    "districtName": "LOWER SIANG",
    "acNumber": 28,
    "acName": "LIKABALI",
    "partNumber": 18,
    "partName": "TORAJAN",
    "lat": 27.0844,
    "lon": 93.6053
  },
  {
    "partId": 1092,
    "stateCode": "S02",
    "stateName": "Arunachal Pradesh",
    "districtCode": "S0222",
    "districtName": "LOWER SIANG",
    "acNumber": 28,
    "acName": "LIKABALI",
    "partNumber": 19,
    "partName": "RICHERITE",
    "lat": 27.0844,
    "lon": 93.6053
  },
  {
    "partId": 1093,
    "stateCode": "S02",
    "stateName": "Arunachal Pradesh",
    "districtCode": "S0222",
    "districtName": "LOWER SIANG",
    "acNumber": 28,
    "acName": "LIKABALI",
    "partNumber": 20,
    "partName": "SOGUM",
    "lat": 27.0844,
    "lon": 93.6053
  },
  {
    "partId": 1094,
    "stateCode": "S02",
    "stateName": "Arunachal Pradesh",
    "districtCode": "S0222",
    "districtName": "LOWER SIANG",
    "acNumber": 28,
    "acName": "LIKABALI",
    "partNumber": 21,
    "partName": "KANGKU",
    "lat": 27.0844,
    "lon": 93.6053
  },
  {
    "partId": 1095,
    "stateCode": "S02",
    "stateName": "Arunachal Pradesh",
    "districtCode": "S0222",
    "districtName": "LOWER SIANG",
    "acNumber": 28,
    "acName": "LIKABALI",
    "partNumber": 22,
    "partName": "BALISORI",
    "lat": 27.0844,
    "lon": 93.6053
  },
  {
    "partId": 1096,
    "stateCode": "S02",
    "stateName": "Arunachal Pradesh",
    "districtCode": "S0222",
    "districtName": "LOWER SIANG",
    "acNumber": 28,
    "acName": "LIKABALI",
    "partNumber": 23,
    "partName": "NGOPI",
    "lat": 27.0844,
    "lon": 93.6053
  },
  {
    "partId": 1097,
    "stateCode": "S02",
    "stateName": "Arunachal Pradesh",
    "districtCode": "S0222",
    "districtName": "LOWER SIANG",
    "acNumber": 28,
    "acName": "LIKABALI",
    "partNumber": 24,
    "partName": "UPPER BORAJAN",
    "lat": 27.0844,
    "lon": 93.6053
  },
  {
    "partId": 1098,
    "stateCode": "S02",
    "stateName": "Arunachal Pradesh",
    "districtCode": "S0222",
    "districtName": "LOWER SIANG",
    "acNumber": 28,
    "acName": "LIKABALI",
    "partNumber": 25,
    "partName": "KAMCHAM",
    "lat": 27.0844,
    "lon": 93.6053
  },
  {
    "partId": 1099,
    "stateCode": "S02",
    "stateName": "Arunachal Pradesh",
    "districtCode": "S0222",
    "districtName": "LOWER SIANG",
    "acNumber": 28,
    "acName": "LIKABALI",
    "partNumber": 26,
    "partName": "LIKABALI",
    "lat": 27.0844,
    "lon": 93.6053
  },
  {
    "partId": 1100,
    "stateCode": "S02",
    "stateName": "Arunachal Pradesh",
    "districtCode": "S0222",
    "districtName": "LOWER SIANG",
    "acNumber": 28,
    "acName": "LIKABALI",
    "partNumber": 27,
    "partName": "LIRU",
    "lat": 27.0844,
    "lon": 93.6053
  },
  {
    "partId": 1101,
    "stateCode": "S02",
    "stateName": "Arunachal Pradesh",
    "districtCode": "S0222",
    "districtName": "LOWER SIANG",
    "acNumber": 28,
    "acName": "LIKABALI",
    "partNumber": 28,
    "partName": "LIPU",
    "lat": 27.0844,
    "lon": 93.6053
  },
  {
    "partId": 1102,
    "stateCode": "S02",
    "stateName": "Arunachal Pradesh",
    "districtCode": "S0222",
    "districtName": "LOWER SIANG",
    "acNumber": 28,
    "acName": "LIKABALI",
    "partNumber": 29,
    "partName": "UPPER LIKABALI",
    "lat": 27.0844,
    "lon": 93.6053
  },
  {
    "partId": 1103,
    "stateCode": "S02",
    "stateName": "Arunachal Pradesh",
    "districtCode": "S0222",
    "districtName": "LOWER SIANG",
    "acNumber": 28,
    "acName": "LIKABALI",
    "partNumber": 30,
    "partName": "GOGAR",
    "lat": 27.0844,
    "lon": 93.6053
  },
  {
    "partId": 1104,
    "stateCode": "S02",
    "stateName": "Arunachal Pradesh",
    "districtCode": "S0222",
    "districtName": "LOWER SIANG",
    "acNumber": 28,
    "acName": "LIKABALI",
    "partNumber": 31,
    "partName": "SIJI",
    "lat": 27.0844,
    "lon": 93.6053
  },
  {
    "partId": 1105,
    "stateCode": "S02",
    "stateName": "Arunachal Pradesh",
    "districtCode": "S0222",
    "districtName": "LOWER SIANG",
    "acNumber": 28,
    "acName": "LIKABALI",
    "partNumber": 32,
    "partName": "MAGI",
    "lat": 27.0844,
    "lon": 93.6053
  },
  {
    "partId": 1106,
    "stateCode": "S02",
    "stateName": "Arunachal Pradesh",
    "districtCode": "S0222",
    "districtName": "LOWER SIANG",
    "acNumber": 28,
    "acName": "LIKABALI",
    "partNumber": 33,
    "partName": "BALI",
    "lat": 27.0844,
    "lon": 93.6053
  },
  {
    "partId": 1107,
    "stateCode": "S02",
    "stateName": "Arunachal Pradesh",
    "districtCode": "S0222",
    "districtName": "LOWER SIANG",
    "acNumber": 28,
    "acName": "LIKABALI",
    "partNumber": 34,
    "partName": "NILOK",
    "lat": 27.0844,
    "lon": 93.6053
  },
  {
    "partId": 1108,
    "stateCode": "S02",
    "stateName": "Arunachal Pradesh",
    "districtCode": "S0222",
    "districtName": "LOWER SIANG",
    "acNumber": 28,
    "acName": "LIKABALI",
    "partNumber": 35,
    "partName": "SILLI",
    "lat": 27.0844,
    "lon": 93.6053
  },
  {
    "partId": 1109,
    "stateCode": "S02",
    "stateName": "Arunachal Pradesh",
    "districtCode": "S0222",
    "districtName": "LOWER SIANG",
    "acNumber": 28,
    "acName": "LIKABALI",
    "partNumber": 36,
    "partName": "PALE",
    "lat": 27.0844,
    "lon": 93.6053
  },
  {
    "partId": 1110,
    "stateCode": "S02",
    "stateName": "Arunachal Pradesh",
    "districtCode": "S0222",
    "districtName": "LOWER SIANG",
    "acNumber": 28,
    "acName": "LIKABALI",
    "partNumber": 37,
    "partName": "KUNTOR",
    "lat": 27.0844,
    "lon": 93.6053
  },
  {
    "partId": 1111,
    "stateCode": "S02",
    "stateName": "Arunachal Pradesh",
    "districtCode": "S0222",
    "districtName": "LOWER SIANG",
    "acNumber": 28,
    "acName": "LIKABALI",
    "partNumber": 38,
    "partName": "DIPA",
    "lat": 27.0844,
    "lon": 93.6053
  },
  {
    "partId": 1112,
    "stateCode": "S02",
    "stateName": "Arunachal Pradesh",
    "districtCode": "S0222",
    "districtName": "LOWER SIANG",
    "acNumber": 28,
    "acName": "LIKABALI",
    "partNumber": 39,
    "partName": "KANE",
    "lat": 27.0844,
    "lon": 93.6053
  },
  {
    "partId": 1381,
    "stateCode": "S02",
    "stateName": "Arunachal Pradesh",
    "districtCode": "S0222",
    "districtName": "LOWER SIANG",
    "acNumber": 36,
    "acName": "NARI-KOYU",
    "partNumber": 1,
    "partName": "KORANG",
    "lat": 27.0844,
    "lon": 93.6053
  },
  {
    "partId": 1382,
    "stateCode": "S02",
    "stateName": "Arunachal Pradesh",
    "districtCode": "S0222",
    "districtName": "LOWER SIANG",
    "acNumber": 36,
    "acName": "NARI-KOYU",
    "partNumber": 2,
    "partName": "SIDO",
    "lat": 27.0844,
    "lon": 93.6053
  },
  {
    "partId": 1383,
    "stateCode": "S02",
    "stateName": "Arunachal Pradesh",
    "districtCode": "S0222",
    "districtName": "LOWER SIANG",
    "acNumber": 36,
    "acName": "NARI-KOYU",
    "partNumber": 3,
    "partName": "MANE",
    "lat": 27.0844,
    "lon": 93.6053
  },
  {
    "partId": 1384,
    "stateCode": "S02",
    "stateName": "Arunachal Pradesh",
    "districtCode": "S0222",
    "districtName": "LOWER SIANG",
    "acNumber": 36,
    "acName": "NARI-KOYU",
    "partNumber": 4,
    "partName": "KOYU VILLAGE",
    "lat": 27.0844,
    "lon": 93.6053
  },
  {
    "partId": 1385,
    "stateCode": "S02",
    "stateName": "Arunachal Pradesh",
    "districtCode": "S0222",
    "districtName": "LOWER SIANG",
    "acNumber": 36,
    "acName": "NARI-KOYU",
    "partNumber": 5,
    "partName": "KOYU HQ",
    "lat": 27.0844,
    "lon": 93.6053
  },
  {
    "partId": 1386,
    "stateCode": "S02",
    "stateName": "Arunachal Pradesh",
    "districtCode": "S0222",
    "districtName": "LOWER SIANG",
    "acNumber": 36,
    "acName": "NARI-KOYU",
    "partNumber": 6,
    "partName": "KAKKI",
    "lat": 27.0844,
    "lon": 93.6053
  },
  {
    "partId": 1387,
    "stateCode": "S02",
    "stateName": "Arunachal Pradesh",
    "districtCode": "S0222",
    "districtName": "LOWER SIANG",
    "acNumber": 36,
    "acName": "NARI-KOYU",
    "partNumber": 7,
    "partName": "SIPU",
    "lat": 27.0844,
    "lon": 93.6053
  },
  {
    "partId": 1388,
    "stateCode": "S02",
    "stateName": "Arunachal Pradesh",
    "districtCode": "S0222",
    "districtName": "LOWER SIANG",
    "acNumber": 36,
    "acName": "NARI-KOYU",
    "partNumber": 8,
    "partName": "ROTTE",
    "lat": 27.0844,
    "lon": 93.6053
  },
  {
    "partId": 1389,
    "stateCode": "S02",
    "stateName": "Arunachal Pradesh",
    "districtCode": "S0222",
    "districtName": "LOWER SIANG",
    "acNumber": 36,
    "acName": "NARI-KOYU",
    "partNumber": 9,
    "partName": "RINA",
    "lat": 27.0844,
    "lon": 93.6053
  },
  {
    "partId": 1390,
    "stateCode": "S02",
    "stateName": "Arunachal Pradesh",
    "districtCode": "S0222",
    "districtName": "LOWER SIANG",
    "acNumber": 36,
    "acName": "NARI-KOYU",
    "partNumber": 10,
    "partName": "HIPPO",
    "lat": 27.0844,
    "lon": 93.6053
  },
  {
    "partId": 1391,
    "stateCode": "S02",
    "stateName": "Arunachal Pradesh",
    "districtCode": "S0222",
    "districtName": "LOWER SIANG",
    "acNumber": 36,
    "acName": "NARI-KOYU",
    "partNumber": 11,
    "partName": "LOGLU",
    "lat": 27.0844,
    "lon": 93.6053
  },
  {
    "partId": 1392,
    "stateCode": "S02",
    "stateName": "Arunachal Pradesh",
    "districtCode": "S0222",
    "districtName": "LOWER SIANG",
    "acNumber": 36,
    "acName": "NARI-KOYU",
    "partNumber": 12,
    "partName": "SAKU",
    "lat": 27.0844,
    "lon": 93.6053
  },
  {
    "partId": 1393,
    "stateCode": "S02",
    "stateName": "Arunachal Pradesh",
    "districtCode": "S0222",
    "districtName": "LOWER SIANG",
    "acNumber": 36,
    "acName": "NARI-KOYU",
    "partNumber": 13,
    "partName": "JATE",
    "lat": 27.0844,
    "lon": 93.6053
  },
  {
    "partId": 1394,
    "stateCode": "S02",
    "stateName": "Arunachal Pradesh",
    "districtCode": "S0222",
    "districtName": "LOWER SIANG",
    "acNumber": 36,
    "acName": "NARI-KOYU",
    "partNumber": 14,
    "partName": "TABIRIPO",
    "lat": 27.0844,
    "lon": 93.6053
  },
  {
    "partId": 1395,
    "stateCode": "S02",
    "stateName": "Arunachal Pradesh",
    "districtCode": "S0222",
    "districtName": "LOWER SIANG",
    "acNumber": 36,
    "acName": "NARI-KOYU",
    "partNumber": 15,
    "partName": "LIPIN",
    "lat": 27.0844,
    "lon": 93.6053
  },
  {
    "partId": 1396,
    "stateCode": "S02",
    "stateName": "Arunachal Pradesh",
    "districtCode": "S0222",
    "districtName": "LOWER SIANG",
    "acNumber": 36,
    "acName": "NARI-KOYU",
    "partNumber": 16,
    "partName": "NEW SEREN",
    "lat": 27.0844,
    "lon": 93.6053
  },
  {
    "partId": 1397,
    "stateCode": "S02",
    "stateName": "Arunachal Pradesh",
    "districtCode": "S0222",
    "districtName": "LOWER SIANG",
    "acNumber": 36,
    "acName": "NARI-KOYU",
    "partNumber": 17,
    "partName": "SEREN",
    "lat": 27.0844,
    "lon": 93.6053
  },
  {
    "partId": 1398,
    "stateCode": "S02",
    "stateName": "Arunachal Pradesh",
    "districtCode": "S0222",
    "districtName": "LOWER SIANG",
    "acNumber": 36,
    "acName": "NARI-KOYU",
    "partNumber": 18,
    "partName": "PAM",
    "lat": 27.0844,
    "lon": 93.6053
  },
  {
    "partId": 1399,
    "stateCode": "S02",
    "stateName": "Arunachal Pradesh",
    "districtCode": "S0222",
    "districtName": "LOWER SIANG",
    "acNumber": 36,
    "acName": "NARI-KOYU",
    "partNumber": 19,
    "partName": "OLD DEKA",
    "lat": 27.0844,
    "lon": 93.6053
  },
  {
    "partId": 1400,
    "stateCode": "S02",
    "stateName": "Arunachal Pradesh",
    "districtCode": "S0222",
    "districtName": "LOWER SIANG",
    "acNumber": 36,
    "acName": "NARI-KOYU",
    "partNumber": 20,
    "partName": "NEW DEKA",
    "lat": 27.0844,
    "lon": 93.6053
  },
  {
    "partId": 1401,
    "stateCode": "S02",
    "stateName": "Arunachal Pradesh",
    "districtCode": "S0222",
    "districtName": "LOWER SIANG",
    "acNumber": 36,
    "acName": "NARI-KOYU",
    "partNumber": 21,
    "partName": "POTTE",
    "lat": 27.0844,
    "lon": 93.6053
  },
  {
    "partId": 1402,
    "stateCode": "S02",
    "stateName": "Arunachal Pradesh",
    "districtCode": "S0222",
    "districtName": "LOWER SIANG",
    "acNumber": 36,
    "acName": "NARI-KOYU",
    "partNumber": 22,
    "partName": "NEW TELAM",
    "lat": 27.0844,
    "lon": 93.6053
  },
  {
    "partId": 1403,
    "stateCode": "S02",
    "stateName": "Arunachal Pradesh",
    "districtCode": "S0222",
    "districtName": "LOWER SIANG",
    "acNumber": 36,
    "acName": "NARI-KOYU",
    "partNumber": 23,
    "partName": "TELAM VILLAGE",
    "lat": 27.0844,
    "lon": 93.6053
  },
  {
    "partId": 1404,
    "stateCode": "S02",
    "stateName": "Arunachal Pradesh",
    "districtCode": "S0222",
    "districtName": "LOWER SIANG",
    "acNumber": 36,
    "acName": "NARI-KOYU",
    "partNumber": 24,
    "partName": "NARI",
    "lat": 27.0844,
    "lon": 93.6053
  },
  {
    "partId": 1405,
    "stateCode": "S02",
    "stateName": "Arunachal Pradesh",
    "districtCode": "S0222",
    "districtName": "LOWER SIANG",
    "acNumber": 36,
    "acName": "NARI-KOYU",
    "partNumber": 25,
    "partName": "NARI HQ",
    "lat": 27.0844,
    "lon": 93.6053
  },
  {
    "partId": 1406,
    "stateCode": "S02",
    "stateName": "Arunachal Pradesh",
    "districtCode": "S0222",
    "districtName": "LOWER SIANG",
    "acNumber": 36,
    "acName": "NARI-KOYU",
    "partNumber": 26,
    "partName": "LUMPO",
    "lat": 27.0844,
    "lon": 93.6053
  },
  {
    "partId": 1407,
    "stateCode": "S02",
    "stateName": "Arunachal Pradesh",
    "districtCode": "S0222",
    "districtName": "LOWER SIANG",
    "acNumber": 36,
    "acName": "NARI-KOYU",
    "partNumber": 27,
    "partName": "NAMEY",
    "lat": 27.0844,
    "lon": 93.6053
  },
  {
    "partId": 1408,
    "stateCode": "S02",
    "stateName": "Arunachal Pradesh",
    "districtCode": "S0222",
    "districtName": "LOWER SIANG",
    "acNumber": 36,
    "acName": "NARI-KOYU",
    "partNumber": 28,
    "partName": "DEPI",
    "lat": 27.0844,
    "lon": 93.6053
  },
  {
    "partId": 1409,
    "stateCode": "S02",
    "stateName": "Arunachal Pradesh",
    "districtCode": "S0222",
    "districtName": "LOWER SIANG",
    "acNumber": 36,
    "acName": "NARI-KOYU",
    "partNumber": 29,
    "partName": "DEPIMOLI",
    "lat": 27.0844,
    "lon": 93.6053
  },
  {
    "partId": 1410,
    "stateCode": "S02",
    "stateName": "Arunachal Pradesh",
    "districtCode": "S0222",
    "districtName": "LOWER SIANG",
    "acNumber": 36,
    "acName": "NARI-KOYU",
    "partNumber": 30,
    "partName": "DETAK",
    "lat": 27.0844,
    "lon": 93.6053
  }
]