[
  {
    "partId": 858,
    "stateCode": "S02",
    "stateName": "Arunachal Pradesh",
    "districtCode": "S0206",
    "districtName": "UPPER SUBANSIRI",
    "acNumber": 24,
    "acName": "DAPORIJO",
    "partNumber": 1,
    "partName": "LIGU",
    "lat": 28.2343726,
    "lon": 94.1460886
  },
  {
    "partId": 859,
    "stateCode": "S02",
    "stateName": "Arunachal Pradesh",
    "districtCode": "S0206",
    "districtName": "UPPER SUBANSIRI",
    "acNumber": 24,
    "acName": "DAPORIJO",
    "partNumber": 2,
    "partName": "NIMA",
    "lat": 28.2343726,
    "lon": 94.1460886
  },
  {
    "partId": 860,
    "stateCode": "S02",
    "stateName": "Arunachal Pradesh",
    "districtCode": "S0206",
    "districtName": "UPPER SUBANSIRI",
    "acNumber": 24,
    "acName": "DAPORIJO",
    "partNumber": 3,
    "partName": "VETERINARY COLONY",
    "lat": 28.2343726,
    "lon": 94.1460886
  },
  {
    "partId": 861,
    "stateCode": "S02",
    "stateName": "Arunachal Pradesh",
    "districtCode": "S0206",
    "districtName": "UPPER SUBANSIRI",
    "acNumber": 24,
    "acName": "DAPORIJO",
    "partNumber": 4,
    "partName": "DAPORIJO WEST (A)",
    "lat": 28.2343726,
    "lon": 94.1460886
  },
  {
    "partId": 862,
    "stateCode": "S02",
    "stateName": "Arunachal Pradesh",
    "districtCode": "S0206",
    "districtName": "UPPER SUBANSIRI",
    "acNumber": 24,
    "acName": "DAPORIJO",
    "partNumber": 5,
    "partName": "DAPORIJO WEST (B)",
    "lat": 28.2343726,
    "lon": 94.1460886
  },
  {
    "partId": 863,
    "stateCode": "S02",
    "stateName": "Arunachal Pradesh",
    "districtCode": "S0206",
    "districtName": "UPPER SUBANSIRI",
    "acNumber": 24,
    "acName": "DAPORIJO",
    "partNumber": 6,
    "partName": "DAPORIJO WEST ( C )",
    "lat": 28.2343726,
    "lon": 94.1460886
  },
  {
    "partId": 864,
    "stateCode": "S02",
    "stateName": "Arunachal Pradesh",
    "districtCode": "S0206",
    "districtName": "UPPER SUBANSIRI",
    "acNumber": 24,
    "acName": "DAPORIJO",
    "partNumber": 7,
    "partName": "DAPORIJO WEST (D)",
    "lat": 28.2343726,
    "lon": 94.1460886
  },
  {
    "partId": 865,
    "stateCode": "S02",
    "stateName": "Arunachal Pradesh",
    "districtCode": "S0206",
    "districtName": "UPPER SUBANSIRI",
    "acNumber": 24,
    "acName": "DAPORIJO",
    "partNumber": 8,
    "partName": "DAPORIJO EAST (A)",
    "lat": 28.2343726,
    "lon": 94.1460886
  },
  {
    "partId": 866,
    "stateCode": "S02",
    "stateName": "Arunachal Pradesh",
    "districtCode": "S0206",
    "districtName": "UPPER SUBANSIRI",
    "acNumber": 24,
    "acName": "DAPORIJO",
    "partNumber": 9,
    "partName": "DAPORIJO EAST (B)",
    "lat": 28.2343726,
    "lon": 94.1460886
  },
  {
    "partId": 867,
    "stateCode": "S02",
    "stateName": "Arunachal Pradesh",
    "districtCode": "S0206",
    "districtName": "UPPER SUBANSIRI",
    "acNumber": 24,
    "acName": "DAPORIJO",
    "partNumber": 10,
    "partName": "DAPORIJO EAST ( C )",
    "lat": 28.2343726,
    "lon": 94.1460886
  },
  {
    "partId": 868,
    "stateCode": "S02",
    "stateName": "Arunachal Pradesh",
    "districtCode": "S0206",
    "districtName": "UPPER SUBANSIRI",
    "acNumber": 24,
    "acName": "DAPORIJO",
    "partNumber": 11,
    "partName": "DAPORIJO EAST (D)",
    "lat": 28.2343726,
    "lon": 94.1460886
  },
  {
    "partId": 869,
    "stateCode": "S02",
    "stateName": "Arunachal Pradesh",
    "districtCode": "S0206",
    "districtName": "UPPER SUBANSIRI",
    "acNumber": 24,
    "acName": "DAPORIJO",
    "partNumber": 12,
    "partName": "SIKARIJO",
    "lat": 28.2343726,
    "lon": 94.1460886
  },
  {
    "partId": 870,
    "stateCode": "S02",
    "stateName": "Arunachal Pradesh",
    "districtCode": "S0206",
    "districtName": "UPPER SUBANSIRI",
    "acNumber": 24,
    "acName": "DAPORIJO",
    "partNumber": 13,
    "partName": "DULOM",
    "lat": 28.2343726,
    "lon": 94.1460886
  },
  {
    "partId": 871,
    "stateCode": "S02",
    "stateName": "Arunachal Pradesh",
    "districtCode": "S0206",
    "districtName": "UPPER SUBANSIRI",
    "acNumber": 24,
    "acName": "DAPORIJO",
    "partNumber": 14,
    "partName": "YEKAR",
    "lat": 28.2343726,
    "lon": 94.1460886
  },
  {
    "partId": 872,
    "stateCode": "S02",
    "stateName": "Arunachal Pradesh",
    "districtCode": "S0206",
    "districtName": "UPPER SUBANSIRI",
    "acNumber": 24,
    "acName": "DAPORIJO",
    "partNumber": 15,
    "partName": "JERAM",
    "lat": 28.2343726,
    "lon": 94.1460886
  },
  {
    "partId": 873,
    "stateCode": "S02",
    "stateName": "Arunachal Pradesh",
    "districtCode": "S0206",
    "districtName": "UPPER SUBANSIRI",
    "acNumber": 24,
    "acName": "DAPORIJO",
    "partNumber": 16,
    "partName": "MOTU",
    "lat": 28.2343726,
    "lon": 94.1460886
  },
  {
    "partId": 874,
    "stateCode": "S02",
    "stateName": "Arunachal Pradesh",
    "districtCode": "S0206",
    "districtName": "UPPER SUBANSIRI",
    "acNumber": 24,
    "acName": "DAPORIJO",
    "partNumber": 17,
    "partName": "SIPPI",
    "lat": 28.2343726,
    "lon": 94.1460886
  },
  {
    "partId": 875,
    "stateCode": "S02",
    "stateName": "Arunachal Pradesh",
    "districtCode": "S0206",
    "districtName": "UPPER SUBANSIRI",
    "acNumber": 24,
    "acName": "DAPORIJO",
    "partNumber": 18,
    "partName": "SIKOM",
    "lat": 28.2343726,
    "lon": 94.1460886
  },
  {
    "partId": 876,
    "stateCode": "S02",
    "stateName": "Arunachal Pradesh",
    "districtCode": "S0206",
    "districtName": "UPPER SUBANSIRI",
    "acNumber": 24,
    "acName": "DAPORIJO",
    "partNumber": 19,
    "partName": "LAMDIK",
    "lat": 28.2343726,
    "lon": 94.1460886
  },
  {
    "partId": 877,
    "stateCode": "S02",
    "stateName": "Arunachal Pradesh",
    "districtCode": "S0206",
    "districtName": "UPPER SUBANSIRI",
    "acNumber": 24,
    "acName": "DAPORIJO",
    "partNumber": 20,
    "partName": "BELU",
    "lat": 28.2343726,
    "lon": 94.1460886
  },
  {
    "partId": 878,
    "stateCode": "S02",
    "stateName": "Arunachal Pradesh",
    "districtCode": "S0206",
    "districtName": "UPPER SUBANSIRI",
    "acNumber": 24,
    "acName": "DAPORIJO",
    "partNumber": 21,
    "partName": "BAYOR",
    "lat": 28.2343726,
    "lon": 94.1460886
  },
  {
    "partId": 879,
    "stateCode": "S02",
    "stateName": "Arunachal Pradesh",
    "districtCode": "S0206",
    "districtName": "UPPER SUBANSIRI",
    "acNumber": 24,
    "acName": "DAPORIJO",
    "partNumber": 22,
    "partName": "SOKI",
    "lat": 28.2343726,
    "lon": 94.1460886
  },
  {
    "partId": 880,
    "stateCode": "S02",
    "stateName": "Arunachal Pradesh",
    "districtCode": "S0206",
    "districtName": "UPPER SUBANSIRI",
    "acNumber": 24,
    "acName": "DAPORIJO",
    "partNumber": 23,
    "partName": "CHETIA",
    "lat": 28.2343726,
    "lon": 94.1460886
  },
  {
    "partId": 881,
    "stateCode": "S02",
    "stateName": "Arunachal Pradesh",
    "districtCode": "S0206",
    "districtName": "UPPER SUBANSIRI",
    "acNumber": 24,
    "acName": "DAPORIJO",
    "partNumber": 24,
    "partName": "SIGA",
    "lat": 28.2343726,
    "lon": 94.1460886
  },
  {
    "partId": 882,
    "stateCode": "S02",
    "stateName": "Arunachal Pradesh",
    "districtCode": "S0206",
    "districtName": "UPPER SUBANSIRI",
    "acNumber": 24,
    "acName": "DAPORIJO",
    "partNumber": 25,
    "partName": "TAPAPO",
    "lat": 28.2343726,
    "lon": 94.1460886
  },
  {
    "partId": 883,
    "stateCode": "S02",
    "stateName": "Arunachal Pradesh",
    "districtCode": "S0206",
    "districtName": "UPPER SUBANSIRI",
    "acNumber": 24,
    "acName": "DAPORIJO",
    "partNumber": 26,
    "partName": "DASI",
    "lat": 28.2343726,
    "lon": 94.1460886
  },
  {
    "partId": 884,
    "stateCode": "S02",
    "stateName": "Arunachal Pradesh",
    "districtCode": "S0206",
    "districtName": "UPPER SUBANSIRI",
    "acNumber": 24,
    "acName": "DAPORIJO",
    "partNumber": 27,
    "partName": "CHETAM CO. HQ",
    "lat": 28.2343726,
    "lon": 94.1460886
  },
  {
    "partId": 885,
    "stateCode": "S02",
    "stateName": "Arunachal Pradesh",
    "districtCode": "S0206",
    "districtName": "UPPER SUBANSIRI",
    "acNumber": 24,
    "acName": "DAPORIJO",
    "partNumber": 28,
    "partName": "RAJI",
    "lat": 28.2343726,
    "lon": 94.1460886
  },
  {
    "partId": 886,
    "stateCode": "S02",
    "stateName": "Arunachal Pradesh",
    "districtCode": "S0206",
    "districtName": "UPPER SUBANSIRI",
    "acNumber": 24,
    "acName": "DAPORIJO",
    "partNumber": 29,
    "partName": "MARBOM",
    "lat": 28.2343726,
    "lon": 94.1460886
  },
  {
    "partId": 887,
    "stateCode": "S02",
    "stateName": "Arunachal Pradesh",
    "districtCode": "S0206",
    "districtName": "UPPER SUBANSIRI",
    "acNumber": 24,
    "acName": "DAPORIJO",
    "partNumber": 30,
    "partName": "JEKE",
    "lat": 28.2343726,
    "lon": 94.1460886
  },
  {
    "partId": 888,
    "stateCode": "S02",
    "stateName": "Arunachal Pradesh",
    "districtCode": "S0206",
    "districtName": "UPPER SUBANSIRI",
    "acNumber": 24,
    "acName": "DAPORIJO",
    "partNumber": 31,
    "partName": "DARU",
    "lat": 28.2343726,
    "lon": 94.1460886
  },
  {
    "partId": 889,
    "stateCode": "S02",
    "stateName": "Arunachal Pradesh",
    "districtCode": "S0206",
    "districtName": "UPPER SUBANSIRI",
    "acNumber": 24,
    "acName": "DAPORIJO",
    "partNumber": 32,
    "partName": "DAI",
    "lat": 28.2343726,
    "lon": 94.1460886
  },
  {
    "partId": 890,
    "stateCode": "S02",
    "stateName": "Arunachal Pradesh",
    "districtCode": "S0206",
    "districtName": "UPPER SUBANSIRI",
    "acNumber": 24,
    "acName": "DAPORIJO",
    "partNumber": 33,
    "partName": "SEBING",
    "lat": 28.2343726,
    "lon": 94.1460886
  },
  {
    "partId": 891,
    "stateCode": "S02",
    "stateName": "Arunachal Pradesh",
    "districtCode": "S0206",
    "districtName": "UPPER SUBANSIRI",
    "acNumber": 24,
    "acName": "DAPORIJO",
    "partNumber": 34,
    "partName": "MAGRIA",
    "lat": 28.2343726,
    "lon": 94.1460886
  },
  {
    "partId": 892,
    "stateCode": "S02",
    "stateName": "Arunachal Pradesh",
    "districtCode": "S0206",
    "districtName": "UPPER SUBANSIRI",
    "acNumber": 24,
    "acName": "DAPORIJO",
    "partNumber": 35,
    "partName": "ROJI",
    "lat": 28.2343726,
    "lon": 94.1460886
  },
  {
    "partId": 893,
    "stateCode": "S02",
    "stateName": "Arunachal Pradesh",
    "districtCode": "S0206",
    "districtName": "UPPER SUBANSIRI",
    "acNumber": 24,
    "acName": "DAPORIJO",
    "partNumber": 36,
    "partName": "DABU",
    "lat": 28.2343726,
    "lon": 94.1460886
  },
  {
    "partId": 894,
    "stateCode": "S02",
    "stateName": "Arunachal Pradesh",
    "districtCode": "S0206",
    "districtName": "UPPER SUBANSIRI",
    "acNumber": 24,
    "acName": "DAPORIJO",
    "partNumber": 37,
    "partName": "RIKUNG",
    "lat": 28.2343726,
    "lon": 94.1460886
  },
  {
    "partId": 895,
    "stateCode": "S02",
    "stateName": "Arunachal Pradesh",
    "districtCode": "S0206",
    "districtName": "UPPER SUBANSIRI",
    "acNumber": 24,
    "acName": "DAPORIJO",
    "partNumber": 38,
    "partName": "DADI",
    "lat": 28.2343726,
    "lon": 94.1460886
  },
  {
    "partId": 896,
    "stateCode": "S02",
    "stateName": "Arunachal Pradesh",
    "districtCode": "S0206",
    "districtName": "UPPER SUBANSIRI",
    "acNumber": 24,
    "acName": "DAPORIJO",
    "partNumber": 39,
    "partName": "NILLING",
    "lat": 28.2343726,
    "lon": 94.1460886
  },
  {
    "partId": 897,
    "stateCode": "S02",
    "stateName": "Arunachal Pradesh",
    "districtCode": "S0206",
    "districtName": "UPPER SUBANSIRI",
    "acNumber": 24,
    "acName": "DAPORIJO",
    "partNumber": 40,
    "partName": "LUNKING",
    "lat": 28.2343726,
    "lon": 94.1460886
  },
  {
    "partId": 898,
    "stateCode": "S02",
    "stateName": "Arunachal Pradesh",
    "districtCode": "S0206",
    "districtName": "UPPER SUBANSIRI",
    "acNumber": 24,
    "acName": "DAPORIJO",
    "partNumber": 41,
    "partName": "DIGNIUM",
    "lat": 28.2343726,
    "lon": 94.1460886
  },
  {
    "partId": 899,
    "stateCode": "S02",
    "stateName": "Arunachal Pradesh",
    "districtCode": "S0206",
    "districtName": "UPPER SUBANSIRI",
    "acNumber": 24,
    "acName": "DAPORIJO",
    "partNumber": 42,
    "partName": "LEYA",
    "lat": 28.2343726,
    "lon": 94.1460886
  },
  {
    "partId": 900,
    "stateCode": "S02",
    "stateName": "Arunachal Pradesh",
    "districtCode": "S0206",
    "districtName": "UPPER SUBANSIRI",
    "acNumber": 24,
    "acName": "DAPORIJO",
    "partNumber": 43,
    "partName": "LERIAK",
    "lat": 28.2343726,
    "lon": 94.1460886
  },
  {
    "partId": 901,
    "stateCode": "S02",
    "stateName": "Arunachal Pradesh",
    "districtCode": "S0206",
    "districtName": "UPPER SUBANSIRI",
    "acNumber": 24,
    "acName": "DAPORIJO",
    "partNumber": 44,
    "partName": "SOGUM",
    "lat": 28.2343726,
    "lon": 94.1460886
  },
  {
    "partId": 902,
    "stateCode": "S02",
    "stateName": "Arunachal Pradesh",
    "districtCode": "S0206",
    "districtName": "UPPER SUBANSIRI",
    "acNumber": 24,
    "acName": "DAPORIJO",
    "partNumber": 45,
    "partName": "NATAM",
    "lat": 28.2343726,
    "lon": 94.1460886
  },
  {
    "partId": 903,
    "stateCode": "S02",
    "stateName": "Arunachal Pradesh",
    "districtCode": "S0206",
    "districtName": "UPPER SUBANSIRI",
    "acNumber": 24,
    "acName": "DAPORIJO",
    "partNumber": 46,
    "partName": "JITU",
    "lat": 28.2343726,
    "lon": 94.1460886
  },
  {
    "partId": 904,
    "stateCode": "S02",
    "stateName": "Arunachal Pradesh",
    "districtCode": "S0206",
    "districtName": "UPPER SUBANSIRI",
    "acNumber": 24,
    "acName": "DAPORIJO",
    "partNumber": 47,
    "partName": "REBI",
    "lat": 28.2343726,
    "lon": 94.1460886
  },
  {
    "partId": 905,
    "stateCode": "S02",
    "stateName": "Arunachal Pradesh",
    "districtCode": "S0206",
    "districtName": "UPPER SUBANSIRI",
    "acNumber": 24,
    "acName": "DAPORIJO",
    "partNumber": 48,
    "partName": "GIBA EAC HQ",
    "lat": 28.2343726,
    "lon": 94.1460886
  },
  {
    "partId": 906,
    "stateCode": "S02",
    "stateName": "Arunachal Pradesh",
    "districtCode": "S0206",
    "districtName": "UPPER SUBANSIRI",
    "acNumber": 24,
    "acName": "DAPORIJO",
    "partNumber": 49,
    "partName": "YOLU",
    "lat": 28.2343726,
    "lon": 94.1460886
  },
  {
    "partId": 907,
    "stateCode": "S02",
    "stateName": "Arunachal Pradesh",
    "districtCode": "S0206",
    "districtName": "UPPER SUBANSIRI",
    "acNumber": 24,
    "acName": "DAPORIJO",
    "partNumber": 50,
    "partName": "LUCHI",
    "lat": 28.2343726,
    "lon": 94.1460886
  },
  {
    "partId": 908,
    "stateCode": "S02",
    "stateName": "Arunachal Pradesh",
    "districtCode": "S0206",
    "districtName": "UPPER SUBANSIRI",
    "acNumber": 24,
    "acName": "DAPORIJO",
    "partNumber": 51,
    "partName": "LINGDAM",
    "lat": 28.2343726,
    "lon": 94.1460886
  },
  {
    "partId": 909,
    "stateCode": "S02",
    "stateName": "Arunachal Pradesh",
    "districtCode": "S0206",
    "districtName": "UPPER SUBANSIRI",
    "acNumber": 24,
    "acName": "DAPORIJO",
    "partNumber": 52,
    "partName": "PEYA",
    "lat": 28.2343726,
    "lon": 94.1460886
  },
  {
    "partId": 910,
    "stateCode": "S02",
    "stateName": "Arunachal Pradesh",
    "districtCode": "S0206",
    "districtName": "UPPER SUBANSIRI",
    "acNumber": 24,
    "acName": "DAPORIJO",
    "partNumber": 53,
    "partName": "MARGING",
    "lat": 28.2343726,
    "lon": 94.1460886
  },
  {
    "partId": 911,
    "stateCode": "S02",
    "stateName": "Arunachal Pradesh",
    "districtCode": "S0206",
    "districtName": "UPPER SUBANSIRI",
    "acNumber": 24,
    "acName": "DAPORIJO",
    "partNumber": 54,
    "partName": "RAGO",
    "lat": 28.2343726,
    "lon": 94.1460886
  },
  {
    "partId": 912,
    "stateCode": "S02",
    "stateName": "Arunachal Pradesh",
    "districtCode": "S0206",
    "districtName": "UPPER SUBANSIRI",
    "acNumber": 24,
    "acName": "DAPORIJO",
    "partNumber": 55,
    "partName": "MAKBA",
    "lat": 28.2343726,
    "lon": 94.1460886
  },
  {
    "partId": 913,
    "stateCode": "S02",
    "stateName": "Arunachal Pradesh",
    "districtCode": "S0206",
    "districtName": "UPPER SUBANSIRI",
    "acNumber": 24,
    "acName": "DAPORIJO",
    "partNumber": 56,
    "partName": "MARKIA",
    "lat": 28.2343726,
    "lon": 94.1460886
  },
  {
    "partId": 964,
    "stateCode": "S02",
    "stateName": "Arunachal Pradesh",
    "districtCode": "S0206",
    "districtName": "UPPER SUBANSIRI",
    "acNumber": 26,
    "acName": "DUMPORIJO",
    "partNumber": 1,
    "partName": "DEBOM",
    "lat": 28.2343726,
    "lon": 94.1460886
  },
  {
    "partId": 965,
    "stateCode": "S02",
    "stateName": "Arunachal Pradesh",
    "districtCode": "S0206",
    "districtName": "UPPER SUBANSIRI",
    "acNumber": 26,
    "acName": "DUMPORIJO",
    "partNumber": 2,
    "partName": "GIAMUKRIJO",
    "lat": 28.2343726,
    "lon": 94.1460886
  },
  {
    "partId": 966,
    "stateCode": "S02",
    "stateName": "Arunachal Pradesh",
    "districtCode": "S0206",
    "districtName": "UPPER SUBANSIRI",
    "acNumber": 26,
    "acName": "DUMPORIJO",
    "partNumber": 3,
    "partName": "NIDAK",
    "lat": 28.2343726,
    "lon": 94.1460886
  },
  {
    "partId": 967,
    "stateCode": "S02",
    "stateName": "Arunachal Pradesh",
    "districtCode": "S0206",
    "districtName": "UPPER SUBANSIRI",
    "acNumber": 26,
    "acName": "DUMPORIJO",
    "partNumber": 4,
    "partName": "LEGA",
    "lat": 28.2343726,
    "lon": 94.1460886
  },
  {
    "partId": 968,
    "stateCode": "S02",
    "stateName": "Arunachal Pradesh",
    "districtCode": "S0206",
    "districtName": "UPPER SUBANSIRI",
    "acNumber": 26,
    "acName": "DUMPORIJO",
    "partNumber": 5,
    "partName": "NASI",
    "lat": 28.2343726,
    "lon": 94.1460886
  },
  {
    "partId": 969,
    "stateCode": "S02",
    "stateName": "Arunachal Pradesh",
    "districtCode": "S0206",
    "districtName": "UPPER SUBANSIRI",
    "acNumber": 26,
    "acName": "DUMPORIJO",
    "partNumber": 6,
    "partName": "BATOR",
    "lat": 28.2343726,
    "lon": 94.1460886
  },
  {
    "partId": 970,
    "stateCode": "S02",
    "stateName": "Arunachal Pradesh",
    "districtCode": "S0206",
    "districtName": "UPPER SUBANSIRI",
    "acNumber": 26,
    "acName": "DUMPORIJO",
    "partNumber": 7,
    "partName": "BUI",
    "lat": 28.2343726,
    "lon": 94.1460886
  },
  {
    "partId": 971,
    "stateCode": "S02",
    "stateName": "Arunachal Pradesh",
    "districtCode": "S0206",
    "districtName": "UPPER SUBANSIRI",
    "acNumber": 26,
    "acName": "DUMPORIJO",
    "partNumber": 8,
    "partName": "ULI",
    "lat": 28.2343726,
    "lon": 94.1460886
  },
  {
    "partId": 972,
    "stateCode": "S02",
    "stateName": "Arunachal Pradesh",
    "districtCode": "S0206",
    "districtName": "UPPER SUBANSIRI",
    "acNumber": 26,
    "acName": "DUMPORIJO",
    "partNumber": 9,
    "partName": "NGUKI",
    "lat": 28.2343726,
    "lon": 94.1460886
  },
  {
    "partId": 973,
    "stateCode": "S02",
    "stateName": "Arunachal Pradesh",
    "districtCode": "S0206",
    "districtName": "UPPER SUBANSIRI",
    "acNumber": 26,
    "acName": "DUMPORIJO",
    "partNumber": 10,
    "partName": "BULO",
    "lat": 28.2343726,
    "lon": 94.1460886
  },
  {
    "partId": 974,
    "stateCode": "S02",
    "stateName": "Arunachal Pradesh",
    "districtCode": "S0206",
    "districtName": "UPPER SUBANSIRI",
    "acNumber": 26,
    "acName": "DUMPORIJO",
    "partNumber": 11,
    "partName": "NEW LIDA",
    "lat": 28.2343726,
    "lon": 94.1460886
  },
  {
    "partId": 975,
    "stateCode": "S02",
    "stateName": "Arunachal Pradesh",
    "districtCode": "S0206",
    "districtName": "UPPER SUBANSIRI",
    "acNumber": 26,
    "acName": "DUMPORIJO",
    "partNumber": 12,
    "partName": "OLD LIDA",
    "lat": 28.2343726,
    "lon": 94.1460886
  },
  {
    "partId": 976,
    "stateCode": "S02",
    "stateName": "Arunachal Pradesh",
    "districtCode": "S0206",
    "districtName": "UPPER SUBANSIRI",
    "acNumber": 26,
    "acName": "DUMPORIJO",
    "partNumber": 13,
    "partName": "NEW REDDI",
    "lat": 28.2343726,
    "lon": 94.1460886
  },
  {
    "partId": 977,
    "stateCode": "S02",
    "stateName": "Arunachal Pradesh",
    "districtCode": "S0206",
    "districtName": "UPPER SUBANSIRI",
    "acNumber": 26,
    "acName": "DUMPORIJO",
    "partNumber": 14,
    "partName": "BELO",
    "lat": 28.2343726,
    "lon": 94.1460886
  },
  {
    "partId": 978,
    "stateCode": "S02",
    "stateName": "Arunachal Pradesh",
    "districtCode": "S0206",
    "districtName": "UPPER SUBANSIRI",
    "acNumber": 26,
    "acName": "DUMPORIJO",
    "partNumber": 15,
    "partName": "KUPORIJO",
    "lat": 28.2343726,
    "lon": 94.1460886
  },
  {
    "partId": 979,
    "stateCode": "S02",
    "stateName": "Arunachal Pradesh",
    "districtCode": "S0206",
    "districtName": "UPPER SUBANSIRI",
    "acNumber": 26,
    "acName": "DUMPORIJO",
    "partNumber": 16,
    "partName": "DUMPORIJO HQ - I",
    "lat": 28.2343726,
    "lon": 94.1460886
  },
  {
    "partId": 980,
    "stateCode": "S02",
    "stateName": "Arunachal Pradesh",
    "districtCode": "S0206",
    "districtName": "UPPER SUBANSIRI",
    "acNumber": 26,
    "acName": "DUMPORIJO",
    "partNumber": 17,
    "partName": "DUMPORIJO HQ - II",
    "lat": 28.2343726,
    "lon": 94.1460886
  },
  {
    "partId": 981,
    "stateCode": "S02",
    "stateName": "Arunachal Pradesh",
    "districtCode": "S0206",
    "districtName": "UPPER SUBANSIRI",
    "acNumber": 26,
    "acName": "DUMPORIJO",
    "partNumber": 18,
    "partName": "MECHEMARDE",
    "lat": 28.2343726,
    "lon": 94.1460886
  },
  {
    "partId": 982,
    "stateCode": "S02",
    "stateName": "Arunachal Pradesh",
    "districtCode": "S0206",
    "districtName": "UPPER SUBANSIRI",
    "acNumber": 26,
    "acName": "DUMPORIJO",
    "partNumber": 19,
    "partName": "DIGBAK",
    "lat": 28.2343726,
    "lon": 94.1460886
  },
  {
    "partId": 983,
    "stateCode": "S02",
    "stateName": "Arunachal Pradesh",
    "districtCode": "S0206",
    "districtName": "UPPER SUBANSIRI",
    "acNumber": 26,
    "acName": "DUMPORIJO",
    "partNumber": 20,
    "partName": "AYA MARDE",
    "lat": 28.2343726,
    "lon": 94.1460886
  },
  {
    "partId": 984,
    "stateCode": "S02",
    "stateName": "Arunachal Pradesh",
    "districtCode": "S0206",
    "districtName": "UPPER SUBANSIRI",
    "acNumber": 26,
    "acName": "DUMPORIJO",
    "partNumber": 21,
    "partName": "RICHI",
    "lat": 28.2343726,
    "lon": 94.1460886
  },
  {
    "partId": 985,
    "stateCode": "S02",
    "stateName": "Arunachal Pradesh",
    "districtCode": "S0206",
    "districtName": "UPPER SUBANSIRI",
    "acNumber": 26,
    "acName": "DUMPORIJO",
    "partNumber": 22,
    "partName": "NEW RICHI",
    "lat": 28.2343726,
    "lon": 94.1460886
  },
  {
    "partId": 986,
    "stateCode": "S02",
    "stateName": "Arunachal Pradesh",
    "districtCode": "S0206",
    "districtName": "UPPER SUBANSIRI",
    "acNumber": 26,
    "acName": "DUMPORIJO",
    "partNumber": 23,
    "partName": "TAGOGI",
    "lat": 28.2343726,
    "lon": 94.1460886
  },
  {
    "partId": 987,
    "stateCode": "S02",
    "stateName": "Arunachal Pradesh",
    "districtCode": "S0206",
    "districtName": "UPPER SUBANSIRI",
    "acNumber": 26,
    "acName": "DUMPORIJO",
    "partNumber": 24,
    "partName": "DERENALO",
    "lat": 28.2343726,
    "lon": 94.1460886
  },
  {
    "partId": 988,
    "stateCode": "S02",
    "stateName": "Arunachal Pradesh",
    "districtCode": "S0206",
    "districtName": "UPPER SUBANSIRI",
    "acNumber": 26,
    "acName": "DUMPORIJO",
    "partNumber": 25,
    "partName": "ARA NALO",
    "lat": 28.2343726,
    "lon": 94.1460886
  },
  {
    "partId": 989,
    "stateCode": "S02",
    "stateName": "Arunachal Pradesh",
    "districtCode": "S0206",
    "districtName": "UPPER SUBANSIRI",
    "acNumber": 26,
    "acName": "DUMPORIJO",
    "partNumber": 26,
    "partName": "PUMTE BAGE",
    "lat": 28.2343726,
    "lon": 94.1460886
  },
  {
    "partId": 990,
    "stateCode": "S02",
    "stateName": "Arunachal Pradesh",
    "districtCode": "S0206",
    "districtName": "UPPER SUBANSIRI",
    "acNumber": 26,
    "acName": "DUMPORIJO",
    "partNumber": 27,
    "partName": "GITE BAGE",
    "lat": 28.2343726,
    "lon": 94.1460886
  },
  {
    "partId": 991,
    "stateCode": "S02",
    "stateName": "Arunachal Pradesh",
    "districtCode": "S0206",
    "districtName": "UPPER SUBANSIRI",
    "acNumber": 26,
    "acName": "DUMPORIJO",
    "partNumber": 28,
    "partName": "PARAM",
    "lat": 28.2343726,
    "lon": 94.1460886
  },
  {
    "partId": 992,
    "stateCode": "S02",
    "stateName": "Arunachal Pradesh",
    "districtCode": "S0206",
    "districtName": "UPPER SUBANSIRI",
    "acNumber": 26,
    "acName": "DUMPORIJO",
    "partNumber": 29,
    "partName": "AKINIRIN",
    "lat": 28.2343726,
    "lon": 94.1460886
  },
  {
    "partId": 993,
    "stateCode": "S02",
    "stateName": "Arunachal Pradesh",
    "districtCode": "S0206",
    "districtName": "UPPER SUBANSIRI",
    "acNumber": 26,
    "acName": "DUMPORIJO",
    "partNumber": 30,
    "partName": "AYANIRIN",
    "lat": 28.2343726,
    "lon": 94.1460886
  },
  {
    "partId": 994,
    "stateCode": "S02",
    "stateName": "Arunachal Pradesh",
    "districtCode": "S0206",
    "districtName": "UPPER SUBANSIRI",
    "acNumber": 26,
    "acName": "DUMPORIJO",
    "partNumber": 31,
    "partName": "YUDIK",
    "lat": 28.2343726,
    "lon": 94.1460886
  },
  {
    "partId": 995,
    "stateCode": "S02",
    "stateName": "Arunachal Pradesh",
    "districtCode": "S0206",
    "districtName": "UPPER SUBANSIRI",
    "acNumber": 26,
    "acName": "DUMPORIJO",
    "partNumber": 32,
    "partName": "PAKSOK",
    "lat": 28.2343726,
    "lon": 94.1460886
  },
  {
    "partId": 996,
    "stateCode": "S02",
    "stateName": "Arunachal Pradesh",
    "districtCode": "S0206",
    "districtName": "UPPER SUBANSIRI",
    "acNumber": 26,
    "acName": "DUMPORIJO",
    "partNumber": 33,
    "partName": "NEW HALI",
    "lat": 28.2343726,
    "lon": 94.1460886
  },
  {
    "partId": 997,
    "stateCode": "S02",
    "stateName": "Arunachal Pradesh",
    "districtCode": "S0206",
    "districtName": "UPPER SUBANSIRI",
    "acNumber": 26,
    "acName": "DUMPORIJO",
    "partNumber": 34,
    "partName": "OLD HANE",
    "lat": 28.2343726,
    "lon": 94.1460886
  },
  {
    "partId": 998,
    "stateCode": "S02",
    "stateName": "Arunachal Pradesh",
    "districtCode": "S0206",
    "districtName": "UPPER SUBANSIRI",
    "acNumber": 26,
    "acName": "DUMPORIJO",
    "partNumber": 35,
    "partName": "PAJA",
    "lat": 28.2343726,
    "lon": 94.1460886
  },
  {
    "partId": 999,
    "stateCode": "S02",
    "stateName": "Arunachal Pradesh",
    "districtCode": "S0206",
    "districtName": "UPPER SUBANSIRI",
    "acNumber": 26,
    "acName": "DUMPORIJO",
    "partNumber": 36,
    "partName": "TABA RIJO",
    "lat": 28.2343726,
    "lon": 94.1460886
  },
  {
    "partId": 1000,
    "stateCode": "S02",
    "stateName": "Arunachal Pradesh",
    "districtCode": "S0206",
    "districtName": "UPPER SUBANSIRI",
    "acNumber": 26,
    "acName": "DUMPORIJO",
    "partNumber": 37,
    "partName": "PAKA",
    "lat": 28.2343726,
    "lon": 94.1460886
  },
  {
    "partId": 1001,
    "stateCode": "S02",
    "stateName": "Arunachal Pradesh",
    "districtCode": "S0206",
    "districtName": "UPPER SUBANSIRI",
    "acNumber": 26,
    "acName": "DUMPORIJO",
    "partNumber": 38,
    "partName": "NEW RIBA",
    "lat": 28.2343726,
    "lon": 94.1460886
  },
  {
    "partId": 1002,
    "stateCode": "S02",
    "stateName": "Arunachal Pradesh",
    "districtCode": "S0206",
    "districtName": "UPPER SUBANSIRI",
    "acNumber": 26,
    "acName": "DUMPORIJO",
    "partNumber": 39,
    "partName": "NEW RILO",
    "lat": 28.2343726,
    "lon": 94.1460886
  },
  {
    "partId": 1003,
    "stateCode": "S02",
    "stateName": "Arunachal Pradesh",
    "districtCode": "S0206",
    "districtName": "UPPER SUBANSIRI",
    "acNumber": 26,
    "acName": "DUMPORIJO",
    "partNumber": 40,
    "partName": "BORAROPUK",
    "lat": 28.2343726,
    "lon": 94.1460886
  },
  {
    "partId": 1004,
    "stateCode": "S02",
    "stateName": "Arunachal Pradesh",
    "districtCode": "S0206",
    "districtName": "UPPER SUBANSIRI",
    "acNumber": 26,
    "acName": "DUMPORIJO",
    "partNumber": 41,
    "partName": "NEW HAJI",
    "lat": 28.2343726,
    "lon": 94.1460886
  },
  {
    "partId": 1005,
    "stateCode": "S02",
    "stateName": "Arunachal Pradesh",
    "districtCode": "S0206",
    "districtName": "UPPER SUBANSIRI",
    "acNumber": 26,
    "acName": "DUMPORIJO",
    "partNumber": 42,
    "partName": "OLD HAJI",
    "lat": 28.2343726,
    "lon": 94.1460886
  },
  {
    "partId": 1006,
    "stateCode": "S02",
    "stateName": "Arunachal Pradesh",
    "districtCode": "S0206",
    "districtName": "UPPER SUBANSIRI",
    "acNumber": 26,
    "acName": "DUMPORIJO",
    "partNumber": 43,
    "partName": "PANIMURI",
    "lat": 28.2343726,
    "lon": 94.1460886
  },
  {
    "partId": 1007,
    "stateCode": "S02",
    "stateName": "Arunachal Pradesh",
    "districtCode": "S0206",
    "districtName": "UPPER SUBANSIRI",
    "acNumber": 26,
    "acName": "DUMPORIJO",
    "partNumber": 44,
    "partName": "MARO",
    "lat": 28.2343726,
    "lon": 94.1460886
  },
  {
    "partId": 1008,
    "stateCode": "S02",
    "stateName": "Arunachal Pradesh",
    "districtCode": "S0206",
    "districtName": "UPPER SUBANSIRI",
    "acNumber": 26,
    "acName": "DUMPORIJO",
    "partNumber": 45,
    "partName": "LAKBAK GONGO",
    "lat": 28.2343726,
    "lon": 94.1460886
  },
  {
    "partId": 1009,
    "stateCode": "S02",
    "stateName": "Arunachal Pradesh",
    "districtCode": "S0206",
    "districtName": "UPPER SUBANSIRI",
    "acNumber": 26,
    "acName": "DUMPORIJO",
    "partNumber": 46,
    "partName": "LEBRI",
    "lat": 28.2343726,
    "lon": 94.1460886
  },
  {
    "partId": 1010,
    "stateCode": "S02",
    "stateName": "Arunachal Pradesh",
    "districtCode": "S0206",
    "districtName": "UPPER SUBANSIRI",
    "acNumber": 26,
    "acName": "DUMPORIJO",
    "partNumber": 47,
    "partName": "LAIGI",
    "lat": 28.2343726,
    "lon": 94.1460886
  },
  {
    "partId": 1011,
    "stateCode": "S02",
    "stateName": "Arunachal Pradesh",
    "districtCode": "S0206",
    "districtName": "UPPER SUBANSIRI",
    "acNumber": 26,
    "acName": "DUMPORIJO",
    "partNumber": 48,
    "partName": "RUMTE",
    "lat": 28.2343726,
    "lon": 94.1460886
  },
  {
    "partId": 1012,
    "stateCode": "S02",
    "stateName": "Arunachal Pradesh",
    "districtCode": "S0206",
    "districtName": "UPPER SUBANSIRI",
    "acNumber": 26,
    "acName": "DUMPORIJO",
    "partNumber": 49,
    "partName": "RIKO",
    "lat": 28.2343726,
    "lon": 94.1460886
  },
  {
    "partId": 1013,
    "stateCode": "S02",
    "stateName": "Arunachal Pradesh",
    "districtCode": "S0206",
    "districtName": "UPPER SUBANSIRI",
    "acNumber": 26,
    "acName": "DUMPORIJO",
    "partNumber": 50,
    "partName": "BARIRIJO HQ",
    "lat": 28.2343726,
    "lon": 94.1460886
  },
  {
    "partId": 1014,
    "stateCode": "S02",
    "stateName": "Arunachal Pradesh",
    "districtCode": "S0206",
    "districtName": "UPPER SUBANSIRI",
    "acNumber": 26,
    "acName": "DUMPORIJO",
    "partNumber": 51,
    "partName": "TAPI",
    "lat": 28.2343726,
    "lon": 94.1460886
  },
  {
    "partId": 1015,
    "stateCode": "S02",
    "stateName": "Arunachal Pradesh",
    "districtCode": "S0206",
    "districtName": "UPPER SUBANSIRI",
    "acNumber": 26,
    "acName": "DUMPORIJO",
    "partNumber": 52,
    "partName": "LUCHI",
    "lat": 28.2343726,
    "lon": 94.1460886
  },
  {
    "partId": 1016,
    "stateCode": "S02",
    "stateName": "Arunachal Pradesh",
    "districtCode": "S0206",
    "districtName": "UPPER SUBANSIRI",
    "acNumber": 26,
    "acName": "DUMPORIJO",
    "partNumber": 53,
    "partName": "TODE",
    "lat": 28.2343726,
    "lon": 94.1460886
  },
  {
    "partId": 1017,
    "stateCode": "S02",
    "stateName": "Arunachal Pradesh",
    "districtCode": "S0206",
    "districtName": "UPPER SUBANSIRI",
    "acNumber": 26,
    "acName": "DUMPORIJO",
    "partNumber": 54,
    "partName": "DULA",
    "lat": 28.2343726,
    "lon": 94.1460886
  },
  {
    "partId": 1018,
    "stateCode": "S02",
    "stateName": "Arunachal Pradesh",
    "districtCode": "S0206",
    "districtName": "UPPER SUBANSIRI",
    "acNumber": 26,
    "acName": "DUMPORIJO",
    "partNumber": 55,
    "partName": "TASIDONI",
    "lat": 28.2343726,
    "lon": 94.1460886
  },
  {
    "partId": 763,
    "stateCode": "S02",
    "stateName": "Arunachal Pradesh",
    "districtCode": "S0206",
    "districtName": "UPPER SUBANSIRI",
    "acNumber": 22,
    "acName": "NACHO",
    "partNumber": 1,
    "partName": "TAKSING HQ",
    "lat": 28.2343726,
    "lon": 94.1460886
  },
  {
    "partId": 764,
    "stateCode": "S02",
    "stateName": "Arunachal Pradesh",
    "districtCode": "S0206",
    "districtName": "UPPER SUBANSIRI",
    "acNumber": 22,
    "acName": "NACHO",
    "partNumber": 2,
    "partName": "GUMSING TAYENG",
    "lat": 28.2343726,
    "lon": 94.1460886
  },
  {
    "partId": 765,
    "stateCode": "S02",
    "stateName": "Arunachal Pradesh",
    "districtCode": "S0206",
    "districtName": "UPPER SUBANSIRI",
    "acNumber": 22,
    "acName": "NACHO",
    "partNumber": 3,
    "partName": "KACHA",
    "lat": 28.2343726,
    "lon": 94.1460886
  },
  {
    "partId": 766,
    "stateCode": "S02",
    "stateName": "Arunachal Pradesh",
    "districtCode": "S0206",
    "districtName": "UPPER SUBANSIRI",
    "acNumber": 22,
    "acName": "NACHO",
    "partNumber": 4,
    "partName": "REDDING",
    "lat": 28.2343726,
    "lon": 94.1460886
  },
  {
    "partId": 767,
    "stateCode": "S02",
    "stateName": "Arunachal Pradesh",
    "districtCode": "S0206",
    "districtName": "UPPER SUBANSIRI",
    "acNumber": 22,
    "acName": "NACHO",
    "partNumber": 5,
    "partName": "NGORING",
    "lat": 28.2343726,
    "lon": 94.1460886
  },
  {
    "partId": 768,
    "stateCode": "S02",
    "stateName": "Arunachal Pradesh",
    "districtCode": "S0206",
    "districtName": "UPPER SUBANSIRI",
    "acNumber": 22,
    "acName": "NACHO",
    "partNumber": 6,
    "partName": "LIMEKING HQ",
    "lat": 28.2343726,
    "lon": 94.1460886
  },
  {
    "partId": 769,
    "stateCode": "S02",
    "stateName": "Arunachal Pradesh",
    "districtCode": "S0206",
    "districtName": "UPPER SUBANSIRI",
    "acNumber": 22,
    "acName": "NACHO",
    "partNumber": 7,
    "partName": "ORAK",
    "lat": 28.2343726,
    "lon": 94.1460886
  },
  {
    "partId": 2216,
    "stateCode": "S02",
    "stateName": "Arunachal Pradesh",
    "districtCode": "S0206",
    "districtName": "UPPER SUBANSIRI",
    "acNumber": 22,
    "acName": "NACHO",
    "partNumber": 8,
    "partName": "GELEMO",
    "lat": 28.2343726,
    "lon": 94.1460886
  },
  {
    "partId": 770,
    "stateCode": "S02",
    "stateName": "Arunachal Pradesh",
    "districtCode": "S0206",
    "districtName": "UPPER SUBANSIRI",
    "acNumber": 22,
    "acName": "NACHO",
    "partNumber": 9,
    "partName": "NILO",
    "lat": 28.2343726,
    "lon": 94.1460886
  },
  {
    "partId": 771,
    "stateCode": "S02",
    "stateName": "Arunachal Pradesh",
    "districtCode": "S0206",
    "districtName": "UPPER SUBANSIRI",
    "acNumber": 22,
    "acName": "NACHO",
    "partNumber": 10,
    "partName": "NAVA",
    "lat": 28.2343726,
    "lon": 94.1460886
  },
  {
    "partId": 772,
    "stateCode": "S02",
    "stateName": "Arunachal Pradesh",
    "districtCode": "S0206",
    "districtName": "UPPER SUBANSIRI",
    "acNumber": 22,
    "acName": "NACHO",
    "partNumber": 11,
    "partName": "BOGUM",
    "lat": 28.2343726,
    "lon": 94.1460886
  },
  {
    "partId": 773,
    "stateCode": "S02",
    "stateName": "Arunachal Pradesh",
    "districtCode": "S0206",
    "districtName": "UPPER SUBANSIRI",
    "acNumber": 22,
    "acName": "NACHO",
    "partNumber": 12,
    "partName": "BOSIRAI",
    "lat": 28.2343726,
    "lon": 94.1460886
  },
  {
    "partId": 774,
    "stateCode": "S02",
    "stateName": "Arunachal Pradesh",
    "districtCode": "S0206",
    "districtName": "UPPER SUBANSIRI",
    "acNumber": 22,
    "acName": "NACHO",
    "partNumber": 13,
    "partName": "NACHO HQ",
    "lat": 28.2343726,
    "lon": 94.1460886
  },
  {
    "partId": 775,
    "stateCode": "S02",
    "stateName": "Arunachal Pradesh",
    "districtCode": "S0206",
    "districtName": "UPPER SUBANSIRI",
    "acNumber": 22,
    "acName": "NACHO",
    "partNumber": 14,
    "partName": "JIBAYING",
    "lat": 28.2343726,
    "lon": 94.1460886
  },
  {
    "partId": 776,
    "stateCode": "S02",
    "stateName": "Arunachal Pradesh",
    "districtCode": "S0206",
    "districtName": "UPPER SUBANSIRI",
    "acNumber": 22,
    "acName": "NACHO",
    "partNumber": 15,
    "partName": "KEOJARING",
    "lat": 28.2343726,
    "lon": 94.1460886
  },
  {
    "partId": 777,
    "stateCode": "S02",
    "stateName": "Arunachal Pradesh",
    "districtCode": "S0206",
    "districtName": "UPPER SUBANSIRI",
    "acNumber": 22,
    "acName": "NACHO",
    "partNumber": 16,
    "partName": "CHINGRING",
    "lat": 28.2343726,
    "lon": 94.1460886
  },
  {
    "partId": 778,
    "stateCode": "S02",
    "stateName": "Arunachal Pradesh",
    "districtCode": "S0206",
    "districtName": "UPPER SUBANSIRI",
    "acNumber": 22,
    "acName": "NACHO",
    "partNumber": 17,
    "partName": "DUGINALO",
    "lat": 28.2343726,
    "lon": 94.1460886
  },
  {
    "partId": 779,
    "stateCode": "S02",
    "stateName": "Arunachal Pradesh",
    "districtCode": "S0206",
    "districtName": "UPPER SUBANSIRI",
    "acNumber": 22,
    "acName": "NACHO",
    "partNumber": 18,
    "partName": "KOBA",
    "lat": 28.2343726,
    "lon": 94.1460886
  },
  {
    "partId": 789,
    "stateCode": "S02",
    "stateName": "Arunachal Pradesh",
    "districtCode": "S0206",
    "districtName": "UPPER SUBANSIRI",
    "acNumber": 22,
    "acName": "NACHO",
    "partNumber": 19,
    "partName": "RAGMI",
    "lat": 28.2343726,
    "lon": 94.1460886
  },
  {
    "partId": 780,
    "stateCode": "S02",
    "stateName": "Arunachal Pradesh",
    "districtCode": "S0206",
    "districtName": "UPPER SUBANSIRI",
    "acNumber": 22,
    "acName": "NACHO",
    "partNumber": 20,
    "partName": "DIRI",
    "lat": 28.2343726,
    "lon": 94.1460886
  },
  {
    "partId": 781,
    "stateCode": "S02",
    "stateName": "Arunachal Pradesh",
    "districtCode": "S0206",
    "districtName": "UPPER SUBANSIRI",
    "acNumber": 22,
    "acName": "NACHO",
    "partNumber": 21,
    "partName": "CHARU",
    "lat": 28.2343726,
    "lon": 94.1460886
  },
  {
    "partId": 782,
    "stateCode": "S02",
    "stateName": "Arunachal Pradesh",
    "districtCode": "S0206",
    "districtName": "UPPER SUBANSIRI",
    "acNumber": 22,
    "acName": "NACHO",
    "partNumber": 22,
    "partName": "DINGSER",
    "lat": 28.2343726,
    "lon": 94.1460886
  },
  {
    "partId": 783,
    "stateCode": "S02",
    "stateName": "Arunachal Pradesh",
    "districtCode": "S0206",
    "districtName": "UPPER SUBANSIRI",
    "acNumber": 22,
    "acName": "NACHO",
    "partNumber": 23,
    "partName": "AYINGMURI",
    "lat": 28.2343726,
    "lon": 94.1460886
  },
  {
    "partId": 784,
    "stateCode": "S02",
    "stateName": "Arunachal Pradesh",
    "districtCode": "S0206",
    "districtName": "UPPER SUBANSIRI",
    "acNumber": 22,
    "acName": "NACHO",
    "partNumber": 24,
    "partName": "GINGBA",
    "lat": 28.2343726,
    "lon": 94.1460886
  },
  {
    "partId": 785,
    "stateCode": "S02",
    "stateName": "Arunachal Pradesh",
    "districtCode": "S0206",
    "districtName": "UPPER SUBANSIRI",
    "acNumber": 22,
    "acName": "NACHO",
    "partNumber": 25,
    "partName": "YEBA",
    "lat": 28.2343726,
    "lon": 94.1460886
  },
  {
    "partId": 786,
    "stateCode": "S02",
    "stateName": "Arunachal Pradesh",
    "districtCode": "S0206",
    "districtName": "UPPER SUBANSIRI",
    "acNumber": 22,
    "acName": "NACHO",
    "partNumber": 26,
    "partName": "KYAMDO",
    "lat": 28.2343726,
    "lon": 94.1460886
  },
  {
    "partId": 787,
    "stateCode": "S02",
    "stateName": "Arunachal Pradesh",
    "districtCode": "S0206",
    "districtName": "UPPER SUBANSIRI",
    "acNumber": 22,
    "acName": "NACHO",
    "partNumber": 27,
    "partName": "MEDEMBARAI",
    "lat": 28.2343726,
    "lon": 94.1460886
  },
  {
    "partId": 788,
    "stateCode": "S02",
    "stateName": "Arunachal Pradesh",
    "districtCode": "S0206",
    "districtName": "UPPER SUBANSIRI",
    "acNumber": 22,
    "acName": "NACHO",
    "partNumber": 28,
    "partName": "EBIYA",
    "lat": 28.2343726,
    "lon": 94.1460886
  },
  {
    "partId": 790,
    "stateCode": "S02",
    "stateName": "Arunachal Pradesh",
    "districtCode": "S0206",
    "districtName": "UPPER SUBANSIRI",
    "acNumber": 22,
    "acName": "NACHO",
    "partNumber": 29,
    "partName": "TOYINGMURI",
    "lat": 28.2343726,
    "lon": 94.1460886
  },
  {
    "partId": 791,
    "stateCode": "S02",
    "stateName": "Arunachal Pradesh",
    "districtCode": "S0206",
    "districtName": "UPPER SUBANSIRI",
    "acNumber": 22,
    "acName": "NACHO",
    "partNumber": 30,
    "partName": "DUI",
    "lat": 28.2343726,
    "lon": 94.1460886
  },
  {
    "partId": 792,
    "stateCode": "S02",
    "stateName": "Arunachal Pradesh",
    "districtCode": "S0206",
    "districtName": "UPPER SUBANSIRI",
    "acNumber": 22,
    "acName": "NACHO",
    "partNumber": 31,
    "partName": "MOSU",
    "lat": 28.2343726,
    "lon": 94.1460886
  },
  {
    "partId": 793,
    "stateCode": "S02",
    "stateName": "Arunachal Pradesh",
    "districtCode": "S0206",
    "districtName": "UPPER SUBANSIRI",
    "acNumber": 22,
    "acName": "NACHO",
    "partNumber": 32,
    "partName": "SARTA",
    "lat": 28.2343726,
    "lon": 94.1460886
  },
  {
    "partId": 794,
    "stateCode": "S02",
    "stateName": "Arunachal Pradesh",
    "districtCode": "S0206",
    "districtName": "UPPER SUBANSIRI",
    "acNumber": 22,
    "acName": "NACHO",
    "partNumber": 33,
    "partName": "BOGIA SIYUM",
    "lat": 28.2343726,
    "lon": 94.1460886
  },
  {
    "partId": 795,
    "stateCode": "S02",
    "stateName": "Arunachal Pradesh",
    "districtCode": "S0206",
    "districtName": "UPPER SUBANSIRI",
    "acNumber": 22,
    "acName": "NACHO",
    "partNumber": 34,
    "partName": "JIMBARI",
    "lat": 28.2343726,
    "lon": 94.1460886
  },
  {
    "partId": 796,
    "stateCode": "S02",
    "stateName": "Arunachal Pradesh",
    "districtCode": "S0206",
    "districtName": "UPPER SUBANSIRI",
    "acNumber": 22,
    "acName": "NACHO",
    "partNumber": 35,
    "partName": "ERU",
    "lat": 28.2343726,
    "lon": 94.1460886
  },
  {
    "partId": 797,
    "stateCode": "S02",
    "stateName": "Arunachal Pradesh",
    "districtCode": "S0206",
    "districtName": "UPPER SUBANSIRI",
    "acNumber": 22,
    "acName": "NACHO",
    "partNumber": 36,
    "partName": "EKKE",
    "lat": 28.2343726,
    "lon": 94.1460886
  },
  {
    "partId": 798,
    "stateCode": "S02",
    "stateName": "Arunachal Pradesh",
    "districtCode": "S0206",
    "districtName": "UPPER SUBANSIRI",
    "acNumber": 22,
    "acName": "NACHO",
    "partNumber": 37,
    "partName": "EIYUM",
    "lat": 28.2343726,
    "lon": 94.1460886
  },
  {
    "partId": 799,
    "stateCode": "S02",
    "stateName": "Arunachal Pradesh",
    "districtCode": "S0206",
    "districtName": "UPPER SUBANSIRI",
    "acNumber": 22,
    "acName": "NACHO",
    "partNumber": 38,
    "partName": "JENERING",
    "lat": 28.2343726,
    "lon": 94.1460886
  },
  {
    "partId": 800,
    "stateCode": "S02",
    "stateName": "Arunachal Pradesh",
    "districtCode": "S0206",
    "districtName": "UPPER SUBANSIRI",
    "acNumber": 22,
    "acName": "NACHO",
    "partNumber": 39,
    "partName": "SIYUM HQ",
    "lat": 28.2343726,
    "lon": 94.1460886
  },
  {
    "partId": 801,
    "stateCode": "S02",
    "stateName": "Arunachal Pradesh",
    "districtCode": "S0206",
    "districtName": "UPPER SUBANSIRI",
    "acNumber": 22,
    "acName": "NACHO",
    "partNumber": 40,
    "partName": "PAPI",
    "lat": 28.2343726,
    "lon": 94.1460886
  },
  {
    "partId": 802,
    "stateCode": "S02",
    "stateName": "Arunachal Pradesh",
    "districtCode": "S0206",
    "districtName": "UPPER SUBANSIRI",
    "acNumber": 22,
    "acName": "NACHO",
    "partNumber": 41,
    "partName": "SINDAK",
    "lat": 28.2343726,
    "lon": 94.1460886
  },
  {
    "partId": 803,
    "stateCode": "S02",
    "stateName": "Arunachal Pradesh",
    "districtCode": "S0206",
    "districtName": "UPPER SUBANSIRI",
    "acNumber": 22,
    "acName": "NACHO",
    "partNumber": 42,
    "partName": "ROW",
    "lat": 28.2343726,
    "lon": 94.1460886
  },
  {
    "partId": 804,
    "stateCode": "S02",
    "stateName": "Arunachal Pradesh",
    "districtCode": "S0206",
    "districtName": "UPPER SUBANSIRI",
    "acNumber": 22,
    "acName": "NACHO",
    "partNumber": 43,
    "partName": "DILLING",
    "lat": 28.2343726,
    "lon": 94.1460886
  },
  {
    "partId": 805,
    "stateCode": "S02",
    "stateName": "Arunachal Pradesh",
    "districtCode": "S0206",
    "districtName": "UPPER SUBANSIRI",
    "acNumber": 22,
    "acName": "NACHO",
    "partNumber": 44,
    "partName": "PAGENALO",
    "lat": 28.2343726,
    "lon": 94.1460886
  },
  {
    "partId": 806,
    "stateCode": "S02",
    "stateName": "Arunachal Pradesh",
    "districtCode": "S0206",
    "districtName": "UPPER SUBANSIRI",
    "acNumber": 22,
    "acName": "NACHO",
    "partNumber": 45,
    "partName": "LENGI",
    "lat": 28.2343726,
    "lon": 94.1460886
  },
  {
    "partId": 807,
    "stateCode": "S02",
    "stateName": "Arunachal Pradesh",
    "districtCode": "S0206",
    "districtName": "UPPER SUBANSIRI",
    "acNumber": 23,
    "acName": "TALIHA",
    "partNumber": 1,
    "partName": "KAMSAR",
    "lat": 28.2343726,
    "lon": 94.1460886
  },
  {
    "partId": 808,
    "stateCode": "S02",
    "stateName": "Arunachal Pradesh",
    "districtCode": "S0206",
    "districtName": "UPPER SUBANSIRI",
    "acNumber": 23,
    "acName": "TALIHA",
    "partNumber": 2,
    "partName": "CHUKAMSAR",
    "lat": 28.2343726,
    "lon": 94.1460886
  },
  {
    "partId": 809,
    "stateCode": "S02",
    "stateName": "Arunachal Pradesh",
    "districtCode": "S0206",
    "districtName": "UPPER SUBANSIRI",
    "acNumber": 23,
    "acName": "TALIHA",
    "partNumber": 3,
    "partName": "ACHINGMURING",
    "lat": 28.2343726,
    "lon": 94.1460886
  },
  {
    "partId": 810,
    "stateCode": "S02",
    "stateName": "Arunachal Pradesh",
    "districtCode": "S0206",
    "districtName": "UPPER SUBANSIRI",
    "acNumber": 23,
    "acName": "TALIHA",
    "partNumber": 4,
    "partName": "ESSO",
    "lat": 28.2343726,
    "lon": 94.1460886
  },
  {
    "partId": 811,
    "stateCode": "S02",
    "stateName": "Arunachal Pradesh",
    "districtCode": "S0206",
    "districtName": "UPPER SUBANSIRI",
    "acNumber": 23,
    "acName": "TALIHA",
    "partNumber": 5,
    "partName": "EBO",
    "lat": 28.2343726,
    "lon": 94.1460886
  },
  {
    "partId": 812,
    "stateCode": "S02",
    "stateName": "Arunachal Pradesh",
    "districtCode": "S0206",
    "districtName": "UPPER SUBANSIRI",
    "acNumber": 23,
    "acName": "TALIHA",
    "partNumber": 6,
    "partName": "DAMBA",
    "lat": 28.2343726,
    "lon": 94.1460886
  },
  {
    "partId": 813,
    "stateCode": "S02",
    "stateName": "Arunachal Pradesh",
    "districtCode": "S0206",
    "districtName": "UPPER SUBANSIRI",
    "acNumber": 23,
    "acName": "TALIHA",
    "partNumber": 7,
    "partName": "LINGRAM",
    "lat": 28.2343726,
    "lon": 94.1460886
  },
  {
    "partId": 814,
    "stateCode": "S02",
    "stateName": "Arunachal Pradesh",
    "districtCode": "S0206",
    "districtName": "UPPER SUBANSIRI",
    "acNumber": 23,
    "acName": "TALIHA",
    "partNumber": 8,
    "partName": "DOYOM",
    "lat": 28.2343726,
    "lon": 94.1460886
  },
  {
    "partId": 815,
    "stateCode": "S02",
    "stateName": "Arunachal Pradesh",
    "districtCode": "S0206",
    "districtName": "UPPER SUBANSIRI",
    "acNumber": 23,
    "acName": "TALIHA",
    "partNumber": 9,
    "partName": "TALOMRIKTAK",
    "lat": 28.2343726,
    "lon": 94.1460886
  },
  {
    "partId": 816,
    "stateCode": "S02",
    "stateName": "Arunachal Pradesh",
    "districtCode": "S0206",
    "districtName": "UPPER SUBANSIRI",
    "acNumber": 23,
    "acName": "TALIHA",
    "partNumber": 10,
    "partName": "KODAK",
    "lat": 28.2343726,
    "lon": 94.1460886
  },
  {
    "partId": 817,
    "stateCode": "S02",
    "stateName": "Arunachal Pradesh",
    "districtCode": "S0206",
    "districtName": "UPPER SUBANSIRI",
    "acNumber": 23,
    "acName": "TALIHA",
    "partNumber": 11,
    "partName": "NIAGIO",
    "lat": 28.2343726,
    "lon": 94.1460886
  },
  {
    "partId": 818,
    "stateCode": "S02",
    "stateName": "Arunachal Pradesh",
    "districtCode": "S0206",
    "districtName": "UPPER SUBANSIRI",
    "acNumber": 23,
    "acName": "TALIHA",
    "partNumber": 12,
    "partName": "AGINKONIA",
    "lat": 28.2343726,
    "lon": 94.1460886
  },
  {
    "partId": 819,
    "stateCode": "S02",
    "stateName": "Arunachal Pradesh",
    "districtCode": "S0206",
    "districtName": "UPPER SUBANSIRI",
    "acNumber": 23,
    "acName": "TALIHA",
    "partNumber": 13,
    "partName": "DUCHOK",
    "lat": 28.2343726,
    "lon": 94.1460886
  },
  {
    "partId": 820,
    "stateCode": "S02",
    "stateName": "Arunachal Pradesh",
    "districtCode": "S0206",
    "districtName": "UPPER SUBANSIRI",
    "acNumber": 23,
    "acName": "TALIHA",
    "partNumber": 14,
    "partName": "NOGI",
    "lat": 28.2343726,
    "lon": 94.1460886
  },
  {
    "partId": 821,
    "stateCode": "S02",
    "stateName": "Arunachal Pradesh",
    "districtCode": "S0206",
    "districtName": "UPPER SUBANSIRI",
    "acNumber": 23,
    "acName": "TALIHA",
    "partNumber": 15,
    "partName": "DARBA",
    "lat": 28.2343726,
    "lon": 94.1460886
  },
  {
    "partId": 822,
    "stateCode": "S02",
    "stateName": "Arunachal Pradesh",
    "districtCode": "S0206",
    "districtName": "UPPER SUBANSIRI",
    "acNumber": 23,
    "acName": "TALIHA",
    "partNumber": 16,
    "partName": "PAKBA",
    "lat": 28.2343726,
    "lon": 94.1460886
  },
  {
    "partId": 823,
    "stateCode": "S02",
    "stateName": "Arunachal Pradesh",
    "districtCode": "S0206",
    "districtName": "UPPER SUBANSIRI",
    "acNumber": 23,
    "acName": "TALIHA",
    "partNumber": 17,
    "partName": "DOLORIPU",
    "lat": 28.2343726,
    "lon": 94.1460886
  },
  {
    "partId": 824,
    "stateCode": "S02",
    "stateName": "Arunachal Pradesh",
    "districtCode": "S0206",
    "districtName": "UPPER SUBANSIRI",
    "acNumber": 23,
    "acName": "TALIHA",
    "partNumber": 18,
    "partName": "TACHIRING",
    "lat": 28.2343726,
    "lon": 94.1460886
  },
  {
    "partId": 825,
    "stateCode": "S02",
    "stateName": "Arunachal Pradesh",
    "districtCode": "S0206",
    "districtName": "UPPER SUBANSIRI",
    "acNumber": 23,
    "acName": "TALIHA",
    "partNumber": 19,
    "partName": "NGABA",
    "lat": 28.2343726,
    "lon": 94.1460886
  },
  {
    "partId": 826,
    "stateCode": "S02",
    "stateName": "Arunachal Pradesh",
    "districtCode": "S0206",
    "districtName": "UPPER SUBANSIRI",
    "acNumber": 23,
    "acName": "TALIHA",
    "partNumber": 20,
    "partName": "PAKTUNG",
    "lat": 28.2343726,
    "lon": 94.1460886
  },
  {
    "partId": 827,
    "stateCode": "S02",
    "stateName": "Arunachal Pradesh",
    "districtCode": "S0206",
    "districtName": "UPPER SUBANSIRI",
    "acNumber": 23,
    "acName": "TALIHA",
    "partNumber": 21,
    "partName": "KAJI",
    "lat": 28.2343726,
    "lon": 94.1460886
  },
  {
    "partId": 828,
    "stateCode": "S02",
    "stateName": "Arunachal Pradesh",
    "districtCode": "S0206",
    "districtName": "UPPER SUBANSIRI",
    "acNumber": 23,
    "acName": "TALIHA",
    "partNumber": 22,
    "partName": "HANING",
    "lat": 28.2343726,
    "lon": 94.1460886
  },
  {
    "partId": 829,
    "stateCode": "S02",
    "stateName": "Arunachal Pradesh",
    "districtCode": "S0206",
    "districtName": "UPPER SUBANSIRI",
    "acNumber": 23,
    "acName": "TALIHA",
    "partNumber": 23,
    "partName": "TARBA",
    "lat": 28.2343726,
    "lon": 94.1460886
  },
  {
    "partId": 830,
    "stateCode": "S02",
    "stateName": "Arunachal Pradesh",
    "districtCode": "S0206",
    "districtName": "UPPER SUBANSIRI",
    "acNumber": 23,
    "acName": "TALIHA",
    "partNumber": 24,
    "partName": "PILLUNG MALING",
    "lat": 28.2343726,
    "lon": 94.1460886
  },
  {
    "partId": 831,
    "stateCode": "S02",
    "stateName": "Arunachal Pradesh",
    "districtCode": "S0206",
    "districtName": "UPPER SUBANSIRI",
    "acNumber": 23,
    "acName": "TALIHA",
    "partNumber": 25,
    "partName": "NYAMPU",
    "lat": 28.2343726,
    "lon": 94.1460886
  },
  {
    "partId": 832,
    "stateCode": "S02",
    "stateName": "Arunachal Pradesh",
    "districtCode": "S0206",
    "districtName": "UPPER SUBANSIRI",
    "acNumber": 23,
    "acName": "TALIHA",
    "partNumber": 26,
    "partName": "JARJORIAMUK",
    "lat": 28.2343726,
    "lon": 94.1460886
  },
  {
    "partId": 833,
    "stateCode": "S02",
    "stateName": "Arunachal Pradesh",
    "districtCode": "S0206",
    "districtName": "UPPER SUBANSIRI",
    "acNumber": 23,
    "acName": "TALIHA",
    "partNumber": 27,
    "partName": "PAKPUMALING",
    "lat": 28.2343726,
    "lon": 94.1460886
  },
  {
    "partId": 834,
    "stateCode": "S02",
    "stateName": "Arunachal Pradesh",
    "districtCode": "S0206",
    "districtName": "UPPER SUBANSIRI",
    "acNumber": 23,
    "acName": "TALIHA",
    "partNumber": 28,
    "partName": "GINGLO",
    "lat": 28.2343726,
    "lon": 94.1460886
  },
  {
    "partId": 835,
    "stateCode": "S02",
    "stateName": "Arunachal Pradesh",
    "districtCode": "S0206",
    "districtName": "UPPER SUBANSIRI",
    "acNumber": 23,
    "acName": "TALIHA",
    "partNumber": 29,
    "partName": "BARING",
    "lat": 28.2343726,
    "lon": 94.1460886
  },
  {
    "partId": 836,
    "stateCode": "S02",
    "stateName": "Arunachal Pradesh",
    "districtCode": "S0206",
    "districtName": "UPPER SUBANSIRI",
    "acNumber": 23,
    "acName": "TALIHA",
    "partNumber": 30,
    "partName": "KAMDA",
    "lat": 28.2343726,
    "lon": 94.1460886
  },
  {
    "partId": 837,
    "stateCode": "S02",
    "stateName": "Arunachal Pradesh",
    "districtCode": "S0206",
    "districtName": "UPPER SUBANSIRI",
    "acNumber": 23,
    "acName": "TALIHA",
    "partNumber": 31,
    "partName": "NUNGNU",
    "lat": 28.2343726,
    "lon": 94.1460886
  },
  {
    "partId": 838,
    "stateCode": "S02",
    "stateName": "Arunachal Pradesh",
    "districtCode": "S0206",
    "districtName": "UPPER SUBANSIRI",
    "acNumber": 23,
    "acName": "TALIHA",
    "partNumber": 32,
    "partName": "KAMRA",
    "lat": 28.2343726,
    "lon": 94.1460886
  },
  {
    "partId": 839,
    "stateCode": "S02",
    "stateName": "Arunachal Pradesh",
    "districtCode": "S0206",
    "districtName": "UPPER SUBANSIRI",
    "acNumber": 23,
    "acName": "TALIHA",
    "partNumber": 33,
    "partName": "CHINGRINGMURING",
    "lat": 28.2343726,
    "lon": 94.1460886
  },
  {
    "partId": 840,
    "stateCode": "S02",
    "stateName": "Arunachal Pradesh",
    "districtCode": "S0206",
    "districtName": "UPPER SUBANSIRI",
    "acNumber": 23,
    "acName": "TALIHA",
    "partNumber": 34,
    "partName": "GOGNEDUI",
    "lat": 28.2343726,
    "lon": 94.1460886
  },
  {
    "partId": 841,
    "stateCode": "S02",
    "stateName": "Arunachal Pradesh",
    "districtCode": "S0206",
    "districtName": "UPPER SUBANSIRI",
    "acNumber": 23,
    "acName": "TALIHA",
    "partNumber": 35,
    "partName": "RAMSING",
    "lat": 28.2343726,
    "lon": 94.1460886
  },
  {
    "partId": 842,
    "stateCode": "S02",
    "stateName": "Arunachal Pradesh",
    "districtCode": "S0206",
    "districtName": "UPPER SUBANSIRI",
    "acNumber": 23,
    "acName": "TALIHA",
    "partNumber": 36,
    "partName": "TALIHA HQ.( SOUTH)",
    "lat": 28.2343726,
    "lon": 94.1460886
  },
  {
    "partId": 843,
    "stateCode": "S02",
    "stateName": "Arunachal Pradesh",
    "districtCode": "S0206",
    "districtName": "UPPER SUBANSIRI",
    "acNumber": 23,
    "acName": "TALIHA",
    "partNumber": 37,
    "partName": "TALIHA HQ. (NORTH)",
    "lat": 28.2343726,
    "lon": 94.1460886
  },
  {
    "partId": 844,
    "stateCode": "S02",
    "stateName": "Arunachal Pradesh",
    "districtCode": "S0206",
    "districtName": "UPPER SUBANSIRI",
    "acNumber": 23,
    "acName": "TALIHA",
    "partNumber": 38,
    "partName": "DUPIT",
    "lat": 28.2343726,
    "lon": 94.1460886
  },
  {
    "partId": 845,
    "stateCode": "S02",
    "stateName": "Arunachal Pradesh",
    "districtCode": "S0206",
    "districtName": "UPPER SUBANSIRI",
    "acNumber": 23,
    "acName": "TALIHA",
    "partNumber": 39,
    "partName": "GANGA CAMP",
    "lat": 28.2343726,
    "lon": 94.1460886
  },
  {
    "partId": 846,
    "stateCode": "S02",
    "stateName": "Arunachal Pradesh",
    "districtCode": "S0206",
    "districtName": "UPPER SUBANSIRI",
    "acNumber": 23,
    "acName": "TALIHA",
    "partNumber": 40,
    "partName": "RIGIA",
    "lat": 28.2343726,
    "lon": 94.1460886
  },
  {
    "partId": 847,
    "stateCode": "S02",
    "stateName": "Arunachal Pradesh",
    "districtCode": "S0206",
    "districtName": "UPPER SUBANSIRI",
    "acNumber": 23,
    "acName": "TALIHA",
    "partNumber": 41,
    "partName": "BIMPAK",
    "lat": 28.2343726,
    "lon": 94.1460886
  },
  {
    "partId": 848,
    "stateCode": "S02",
    "stateName": "Arunachal Pradesh",
    "districtCode": "S0206",
    "districtName": "UPPER SUBANSIRI",
    "acNumber": 23,
    "acName": "TALIHA",
    "partNumber": 42,
    "partName": "TIMBA",
    "lat": 28.2343726,
    "lon": 94.1460886
  },
  {
    "partId": 849,
    "stateCode": "S02",
    "stateName": "Arunachal Pradesh",
    "districtCode": "S0206",
    "districtName": "UPPER SUBANSIRI",
    "acNumber": 23,
    "acName": "TALIHA",
    "partNumber": 43,
    "partName": "PODAMARA",
    "lat": 28.2343726,
    "lon": 94.1460886
  },
  {
    "partId": 850,
    "stateCode": "S02",
    "stateName": "Arunachal Pradesh",
    "districtCode": "S0206",
    "districtName": "UPPER SUBANSIRI",
    "acNumber": 23,
    "acName": "TALIHA",
    "partNumber": 44,
    "partName": "BOGNE",
    "lat": 28.2343726,
    "lon": 94.1460886
  },
  {
    "partId": 851,
    "stateCode": "S02",
    "stateName": "Arunachal Pradesh",
    "districtCode": "S0206",
    "districtName": "UPPER SUBANSIRI",
    "acNumber": 23,
    "acName": "TALIHA",
    "partNumber": 45,
    "partName": "MO-MARA",
    "lat": 28.2343726,
    "lon": 94.1460886
  },
  {
    "partId": 852,
    "stateCode": "S02",
    "stateName": "Arunachal Pradesh",
    "districtCode": "S0206",
    "districtName": "UPPER SUBANSIRI",
    "acNumber": 23,
    "acName": "TALIHA",
    "partNumber": 46,
    "partName": "MERINGMARA",
    "lat": 28.2343726,
    "lon": 94.1460886
  },
  {
    "partId": 853,
    "stateCode": "S02",
    "stateName": "Arunachal Pradesh",
    "districtCode": "S0206",
    "districtName": "UPPER SUBANSIRI",
    "acNumber": 23,
    "acName": "TALIHA",
    "partNumber": 47,
    "partName": "NINGTEMURI",
    "lat": 28.2343726,
    "lon": 94.1460886
  },
  {
    "partId": 854,
    "stateCode": "S02",
    "stateName": "Arunachal Pradesh",
    "districtCode": "S0206",
    "districtName": "UPPER SUBANSIRI",
    "acNumber": 23,
    "acName": "TALIHA",
    "partNumber": 48,
    "partName": "LEPAJARING",
    "lat": 28.2343726,
    "lon": 94.1460886
  },
  {
    "partId": 855,
    "stateCode": "S02",
    "stateName": "Arunachal Pradesh",
    "districtCode": "S0206",
    "districtName": "UPPER SUBANSIRI",
    "acNumber": 23,
    "acName": "TALIHA",
    "partNumber": 49,
    "partName": "MENGA",
    "lat": 28.2343726,
    "lon": 94.1460886
  },
  {
    "partId": 856,
    "stateCode": "S02",
    "stateName": "Arunachal Pradesh",
    "districtCode": "S0206",
    "districtName": "UPPER SUBANSIRI",
    "acNumber": 23,
    "acName": "TALIHA",
    "partNumber": 50,
    "partName": "REDDING",
    "lat": 28.2343726,
    "lon": 94.1460886
  },
  {
    "partId": 857,
    "stateCode": "S02",
    "stateName": "Arunachal Pradesh",
    "districtCode": "S0206",
    "districtName": "UPPER SUBANSIRI",
    "acNumber": 23,
    "acName": "TALIHA",
    "partNumber": 51,
    "partName": "NAYAM",
    "lat": 28.2343726,
    "lon": 94.1460886
  }
]