[
  {
    "partId": 200,
    "stateCode": "S02",
    "stateName": "Arunachal Pradesh",
    "districtCode": "S0202",
    "districtName": "WEST KAMENG",
    "acNumber": 7,
    "acName": "BOMDILA",
    "partNumber": 1,
    "partName": "BOMDILA URBAN -A"
  },
  {
    "partId": 201,
    "stateCode": "S02",
    "stateName": "Arunachal Pradesh",
    "districtCode": "S0202",
    "districtName": "WEST KAMENG",
    "acNumber": 7,
    "acName": "BOMDILA",
    "partNumber": 2,
    "partName": "BOMDILA URBAN - B"
  },
  {
    "partId": 202,
    "stateCode": "S02",
    "stateName": "Arunachal Pradesh",
    "districtCode": "S0202",
    "districtName": "WEST KAMENG",
    "acNumber": 7,
    "acName": "BOMDILA",
    "partNumber": 3,
    "partName": "BOMDILA URBAN - C(West Wing)"
  },
  {
    "partId": 203,
    "stateCode": "S02",
    "stateName": "Arunachal Pradesh",
    "districtCode": "S0202",
    "districtName": "WEST KAMENG",
    "acNumber": 7,
    "acName": "BOMDILA",
    "partNumber": 4,
    "partName": "BOMDILA URBAN - C(East Wing)"
  },
  {
    "partId": 204,
    "stateCode": "S02",
    "stateName": "Arunachal Pradesh",
    "districtCode": "S0202",
    "districtName": "WEST KAMENG",
    "acNumber": 7,
    "acName": "BOMDILA",
    "partNumber": 5,
    "partName": "BOMDILA URBAN - D"
  },
  {
    "partId": 205,
    "stateCode": "S02",
    "stateName": "Arunachal Pradesh",
    "districtCode": "S0202",
    "districtName": "WEST KAMENG",
    "acNumber": 7,
    "acName": "BOMDILA",
    "partNumber": 6,
    "partName": "PEDUNG"
  },
  {
    "partId": 206,
    "stateCode": "S02",
    "stateName": "Arunachal Pradesh",
    "districtCode": "S0202",
    "districtName": "WEST KAMENG",
    "acNumber": 7,
    "acName": "BOMDILA",
    "partNumber": 7,
    "partName": "SERA VILLAGE"
  },
  {
    "partId": 207,
    "stateCode": "S02",
    "stateName": "Arunachal Pradesh",
    "districtCode": "S0202",
    "districtName": "WEST KAMENG",
    "acNumber": 7,
    "acName": "BOMDILA",
    "partNumber": 8,
    "partName": "NAFRA ADMIN HQ (EAST WING)"
  },
  {
    "partId": 208,
    "stateCode": "S02",
    "stateName": "Arunachal Pradesh",
    "districtCode": "S0202",
    "districtName": "WEST KAMENG",
    "acNumber": 7,
    "acName": "BOMDILA",
    "partNumber": 9,
    "partName": "NAFRA ADMIN HQ (WEST WING)"
  },
  {
    "partId": 209,
    "stateCode": "S02",
    "stateName": "Arunachal Pradesh",
    "districtCode": "S0202",
    "districtName": "WEST KAMENG",
    "acNumber": 7,
    "acName": "BOMDILA",
    "partNumber": 10,
    "partName": "UPPER DZONG"
  },
  {
    "partId": 210,
    "stateCode": "S02",
    "stateName": "Arunachal Pradesh",
    "districtCode": "S0202",
    "districtName": "WEST KAMENG",
    "acNumber": 7,
    "acName": "BOMDILA",
    "partNumber": 11,
    "partName": "LONGTIN"
  },
  {
    "partId": 211,
    "stateCode": "S02",
    "stateName": "Arunachal Pradesh",
    "districtCode": "S0202",
    "districtName": "WEST KAMENG",
    "acNumber": 7,
    "acName": "BOMDILA",
    "partNumber": 12,
    "partName": "NAKHU"
  },
  {
    "partId": 212,
    "stateCode": "S02",
    "stateName": "Arunachal Pradesh",
    "districtCode": "S0202",
    "districtName": "WEST KAMENG",
    "acNumber": 7,
    "acName": "BOMDILA",
    "partNumber": 13,
    "partName": "SANCHIPAM"
  },
  {
    "partId": 213,
    "stateCode": "S02",
    "stateName": "Arunachal Pradesh",
    "districtCode": "S0202",
    "districtName": "WEST KAMENG",
    "acNumber": 7,
    "acName": "BOMDILA",
    "partNumber": 14,
    "partName": "NACHIBAN"
  },
  {
    "partId": 214,
    "stateCode": "S02",
    "stateName": "Arunachal Pradesh",
    "districtCode": "S0202",
    "districtName": "WEST KAMENG",
    "acNumber": 7,
    "acName": "BOMDILA",
    "partNumber": 15,
    "partName": "DITCHIK"
  },
  {
    "partId": 215,
    "stateCode": "S02",
    "stateName": "Arunachal Pradesh",
    "districtCode": "S0202",
    "districtName": "WEST KAMENG",
    "acNumber": 7,
    "acName": "BOMDILA",
    "partNumber": 16,
    "partName": "RURANG"
  },
  {
    "partId": 216,
    "stateCode": "S02",
    "stateName": "Arunachal Pradesh",
    "districtCode": "S0202",
    "districtName": "WEST KAMENG",
    "acNumber": 7,
    "acName": "BOMDILA",
    "partNumber": 17,
    "partName": "JERIGAON"
  },
  {
    "partId": 217,
    "stateCode": "S02",
    "stateName": "Arunachal Pradesh",
    "districtCode": "S0202",
    "districtName": "WEST KAMENG",
    "acNumber": 7,
    "acName": "BOMDILA",
    "partNumber": 18,
    "partName": "DUTHUNG"
  },
  {
    "partId": 218,
    "stateCode": "S02",
    "stateName": "Arunachal Pradesh",
    "districtCode": "S0202",
    "districtName": "WEST KAMENG",
    "acNumber": 7,
    "acName": "BOMDILA",
    "partNumber": 19,
    "partName": "KHOINA"
  },
  {
    "partId": 219,
    "stateCode": "S02",
    "stateName": "Arunachal Pradesh",
    "districtCode": "S0202",
    "districtName": "WEST KAMENG",
    "acNumber": 7,
    "acName": "BOMDILA",
    "partNumber": 20,
    "partName": "DINGCHANGPAM"
  },
  {
    "partId": 220,
    "stateCode": "S02",
    "stateName": "Arunachal Pradesh",
    "districtCode": "S0202",
    "districtName": "WEST KAMENG",
    "acNumber": 7,
    "acName": "BOMDILA",
    "partNumber": 21,
    "partName": "SADDLE"
  },
  {
    "partId": 221,
    "stateCode": "S02",
    "stateName": "Arunachal Pradesh",
    "districtCode": "S0202",
    "districtName": "WEST KAMENG",
    "acNumber": 7,
    "acName": "BOMDILA",
    "partNumber": 22,
    "partName": "KHELLONG"
  },
  {
    "partId": 222,
    "stateCode": "S02",
    "stateName": "Arunachal Pradesh",
    "districtCode": "S0202",
    "districtName": "WEST KAMENG",
    "acNumber": 7,
    "acName": "BOMDILA",
    "partNumber": 23,
    "partName": "NIZUNG"
  },
  {
    "partId": 223,
    "stateCode": "S02",
    "stateName": "Arunachal Pradesh",
    "districtCode": "S0202",
    "districtName": "WEST KAMENG",
    "acNumber": 7,
    "acName": "BOMDILA",
    "partNumber": 24,
    "partName": "KHAZALONG"
  },
  {
    "partId": 224,
    "stateCode": "S02",
    "stateName": "Arunachal Pradesh",
    "districtCode": "S0202",
    "districtName": "WEST KAMENG",
    "acNumber": 7,
    "acName": "BOMDILA",
    "partNumber": 25,
    "partName": "LAPUSA"
  },
  {
    "partId": 225,
    "stateCode": "S02",
    "stateName": "Arunachal Pradesh",
    "districtCode": "S0202",
    "districtName": "WEST KAMENG",
    "acNumber": 7,
    "acName": "BOMDILA",
    "partNumber": 26,
    "partName": "JANACHING"
  },
  {
    "partId": 226,
    "stateCode": "S02",
    "stateName": "Arunachal Pradesh",
    "districtCode": "S0202",
    "districtName": "WEST KAMENG",
    "acNumber": 7,
    "acName": "BOMDILA",
    "partNumber": 27,
    "partName": "CHALLAN"
  },
  {
    "partId": 227,
    "stateCode": "S02",
    "stateName": "Arunachal Pradesh",
    "districtCode": "S0202",
    "districtName": "WEST KAMENG",
    "acNumber": 7,
    "acName": "BOMDILA",
    "partNumber": 28,
    "partName": "MATHOW"
  },
  {
    "partId": 228,
    "stateCode": "S02",
    "stateName": "Arunachal Pradesh",
    "districtCode": "S0202",
    "districtName": "WEST KAMENG",
    "acNumber": 7,
    "acName": "BOMDILA",
    "partNumber": 29,
    "partName": "CHINLANG"
  },
  {
    "partId": 229,
    "stateCode": "S02",
    "stateName": "Arunachal Pradesh",
    "districtCode": "S0202",
    "districtName": "WEST KAMENG",
    "acNumber": 7,
    "acName": "BOMDILA",
    "partNumber": 30,
    "partName": "BULU"
  },
  {
    "partId": 230,
    "stateCode": "S02",
    "stateName": "Arunachal Pradesh",
    "districtCode": "S0202",
    "districtName": "WEST KAMENG",
    "acNumber": 7,
    "acName": "BOMDILA",
    "partNumber": 31,
    "partName": "DIBBIN"
  },
  {
    "partId": 231,
    "stateCode": "S02",
    "stateName": "Arunachal Pradesh",
    "districtCode": "S0202",
    "districtName": "WEST KAMENG",
    "acNumber": 7,
    "acName": "BOMDILA",
    "partNumber": 32,
    "partName": "DIBRICK"
  },
  {
    "partId": 232,
    "stateCode": "S02",
    "stateName": "Arunachal Pradesh",
    "districtCode": "S0202",
    "districtName": "WEST KAMENG",
    "acNumber": 7,
    "acName": "BOMDILA",
    "partNumber": 33,
    "partName": "NAJANG"
  },
  {
    "partId": 233,
    "stateCode": "S02",
    "stateName": "Arunachal Pradesh",
    "districtCode": "S0202",
    "districtName": "WEST KAMENG",
    "acNumber": 7,
    "acName": "BOMDILA",
    "partNumber": 34,
    "partName": "DILLING"
  },
  {
    "partId": 234,
    "stateCode": "S02",
    "stateName": "Arunachal Pradesh",
    "districtCode": "S0202",
    "districtName": "WEST KAMENG",
    "acNumber": 7,
    "acName": "BOMDILA",
    "partNumber": 35,
    "partName": "DISHING"
  },
  {
    "partId": 78,
    "stateCode": "S02",
    "stateName": "Arunachal Pradesh",
    "districtCode": "S0202",
    "districtName": "WEST KAMENG",
    "acNumber": 4,
    "acName": "DIRANG",
    "partNumber": 1,
    "partName": "DIRANG VILLAGE"
  },
  {
    "partId": 79,
    "stateCode": "S02",
    "stateName": "Arunachal Pradesh",
    "districtCode": "S0202",
    "districtName": "WEST KAMENG",
    "acNumber": 4,
    "acName": "DIRANG",
    "partNumber": 2,
    "partName": "DIRANG VILLAGE"
  },
  {
    "partId": 80,
    "stateCode": "S02",
    "stateName": "Arunachal Pradesh",
    "districtCode": "S0202",
    "districtName": "WEST KAMENG",
    "acNumber": 4,
    "acName": "DIRANG",
    "partNumber": 3,
    "partName": "PHADAM"
  },
  {
    "partId": 81,
    "stateCode": "S02",
    "stateName": "Arunachal Pradesh",
    "districtCode": "S0202",
    "districtName": "WEST KAMENG",
    "acNumber": 4,
    "acName": "DIRANG",
    "partNumber": 4,
    "partName": "NAMTHUNG"
  },
  {
    "partId": 82,
    "stateCode": "S02",
    "stateName": "Arunachal Pradesh",
    "districtCode": "S0202",
    "districtName": "WEST KAMENG",
    "acNumber": 4,
    "acName": "DIRANG",
    "partNumber": 5,
    "partName": "ZIMTHUNG"
  },
  {
    "partId": 83,
    "stateCode": "S02",
    "stateName": "Arunachal Pradesh",
    "districtCode": "S0202",
    "districtName": "WEST KAMENG",
    "acNumber": 4,
    "acName": "DIRANG",
    "partNumber": 6,
    "partName": "BARCHIPAM"
  },
  {
    "partId": 84,
    "stateCode": "S02",
    "stateName": "Arunachal Pradesh",
    "districtCode": "S0202",
    "districtName": "WEST KAMENG",
    "acNumber": 4,
    "acName": "DIRANG",
    "partNumber": 7,
    "partName": "SAGAR VILLAGE"
  },
  {
    "partId": 85,
    "stateCode": "S02",
    "stateName": "Arunachal Pradesh",
    "districtCode": "S0202",
    "districtName": "WEST KAMENG",
    "acNumber": 4,
    "acName": "DIRANG",
    "partNumber": 8,
    "partName": "SANGTI"
  },
  {
    "partId": 86,
    "stateCode": "S02",
    "stateName": "Arunachal Pradesh",
    "districtCode": "S0202",
    "districtName": "WEST KAMENG",
    "acNumber": 4,
    "acName": "DIRANG",
    "partNumber": 9,
    "partName": "SANGTI (BISHUM PHUDUNG)"
  },
  {
    "partId": 87,
    "stateCode": "S02",
    "stateName": "Arunachal Pradesh",
    "districtCode": "S0202",
    "districtName": "WEST KAMENG",
    "acNumber": 4,
    "acName": "DIRANG",
    "partNumber": 10,
    "partName": "KHASSO"
  },
  {
    "partId": 88,
    "stateCode": "S02",
    "stateName": "Arunachal Pradesh",
    "districtCode": "S0202",
    "districtName": "WEST KAMENG",
    "acNumber": 4,
    "acName": "DIRANG",
    "partNumber": 11,
    "partName": "LISH GOMPACHE"
  },
  {
    "partId": 89,
    "stateCode": "S02",
    "stateName": "Arunachal Pradesh",
    "districtCode": "S0202",
    "districtName": "WEST KAMENG",
    "acNumber": 4,
    "acName": "DIRANG",
    "partNumber": 12,
    "partName": "LISH"
  },
  {
    "partId": 90,
    "stateCode": "S02",
    "stateName": "Arunachal Pradesh",
    "districtCode": "S0202",
    "districtName": "WEST KAMENG",
    "acNumber": 4,
    "acName": "DIRANG",
    "partNumber": 13,
    "partName": "RAMA CAMP"
  },
  {
    "partId": 91,
    "stateCode": "S02",
    "stateName": "Arunachal Pradesh",
    "districtCode": "S0202",
    "districtName": "WEST KAMENG",
    "acNumber": 4,
    "acName": "DIRANG",
    "partNumber": 14,
    "partName": "SAPPER CAMP"
  },
  {
    "partId": 92,
    "stateCode": "S02",
    "stateName": "Arunachal Pradesh",
    "districtCode": "S0202",
    "districtName": "WEST KAMENG",
    "acNumber": 4,
    "acName": "DIRANG",
    "partNumber": 15,
    "partName": "CHUG"
  },
  {
    "partId": 93,
    "stateCode": "S02",
    "stateName": "Arunachal Pradesh",
    "districtCode": "S0202",
    "districtName": "WEST KAMENG",
    "acNumber": 4,
    "acName": "DIRANG",
    "partNumber": 16,
    "partName": "SANGE"
  },
  {
    "partId": 94,
    "stateCode": "S02",
    "stateName": "Arunachal Pradesh",
    "districtCode": "S0202",
    "districtName": "WEST KAMENG",
    "acNumber": 4,
    "acName": "DIRANG",
    "partNumber": 17,
    "partName": "DUNDRI"
  },
  {
    "partId": 95,
    "stateCode": "S02",
    "stateName": "Arunachal Pradesh",
    "districtCode": "S0202",
    "districtName": "WEST KAMENG",
    "acNumber": 4,
    "acName": "DIRANG",
    "partNumber": 18,
    "partName": "NYUKMADUNG"
  },
  {
    "partId": 96,
    "stateCode": "S02",
    "stateName": "Arunachal Pradesh",
    "districtCode": "S0202",
    "districtName": "WEST KAMENG",
    "acNumber": 4,
    "acName": "DIRANG",
    "partNumber": 19,
    "partName": "DIRANG HQ (EAST WING)"
  },
  {
    "partId": 97,
    "stateCode": "S02",
    "stateName": "Arunachal Pradesh",
    "districtCode": "S0202",
    "districtName": "WEST KAMENG",
    "acNumber": 4,
    "acName": "DIRANG",
    "partNumber": 20,
    "partName": "DIRANG HQ (WEST WING)"
  },
  {
    "partId": 98,
    "stateCode": "S02",
    "stateName": "Arunachal Pradesh",
    "districtCode": "S0202",
    "districtName": "WEST KAMENG",
    "acNumber": 4,
    "acName": "DIRANG",
    "partNumber": 21,
    "partName": "YEWANG"
  },
  {
    "partId": 99,
    "stateCode": "S02",
    "stateName": "Arunachal Pradesh",
    "districtCode": "S0202",
    "districtName": "WEST KAMENG",
    "acNumber": 4,
    "acName": "DIRANG",
    "partNumber": 22,
    "partName": "JYOTINAGAR"
  },
  {
    "partId": 100,
    "stateCode": "S02",
    "stateName": "Arunachal Pradesh",
    "districtCode": "S0202",
    "districtName": "WEST KAMENG",
    "acNumber": 4,
    "acName": "DIRANG",
    "partNumber": 23,
    "partName": "MANDALA PHUDUNG"
  },
  {
    "partId": 101,
    "stateCode": "S02",
    "stateName": "Arunachal Pradesh",
    "districtCode": "S0202",
    "districtName": "WEST KAMENG",
    "acNumber": 4,
    "acName": "DIRANG",
    "partNumber": 24,
    "partName": "KHELLONG"
  },
  {
    "partId": 102,
    "stateCode": "S02",
    "stateName": "Arunachal Pradesh",
    "districtCode": "S0202",
    "districtName": "WEST KAMENG",
    "acNumber": 4,
    "acName": "DIRANG",
    "partNumber": 25,
    "partName": "THEMBANG"
  },
  {
    "partId": 103,
    "stateCode": "S02",
    "stateName": "Arunachal Pradesh",
    "districtCode": "S0202",
    "districtName": "WEST KAMENG",
    "acNumber": 4,
    "acName": "DIRANG",
    "partNumber": 26,
    "partName": "LACHANG"
  },
  {
    "partId": 104,
    "stateCode": "S02",
    "stateName": "Arunachal Pradesh",
    "districtCode": "S0202",
    "districtName": "WEST KAMENG",
    "acNumber": 4,
    "acName": "DIRANG",
    "partNumber": 27,
    "partName": "PANGMA"
  },
  {
    "partId": 105,
    "stateCode": "S02",
    "stateName": "Arunachal Pradesh",
    "districtCode": "S0202",
    "districtName": "WEST KAMENG",
    "acNumber": 4,
    "acName": "DIRANG",
    "partNumber": 28,
    "partName": "GUMTHUNG"
  },
  {
    "partId": 106,
    "stateCode": "S02",
    "stateName": "Arunachal Pradesh",
    "districtCode": "S0202",
    "districtName": "WEST KAMENG",
    "acNumber": 4,
    "acName": "DIRANG",
    "partNumber": 29,
    "partName": "SEMNAK"
  },
  {
    "partId": 107,
    "stateCode": "S02",
    "stateName": "Arunachal Pradesh",
    "districtCode": "S0202",
    "districtName": "WEST KAMENG",
    "acNumber": 4,
    "acName": "DIRANG",
    "partNumber": 30,
    "partName": "CHANDER"
  },
  {
    "partId": 108,
    "stateCode": "S02",
    "stateName": "Arunachal Pradesh",
    "districtCode": "S0202",
    "districtName": "WEST KAMENG",
    "acNumber": 4,
    "acName": "DIRANG",
    "partNumber": 31,
    "partName": "LAGAM"
  },
  {
    "partId": 109,
    "stateCode": "S02",
    "stateName": "Arunachal Pradesh",
    "districtCode": "S0202",
    "districtName": "WEST KAMENG",
    "acNumber": 4,
    "acName": "DIRANG",
    "partNumber": 32,
    "partName": "NAMSHU"
  },
  {
    "partId": 110,
    "stateCode": "S02",
    "stateName": "Arunachal Pradesh",
    "districtCode": "S0202",
    "districtName": "WEST KAMENG",
    "acNumber": 4,
    "acName": "DIRANG",
    "partNumber": 33,
    "partName": "MUNNA CAMP"
  },
  {
    "partId": 111,
    "stateCode": "S02",
    "stateName": "Arunachal Pradesh",
    "districtCode": "S0202",
    "districtName": "WEST KAMENG",
    "acNumber": 4,
    "acName": "DIRANG",
    "partNumber": 34,
    "partName": "CHARRONG"
  },
  {
    "partId": 112,
    "stateCode": "S02",
    "stateName": "Arunachal Pradesh",
    "districtCode": "S0202",
    "districtName": "WEST KAMENG",
    "acNumber": 4,
    "acName": "DIRANG",
    "partNumber": 35,
    "partName": "KHALIBOK"
  },
  {
    "partId": 113,
    "stateCode": "S02",
    "stateName": "Arunachal Pradesh",
    "districtCode": "S0202",
    "districtName": "WEST KAMENG",
    "acNumber": 4,
    "acName": "DIRANG",
    "partNumber": 36,
    "partName": "LUBRANG"
  },
  {
    "partId": 114,
    "stateCode": "S02",
    "stateName": "Arunachal Pradesh",
    "districtCode": "S0202",
    "districtName": "WEST KAMENG",
    "acNumber": 4,
    "acName": "DIRANG",
    "partNumber": 37,
    "partName": "DARBU"
  },
  {
    "partId": 115,
    "stateCode": "S02",
    "stateName": "Arunachal Pradesh",
    "districtCode": "S0202",
    "districtName": "WEST KAMENG",
    "acNumber": 4,
    "acName": "DIRANG",
    "partNumber": 38,
    "partName": "DANGSING"
  },
  {
    "partId": 116,
    "stateCode": "S02",
    "stateName": "Arunachal Pradesh",
    "districtCode": "S0202",
    "districtName": "WEST KAMENG",
    "acNumber": 4,
    "acName": "DIRANG",
    "partNumber": 39,
    "partName": "WARJUNG"
  },
  {
    "partId": 117,
    "stateCode": "S02",
    "stateName": "Arunachal Pradesh",
    "districtCode": "S0202",
    "districtName": "WEST KAMENG",
    "acNumber": 4,
    "acName": "DIRANG",
    "partNumber": 40,
    "partName": "RAHUNG"
  },
  {
    "partId": 118,
    "stateCode": "S02",
    "stateName": "Arunachal Pradesh",
    "districtCode": "S0202",
    "districtName": "WEST KAMENG",
    "acNumber": 4,
    "acName": "DIRANG",
    "partNumber": 41,
    "partName": "SALARI"
  },
  {
    "partId": 119,
    "stateCode": "S02",
    "stateName": "Arunachal Pradesh",
    "districtCode": "S0202",
    "districtName": "WEST KAMENG",
    "acNumber": 5,
    "acName": "KALAKTANG",
    "partNumber": 1,
    "partName": "KALAKTANG TOWN"
  },
  {
    "partId": 120,
    "stateCode": "S02",
    "stateName": "Arunachal Pradesh",
    "districtCode": "S0202",
    "districtName": "WEST KAMENG",
    "acNumber": 5,
    "acName": "KALAKTANG",
    "partNumber": 2,
    "partName": "KALAKTANG VILLAGE"
  },
  {
    "partId": 121,
    "stateCode": "S02",
    "stateName": "Arunachal Pradesh",
    "districtCode": "S0202",
    "districtName": "WEST KAMENG",
    "acNumber": 5,
    "acName": "KALAKTANG",
    "partNumber": 3,
    "partName": "SAMPHUNG"
  },
  {
    "partId": 122,
    "stateCode": "S02",
    "stateName": "Arunachal Pradesh",
    "districtCode": "S0202",
    "districtName": "WEST KAMENG",
    "acNumber": 5,
    "acName": "KALAKTANG",
    "partNumber": 4,
    "partName": "CHINGI"
  },
  {
    "partId": 123,
    "stateCode": "S02",
    "stateName": "Arunachal Pradesh",
    "districtCode": "S0202",
    "districtName": "WEST KAMENG",
    "acNumber": 5,
    "acName": "KALAKTANG",
    "partNumber": 5,
    "partName": "KAMALENCHEN"
  },
  {
    "partId": 124,
    "stateCode": "S02",
    "stateName": "Arunachal Pradesh",
    "districtCode": "S0202",
    "districtName": "WEST KAMENG",
    "acNumber": 5,
    "acName": "KALAKTANG",
    "partNumber": 6,
    "partName": "TENZINGAON"
  },
  {
    "partId": 125,
    "stateCode": "S02",
    "stateName": "Arunachal Pradesh",
    "districtCode": "S0202",
    "districtName": "WEST KAMENG",
    "acNumber": 5,
    "acName": "KALAKTANG",
    "partNumber": 7,
    "partName": "MORSHING"
  },
  {
    "partId": 126,
    "stateCode": "S02",
    "stateName": "Arunachal Pradesh",
    "districtCode": "S0202",
    "districtName": "WEST KAMENG",
    "acNumber": 5,
    "acName": "KALAKTANG",
    "partNumber": 8,
    "partName": "WARANGPAM"
  },
  {
    "partId": 127,
    "stateCode": "S02",
    "stateName": "Arunachal Pradesh",
    "districtCode": "S0202",
    "districtName": "WEST KAMENG",
    "acNumber": 5,
    "acName": "KALAKTANG",
    "partNumber": 9,
    "partName": "SAMDRUNG"
  },
  {
    "partId": 128,
    "stateCode": "S02",
    "stateName": "Arunachal Pradesh",
    "districtCode": "S0202",
    "districtName": "WEST KAMENG",
    "acNumber": 5,
    "acName": "KALAKTANG",
    "partNumber": 10,
    "partName": "BROKPALENCHEN"
  },
  {
    "partId": 129,
    "stateCode": "S02",
    "stateName": "Arunachal Pradesh",
    "districtCode": "S0202",
    "districtName": "WEST KAMENG",
    "acNumber": 5,
    "acName": "KALAKTANG",
    "partNumber": 11,
    "partName": "LIPHAKPU"
  },
  {
    "partId": 130,
    "stateCode": "S02",
    "stateName": "Arunachal Pradesh",
    "districtCode": "S0202",
    "districtName": "WEST KAMENG",
    "acNumber": 5,
    "acName": "KALAKTANG",
    "partNumber": 12,
    "partName": "DENGZI"
  },
  {
    "partId": 131,
    "stateCode": "S02",
    "stateName": "Arunachal Pradesh",
    "districtCode": "S0202",
    "districtName": "WEST KAMENG",
    "acNumber": 5,
    "acName": "KALAKTANG",
    "partNumber": 13,
    "partName": "ANKALING"
  },
  {
    "partId": 132,
    "stateCode": "S02",
    "stateName": "Arunachal Pradesh",
    "districtCode": "S0202",
    "districtName": "WEST KAMENG",
    "acNumber": 5,
    "acName": "KALAKTANG",
    "partNumber": 14,
    "partName": "RANGTHANGJOR"
  },
  {
    "partId": 133,
    "stateCode": "S02",
    "stateName": "Arunachal Pradesh",
    "districtCode": "S0202",
    "districtName": "WEST KAMENG",
    "acNumber": 5,
    "acName": "KALAKTANG",
    "partNumber": 15,
    "partName": "BOHA"
  },
  {
    "partId": 134,
    "stateCode": "S02",
    "stateName": "Arunachal Pradesh",
    "districtCode": "S0202",
    "districtName": "WEST KAMENG",
    "acNumber": 5,
    "acName": "KALAKTANG",
    "partNumber": 16,
    "partName": "YULONGRIPAM"
  },
  {
    "partId": 135,
    "stateCode": "S02",
    "stateName": "Arunachal Pradesh",
    "districtCode": "S0202",
    "districtName": "WEST KAMENG",
    "acNumber": 5,
    "acName": "KALAKTANG",
    "partNumber": 17,
    "partName": "BETCHILLING"
  },
  {
    "partId": 136,
    "stateCode": "S02",
    "stateName": "Arunachal Pradesh",
    "districtCode": "S0202",
    "districtName": "WEST KAMENG",
    "acNumber": 5,
    "acName": "KALAKTANG",
    "partNumber": 18,
    "partName": "LUNGDUR"
  },
  {
    "partId": 137,
    "stateCode": "S02",
    "stateName": "Arunachal Pradesh",
    "districtCode": "S0202",
    "districtName": "WEST KAMENG",
    "acNumber": 5,
    "acName": "KALAKTANG",
    "partNumber": 19,
    "partName": "BALEMU"
  },
  {
    "partId": 138,
    "stateCode": "S02",
    "stateName": "Arunachal Pradesh",
    "districtCode": "S0202",
    "districtName": "WEST KAMENG",
    "acNumber": 5,
    "acName": "KALAKTANG",
    "partNumber": 20,
    "partName": "1301 CHAIN LABOUR CAMP"
  },
  {
    "partId": 139,
    "stateCode": "S02",
    "stateName": "Arunachal Pradesh",
    "districtCode": "S0202",
    "districtName": "WEST KAMENG",
    "acNumber": 5,
    "acName": "KALAKTANG",
    "partNumber": 21,
    "partName": "ROWTA"
  },
  {
    "partId": 140,
    "stateCode": "S02",
    "stateName": "Arunachal Pradesh",
    "districtCode": "S0202",
    "districtName": "WEST KAMENG",
    "acNumber": 5,
    "acName": "KALAKTANG",
    "partNumber": 22,
    "partName": "DEMASANG"
  },
  {
    "partId": 141,
    "stateCode": "S02",
    "stateName": "Arunachal Pradesh",
    "districtCode": "S0202",
    "districtName": "WEST KAMENG",
    "acNumber": 5,
    "acName": "KALAKTANG",
    "partNumber": 23,
    "partName": "SIKARIDANGA"
  },
  {
    "partId": 142,
    "stateCode": "S02",
    "stateName": "Arunachal Pradesh",
    "districtCode": "S0202",
    "districtName": "WEST KAMENG",
    "acNumber": 5,
    "acName": "KALAKTANG",
    "partNumber": 24,
    "partName": "SHERGAON"
  },
  {
    "partId": 143,
    "stateCode": "S02",
    "stateName": "Arunachal Pradesh",
    "districtCode": "S0202",
    "districtName": "WEST KAMENG",
    "acNumber": 5,
    "acName": "KALAKTANG",
    "partNumber": 25,
    "partName": "JIGAON"
  },
  {
    "partId": 144,
    "stateCode": "S02",
    "stateName": "Arunachal Pradesh",
    "districtCode": "S0202",
    "districtName": "WEST KAMENG",
    "acNumber": 5,
    "acName": "KALAKTANG",
    "partNumber": 26,
    "partName": "MUSHAKSING"
  },
  {
    "partId": 145,
    "stateCode": "S02",
    "stateName": "Arunachal Pradesh",
    "districtCode": "S0202",
    "districtName": "WEST KAMENG",
    "acNumber": 5,
    "acName": "KALAKTANG",
    "partNumber": 27,
    "partName": "LUMBAKTANG"
  },
  {
    "partId": 146,
    "stateCode": "S02",
    "stateName": "Arunachal Pradesh",
    "districtCode": "S0202",
    "districtName": "WEST KAMENG",
    "acNumber": 5,
    "acName": "KALAKTANG",
    "partNumber": 28,
    "partName": "CHILLIPAM"
  },
  {
    "partId": 147,
    "stateCode": "S02",
    "stateName": "Arunachal Pradesh",
    "districtCode": "S0202",
    "districtName": "WEST KAMENG",
    "acNumber": 5,
    "acName": "KALAKTANG",
    "partNumber": 29,
    "partName": "RUPA TOWN (EAST WING)"
  },
  {
    "partId": 148,
    "stateCode": "S02",
    "stateName": "Arunachal Pradesh",
    "districtCode": "S0202",
    "districtName": "WEST KAMENG",
    "acNumber": 5,
    "acName": "KALAKTANG",
    "partNumber": 30,
    "partName": "RUPA TOWN (WEST WING)"
  },
  {
    "partId": 149,
    "stateCode": "S02",
    "stateName": "Arunachal Pradesh",
    "districtCode": "S0202",
    "districtName": "WEST KAMENG",
    "acNumber": 5,
    "acName": "KALAKTANG",
    "partNumber": 31,
    "partName": "RUPA VILLAGE"
  },
  {
    "partId": 150,
    "stateCode": "S02",
    "stateName": "Arunachal Pradesh",
    "districtCode": "S0202",
    "districtName": "WEST KAMENG",
    "acNumber": 5,
    "acName": "KALAKTANG",
    "partNumber": 32,
    "partName": "JUNGPAM"
  },
  {
    "partId": 151,
    "stateCode": "S02",
    "stateName": "Arunachal Pradesh",
    "districtCode": "S0202",
    "districtName": "WEST KAMENG",
    "acNumber": 5,
    "acName": "KALAKTANG",
    "partNumber": 33,
    "partName": "THUNGREE"
  },
  {
    "partId": 152,
    "stateCode": "S02",
    "stateName": "Arunachal Pradesh",
    "districtCode": "S0202",
    "districtName": "WEST KAMENG",
    "acNumber": 5,
    "acName": "KALAKTANG",
    "partNumber": 34,
    "partName": "MUKUTHING"
  },
  {
    "partId": 153,
    "stateCode": "S02",
    "stateName": "Arunachal Pradesh",
    "districtCode": "S0202",
    "districtName": "WEST KAMENG",
    "acNumber": 5,
    "acName": "KALAKTANG",
    "partNumber": 35,
    "partName": "GORBOW"
  },
  {
    "partId": 154,
    "stateCode": "S02",
    "stateName": "Arunachal Pradesh",
    "districtCode": "S0202",
    "districtName": "WEST KAMENG",
    "acNumber": 5,
    "acName": "KALAKTANG",
    "partNumber": 36,
    "partName": "MEMBACHUR"
  },
  {
    "partId": 155,
    "stateCode": "S02",
    "stateName": "Arunachal Pradesh",
    "districtCode": "S0202",
    "districtName": "WEST KAMENG",
    "acNumber": 5,
    "acName": "KALAKTANG",
    "partNumber": 37,
    "partName": "DIKSHI"
  },
  {
    "partId": 156,
    "stateCode": "S02",
    "stateName": "Arunachal Pradesh",
    "districtCode": "S0202",
    "districtName": "WEST KAMENG",
    "acNumber": 6,
    "acName": "THRIZINO-BURAGAON",
    "partNumber": 1,
    "partName": "WANGHOO"
  },
  {
    "partId": 157,
    "stateCode": "S02",
    "stateName": "Arunachal Pradesh",
    "districtCode": "S0202",
    "districtName": "WEST KAMENG",
    "acNumber": 6,
    "acName": "THRIZINO-BURAGAON",
    "partNumber": 2,
    "partName": "DIKHIYANG"
  },
  {
    "partId": 158,
    "stateCode": "S02",
    "stateName": "Arunachal Pradesh",
    "districtCode": "S0202",
    "districtName": "WEST KAMENG",
    "acNumber": 6,
    "acName": "THRIZINO-BURAGAON",
    "partNumber": 3,
    "partName": "TENGA"
  },
  {
    "partId": 159,
    "stateCode": "S02",
    "stateName": "Arunachal Pradesh",
    "districtCode": "S0202",
    "districtName": "WEST KAMENG",
    "acNumber": 6,
    "acName": "THRIZINO-BURAGAON",
    "partNumber": 4,
    "partName": "SINGCHUNG"
  },
  {
    "partId": 160,
    "stateCode": "S02",
    "stateName": "Arunachal Pradesh",
    "districtCode": "S0202",
    "districtName": "WEST KAMENG",
    "acNumber": 6,
    "acName": "THRIZINO-BURAGAON",
    "partNumber": 5,
    "partName": "RAMALINGAM"
  },
  {
    "partId": 161,
    "stateCode": "S02",
    "stateName": "Arunachal Pradesh",
    "districtCode": "S0202",
    "districtName": "WEST KAMENG",
    "acNumber": 6,
    "acName": "THRIZINO-BURAGAON",
    "partNumber": 6,
    "partName": "TSERINGPAM"
  },
  {
    "partId": 162,
    "stateCode": "S02",
    "stateName": "Arunachal Pradesh",
    "districtCode": "S0202",
    "districtName": "WEST KAMENG",
    "acNumber": 6,
    "acName": "THRIZINO-BURAGAON",
    "partNumber": 7,
    "partName": "DAHUNG"
  },
  {
    "partId": 163,
    "stateCode": "S02",
    "stateName": "Arunachal Pradesh",
    "districtCode": "S0202",
    "districtName": "WEST KAMENG",
    "acNumber": 6,
    "acName": "THRIZINO-BURAGAON",
    "partNumber": 8,
    "partName": "HEMOIBUNG"
  },
  {
    "partId": 164,
    "stateCode": "S02",
    "stateName": "Arunachal Pradesh",
    "districtCode": "S0202",
    "districtName": "WEST KAMENG",
    "acNumber": 6,
    "acName": "THRIZINO-BURAGAON",
    "partNumber": 9,
    "partName": "NEW KASPI"
  },
  {
    "partId": 165,
    "stateCode": "S02",
    "stateName": "Arunachal Pradesh",
    "districtCode": "S0202",
    "districtName": "WEST KAMENG",
    "acNumber": 6,
    "acName": "THRIZINO-BURAGAON",
    "partNumber": 10,
    "partName": "MAGOPAM"
  },
  {
    "partId": 166,
    "stateCode": "S02",
    "stateName": "Arunachal Pradesh",
    "districtCode": "S0202",
    "districtName": "WEST KAMENG",
    "acNumber": 6,
    "acName": "THRIZINO-BURAGAON",
    "partNumber": 11,
    "partName": "LICHINI"
  },
  {
    "partId": 167,
    "stateCode": "S02",
    "stateName": "Arunachal Pradesh",
    "districtCode": "S0202",
    "districtName": "WEST KAMENG",
    "acNumber": 6,
    "acName": "THRIZINO-BURAGAON",
    "partNumber": 12,
    "partName": "BICHOM"
  },
  {
    "partId": 168,
    "stateCode": "S02",
    "stateName": "Arunachal Pradesh",
    "districtCode": "S0202",
    "districtName": "WEST KAMENG",
    "acNumber": 6,
    "acName": "THRIZINO-BURAGAON",
    "partNumber": 13,
    "partName": "SACHIDA"
  },
  {
    "partId": 169,
    "stateCode": "S02",
    "stateName": "Arunachal Pradesh",
    "districtCode": "S0202",
    "districtName": "WEST KAMENG",
    "acNumber": 6,
    "acName": "THRIZINO-BURAGAON",
    "partNumber": 14,
    "partName": "THRIZINO"
  },
  {
    "partId": 170,
    "stateCode": "S02",
    "stateName": "Arunachal Pradesh",
    "districtCode": "S0202",
    "districtName": "WEST KAMENG",
    "acNumber": 6,
    "acName": "THRIZINO-BURAGAON",
    "partNumber": 15,
    "partName": "SAKRIN"
  },
  {
    "partId": 171,
    "stateCode": "S02",
    "stateName": "Arunachal Pradesh",
    "districtCode": "S0202",
    "districtName": "WEST KAMENG",
    "acNumber": 6,
    "acName": "THRIZINO-BURAGAON",
    "partNumber": 16,
    "partName": "PHRIZINE"
  },
  {
    "partId": 172,
    "stateCode": "S02",
    "stateName": "Arunachal Pradesh",
    "districtCode": "S0202",
    "districtName": "WEST KAMENG",
    "acNumber": 6,
    "acName": "THRIZINO-BURAGAON",
    "partNumber": 17,
    "partName": "DIZANGONIA (KAYANADI)"
  },
  {
    "partId": 173,
    "stateCode": "S02",
    "stateName": "Arunachal Pradesh",
    "districtCode": "S0202",
    "districtName": "WEST KAMENG",
    "acNumber": 6,
    "acName": "THRIZINO-BURAGAON",
    "partNumber": 18,
    "partName": "DIZANGONIA"
  },
  {
    "partId": 174,
    "stateCode": "S02",
    "stateName": "Arunachal Pradesh",
    "districtCode": "S0202",
    "districtName": "WEST KAMENG",
    "acNumber": 6,
    "acName": "THRIZINO-BURAGAON",
    "partNumber": 19,
    "partName": "TULUHI"
  },
  {
    "partId": 175,
    "stateCode": "S02",
    "stateName": "Arunachal Pradesh",
    "districtCode": "S0202",
    "districtName": "WEST KAMENG",
    "acNumber": 6,
    "acName": "THRIZINO-BURAGAON",
    "partNumber": 20,
    "partName": "SUBU"
  },
  {
    "partId": 176,
    "stateCode": "S02",
    "stateName": "Arunachal Pradesh",
    "districtCode": "S0202",
    "districtName": "WEST KAMENG",
    "acNumber": 6,
    "acName": "THRIZINO-BURAGAON",
    "partNumber": 21,
    "partName": "TANIA"
  },
  {
    "partId": 177,
    "stateCode": "S02",
    "stateName": "Arunachal Pradesh",
    "districtCode": "S0202",
    "districtName": "WEST KAMENG",
    "acNumber": 6,
    "acName": "THRIZINO-BURAGAON",
    "partNumber": 22,
    "partName": "KARANGONIA"
  },
  {
    "partId": 178,
    "stateCode": "S02",
    "stateName": "Arunachal Pradesh",
    "districtCode": "S0202",
    "districtName": "WEST KAMENG",
    "acNumber": 6,
    "acName": "THRIZINO-BURAGAON",
    "partNumber": 23,
    "partName": "KARARAMU"
  },
  {
    "partId": 179,
    "stateCode": "S02",
    "stateName": "Arunachal Pradesh",
    "districtCode": "S0202",
    "districtName": "WEST KAMENG",
    "acNumber": 6,
    "acName": "THRIZINO-BURAGAON",
    "partNumber": 24,
    "partName": "PALATARI"
  },
  {
    "partId": 180,
    "stateCode": "S02",
    "stateName": "Arunachal Pradesh",
    "districtCode": "S0202",
    "districtName": "WEST KAMENG",
    "acNumber": 6,
    "acName": "THRIZINO-BURAGAON",
    "partNumber": 25,
    "partName": "YAYUNG"
  },
  {
    "partId": 181,
    "stateCode": "S02",
    "stateName": "Arunachal Pradesh",
    "districtCode": "S0202",
    "districtName": "WEST KAMENG",
    "acNumber": 6,
    "acName": "THRIZINO-BURAGAON",
    "partNumber": 26,
    "partName": "THESSA"
  },
  {
    "partId": 182,
    "stateCode": "S02",
    "stateName": "Arunachal Pradesh",
    "districtCode": "S0202",
    "districtName": "WEST KAMENG",
    "acNumber": 6,
    "acName": "THRIZINO-BURAGAON",
    "partNumber": 27,
    "partName": "BURAGAON"
  },
  {
    "partId": 183,
    "stateCode": "S02",
    "stateName": "Arunachal Pradesh",
    "districtCode": "S0202",
    "districtName": "WEST KAMENG",
    "acNumber": 6,
    "acName": "THRIZINO-BURAGAON",
    "partNumber": 28,
    "partName": "JAMIRI POINT"
  },
  {
    "partId": 184,
    "stateCode": "S02",
    "stateName": "Arunachal Pradesh",
    "districtCode": "S0202",
    "districtName": "WEST KAMENG",
    "acNumber": 6,
    "acName": "THRIZINO-BURAGAON",
    "partNumber": 29,
    "partName": "JAMIRI VILLAGE"
  },
  {
    "partId": 185,
    "stateCode": "S02",
    "stateName": "Arunachal Pradesh",
    "districtCode": "S0202",
    "districtName": "WEST KAMENG",
    "acNumber": 6,
    "acName": "THRIZINO-BURAGAON",
    "partNumber": 30,
    "partName": "HUSSIGAON"
  },
  {
    "partId": 186,
    "stateCode": "S02",
    "stateName": "Arunachal Pradesh",
    "districtCode": "S0202",
    "districtName": "WEST KAMENG",
    "acNumber": 6,
    "acName": "THRIZINO-BURAGAON",
    "partNumber": 31,
    "partName": "PALIZI"
  },
  {
    "partId": 187,
    "stateCode": "S02",
    "stateName": "Arunachal Pradesh",
    "districtCode": "S0202",
    "districtName": "WEST KAMENG",
    "acNumber": 6,
    "acName": "THRIZINO-BURAGAON",
    "partNumber": 32,
    "partName": "RAMDA"
  },
  {
    "partId": 188,
    "stateCode": "S02",
    "stateName": "Arunachal Pradesh",
    "districtCode": "S0202",
    "districtName": "WEST KAMENG",
    "acNumber": 6,
    "acName": "THRIZINO-BURAGAON",
    "partNumber": 33,
    "partName": "KHUPI"
  },
  {
    "partId": 189,
    "stateCode": "S02",
    "stateName": "Arunachal Pradesh",
    "districtCode": "S0202",
    "districtName": "WEST KAMENG",
    "acNumber": 6,
    "acName": "THRIZINO-BURAGAON",
    "partNumber": 34,
    "partName": "KIMI"
  },
  {
    "partId": 190,
    "stateCode": "S02",
    "stateName": "Arunachal Pradesh",
    "districtCode": "S0202",
    "districtName": "WEST KAMENG",
    "acNumber": 6,
    "acName": "THRIZINO-BURAGAON",
    "partNumber": 35,
    "partName": "SESSA"
  },
  {
    "partId": 191,
    "stateCode": "S02",
    "stateName": "Arunachal Pradesh",
    "districtCode": "S0202",
    "districtName": "WEST KAMENG",
    "acNumber": 6,
    "acName": "THRIZINO-BURAGAON",
    "partNumber": 36,
    "partName": "TIPPI"
  },
  {
    "partId": 192,
    "stateCode": "S02",
    "stateName": "Arunachal Pradesh",
    "districtCode": "S0202",
    "districtName": "WEST KAMENG",
    "acNumber": 6,
    "acName": "THRIZINO-BURAGAON",
    "partNumber": 37,
    "partName": "ELEPHANT FLAT"
  },
  {
    "partId": 193,
    "stateCode": "S02",
    "stateName": "Arunachal Pradesh",
    "districtCode": "S0202",
    "districtName": "WEST KAMENG",
    "acNumber": 6,
    "acName": "THRIZINO-BURAGAON",
    "partNumber": 38,
    "partName": "UPPER BHALUKPONG(NORTH WING)"
  },
  {
    "partId": 194,
    "stateCode": "S02",
    "stateName": "Arunachal Pradesh",
    "districtCode": "S0202",
    "districtName": "WEST KAMENG",
    "acNumber": 6,
    "acName": "THRIZINO-BURAGAON",
    "partNumber": 39,
    "partName": "UPPER BHALUKPONG(SOUTH WING)"
  },
  {
    "partId": 195,
    "stateCode": "S02",
    "stateName": "Arunachal Pradesh",
    "districtCode": "S0202",
    "districtName": "WEST KAMENG",
    "acNumber": 6,
    "acName": "THRIZINO-BURAGAON",
    "partNumber": 40,
    "partName": "LOWER BHALUKPONG(NORTH WING"
  },
  {
    "partId": 196,
    "stateCode": "S02",
    "stateName": "Arunachal Pradesh",
    "districtCode": "S0202",
    "districtName": "WEST KAMENG",
    "acNumber": 6,
    "acName": "THRIZINO-BURAGAON",
    "partNumber": 41,
    "partName": "LOWER BHALUKPONG(SOUTH WING)"
  },
  {
    "partId": 197,
    "stateCode": "S02",
    "stateName": "Arunachal Pradesh",
    "districtCode": "S0202",
    "districtName": "WEST KAMENG",
    "acNumber": 6,
    "acName": "THRIZINO-BURAGAON",
    "partNumber": 42,
    "partName": "KAMENGBARI"
  },
  {
    "partId": 198,
    "stateCode": "S02",
    "stateName": "Arunachal Pradesh",
    "districtCode": "S0202",
    "districtName": "WEST KAMENG",
    "acNumber": 6,
    "acName": "THRIZINO-BURAGAON",
    "partNumber": 43,
    "partName": "KHELLONG"
  },
  {
    "partId": 199,
    "stateCode": "S02",
    "stateName": "Arunachal Pradesh",
    "districtCode": "S0202",
    "districtName": "WEST KAMENG",
    "acNumber": 6,
    "acName": "THRIZINO-BURAGAON",
    "partNumber": 44,
    "partName": "DOIMARA"
  }
]