{
  "metadata": {
    "description": "Maps constituency names from assembly_constituency.json to boundary file names",
    "usage": "When matching AC names to boundary cons_name, check this mapping first"
  },
  "aliases": {
    "Andhra Pradesh": {
      "Cheepurupalli": "Cheepurupalle",
      "Elamanchili": "Yelamanchili",
      "Palakollu": "Palacole",
      "Ponnuru": "Ponnur",
      "Sathyavedu": "Satyavedu",
      "Tadipatri": "Tadpatri",
      "Unguturu": "Ungutur"
    },
    "Arunachal Pradesh": {
      "Along East": "Aalo East",
      "Along West": "Aalo West",
      "Borduria–Bagapani": "Borduria Bogapani",
      "Longding–Pumao": "Longding Pumao",
      "Tuting–Yingkiong": "Tuting Yingkiong",
      "Ziro–Hapoli": "Ziro Hapoli"
    },
    "Assam": {
      "Golakganj": "GOLAKGAN",
      "Dudhnoi": "DUDHNAI",
      "Sidli–Chirang": "SIDLI CHIRANG",
      "Bhowanipur–Sorbhog": "BHOWANIPURSORBHOG",
      "Boko–Chaygaon": "BOKO-CHAYGAON",
      "Hajo–Sualkuchi": "HAJOSUALKUCHI",
      "Rangiya": "RANGIA",
      "Barkhetry": "BARKHETRI",
      "Goreshwar": "GORESWAR",
      "Majbat": "MAZBAT",
      "Borkhola": "Barkhola",
      "Mangaldoi": "MANGALDA",
      "Margherita": "MARGHIRITA",
      "Rupohihat": "RUPAHIHAT",
      "Naoboicha": "NOWBOICHA",
      "Sissiborgaon": "SISSIBARGAON",
      "Howraghat": "HOWARGHAT",
      "Nagaon–Batadraba": "NAGAONBATADRABA",
      "Chabua–Lahowal": "CHABUA-LAHOWAL",
      "Algapur–Katlicherra": "ALGAPURKATLICHERRA",
      "Binnakandi": "BINNAKAND",
      "Rongonadi": "RONGONAD",
      "Ram Krishna Nagar": "RAM KRISHANA NAGAR"
    },
    "Bihar": {
      "Narkatiya": "Narkatia",
      "Bochahan": "Bochaha",
      "Bhore": "Bhorey",
      "Daraunda": "Daraundha",
      "Sonpur": "Sonepur",
      "Dhoraiya": "Dhauraiya"
    },
    "Chhattisgarh": {
      "Dondi Lohara": "Daundi Lohara",
      "Dantewara": "Dantewada"
    },
    "Delhi": {
      "Narela": "Nerela",
      "Delhi Cantonment": "Delhi Cantt",
      "R K Puram": "R.K. Puram",
      "Seelampur": "Seelam Pur"
    },
    "Goa": {
      "St. Andre": "St Andre"
    },
    "Gujarat": {
      "Bechraji": "Becharaji",
      "Jamalpur-Khadiya": "Jamalpur - Khadia",
      "Limdi": "Limbdi",
      "Dhangadhra": "Dhrangadhra",
      "Khambhaliya": "Khambhalia",
      "Devgadhbariya": "Devgadhbaria",
      "Vaghodiya": "Vaghodia",
      "Jhagadiya (ST)": "Jhagadia",
      "Udhana": "Udhna",
      "Vansda (ST)": "Bansda"
    },
    "Haryana": {
      "Ambala Cantonment": "Ambala Cantt",
      "Mulana (SC)": "Mullana",
      "Jagadhri": "Jagadhari",
      "Shahbad (SC)": "Shahabad",
      "Nangal Chaudhry": "Nangal Chaudhary",
      "Ballabgarh": "Ballabhgarh"
    },
    "Jammu and Kashmir": {
      "Wagoora–Kreeri": "Wagoora -Kreeri",
      "Khan Sahib": "Khansahib",
      "D. H. Pora": "D.H.Pora",
      "Srigufwara–Bijbehara": "Srigufwara -Bijbehara",
      "Shangus–Anantnag East": "Shangus -Anantnag East",
      "Padder–Nagseni": "Padder - Nagseni",
      "R. S. Pura–Jammu South": "R.S. Pura - Jammu South",
      "Kalakote–Sunderbani": "Kalakote - Sunderbani"
    },
    "Jharkhand": {
      "Poreyahat": "Poraiyahat",
      "Kodarma": "Koderma",
      "Chandankiyari": "Chandankyari",
      "Sindri": "Sindari",
      "Baharagora": "Bahragora",
      "Jaganathpur": "Jagarnathpur",
      "Hussainabad": "Hussianabad",
      "Bhawanathpur": "Bhawnathpur"
    },
    "Karnataka": {
      "Sindagi": "Sindgi",
      "Dharwad": "Dharwadno",
      "Hoovina Hadagali (SC)": "Hadagalli",
      "Bellary Rural (ST)": "Bellary",
      "Soraba": "Sorab",
      "Byndoor": "Baindur",
      "Kapu": "Kaup",
      "C. V. Raman Nagar (SC)": "C.V.Raman Nagar",
      "B.T.M. Layout": "B T M Layout",
      "Hosakote": "Hoskote",
      "T. Narasipur": "T Narasipur"
    },
    "Kerala": {
      "Manjeshwaram": "Manjeshwar",
      "Thrikaripur": "Trikaripur",
      "Payyanur": "Payyannur",
      "Dharmadom": "Dharmadam",
      "Mattanur": "Mattannur",
      "Sulthan Bathery": "Sulthanbathery",
      "Vatakara": "Vadakara",
      "Kuttiady": "Kuttiadi",
      "Koyilandy": "Quilandy",
      "Balussery": "Balusseri",
      "Thiruvambady": "Thiruvambadi",
      "Guruvayur": "Guruvayoor",
      "Puthukkad": "Pudukkad",
      "Nenmara": "Nemmara",
      "Shornur": "Shoranur",
      "Ottapalam": "Ottappalam",
      "Thrippunithura": "Tripunithura",
      "Vypin": "Vypeen",
      "Mavelikara": "Mavelikkara",
      "Karunagapally": "Karunagappally",
      "Eranad": "Ernad"
    },
    "Madhya Pradesh": {
      "Sabalgarh": "Sabalagadh",
      "Joura": "Jaura",
      "Sumawali": "Sumaoli",
      "Bhitarwar": "Bhitrwar",
      "Sewda": "Seondha",
      "Chachoura": "Chachoda",
      "Raghogarh": "Raghogadh",
      "Naryoli": "Naryawali",
      "Hatta": "Hata",
      "Chitrangi": "Chitarangi",
      "Jaisingnagar": "Jaisinghnagar",
      "Kotma": "Kotama",
      "Pushprajgarh": "Pusprajgarh",
      "Singrauli": "Singarauli",
      "Saunsar": "Sausar",
      "Chourai": "Churai",
      "Dhauhani": "Dhouhani",
      "Parasia": "Parasiya",
      "Ghoradongri": "Ghodadongri",
      "Barwara": "Badwara",
      "Murwara": "Mudwara",
      "Sendhawa": "Sendhwa",
      "Nagda-Khachrod": "Nagada Khacharod",
      "Mandsaur": "Mandsour",
      "Devsar": "Deosar",
      "Jabalpur Cantonment": "Jabalpur Cantt",
      "Dr. Ambedkar Nagar-Mhow": "Dr Ambedkar Nagar",
      "Bhopal Dakshin-Paschim": "Bhopal Dakshina Pashchim",
      "Narmadapuram": "Hoshangabad"
    },
    "Maharashtra": {
      "Navapur": "Nawapur",
      "Sindkheda": "Sindhkheda",
      "Chikhali": "Chikhli",
      "Sindkhed Raja": "Sindhkhed Raja",
      "Jalgaon (Jamod)": "Jalgaon Jamod",
      "Akola West": "Aakola West",
      "Amravati": "Amrawati",
      "Gondiya": "Gondia",
      "Ghansawangi": "Gansavangi",
      "Phulambri": "Pholambari",
      "Khanapur": "Khanpur",
      "Sangamner": "Sangmner",
      "Malshiras": "Malshiran",
      "Ambernath": "Ambarnath",
      "Nallasopara": "Nalasopara",
      "Mira Bhayandar": "Meera Bhayandar",
      "Kandivli East": "Kandivali East",
      "Versova": "Varsova",
      "Dahisar": "Dhaisar",
      "Aurangabad East": "Aurangbad East",
      "Umarga": "Umarkhed",
      "Vikramgad": "Vikramgarh"
    },
    "Manipur": {
      "Kshetrigao": "Khetrigao",
      "Keishamthong": "Keisamthong",
      "Bishnupur": "Bishenpur",
      "Khangabok": "Khangabo",
      "Sugnu": "Sugnoo"
    },
    "Meghalaya": {
      "Mawrengkneng": "Mawryngkneng",
      "Sohiong": "Sohing",
      "Williamnagar": "William Nagar",
      "Tikrikilla": "Tikrikila",
      "South Tura": "SouthTura",
      "Ampati": "Ampathi"
    },
    "Mizoram": {
      "Aizawl North 1": "Aizawl North I",
      "Aizawl North 2": "Aizawl North II",
      "Aizawl North 3": "Aizawl North III",
      "Aizawl East 1": "Aizawl East I",
      "Aizawl East 2": "Aizawl East II",
      "Aizawl West 1": "Aizawl West I",
      "Aizawl West 2": "Aizawl West II",
      "Aizawl West 3": "Aizawl West III",
      "Aizawl South 1": "Aizawl South I",
      "Aizawl South 2": "Aizawl South II",
      "Aizawl South 3": "Aizawl South III"
    },
    "Nagaland": {
      "Tening (ST)": "Tenning",
      "Tseminyü (ST)": "Tseminyu",
      "Pfütsero (ST)": "Pfutsero",
      "Chozuba (ST)": "Chazouba",
      "Zünheboto (ST)": "Zunheboto",
      "Tyüi (ST)": "Tyui",
      "Shamator–Chessore (ST)": "Shamator Chessore",
      "Seyochung–Sitimi (ST)": "Seyochung Sitimi",
      "Pungro–Kiphire (ST)": "Pungro Kiphire"
    },
    "Odisha": {
      "Anandpur": "Anandapur",
      "Barchana": "Barachana",
      "Kamakshyanagar": "Kamakhyanagar",
      "Athmallik": "Athamallik",
      "Dharmagarh": "Dharmgarh",
      "G. Udayagiri": "G.Udayagiri",
      "Athgarh": "Athagarh",
      "Salepur": "Salipur",
      "Bhubaneswar Central": "Bhubaneswar Madhya",
      "Bhubaneswar North": "Bhubaneswar Uttar",
      "Ekamra Bhubaneswar": "Ekamra Bhubaneshwar",
      "Laxmipur": "Lakshmipur"
    },
    "Puducherry": {
      "Thirubuvanai": "Thirubhuvanai",
      "Ossudu": "Oussudu",
      "Kadirkamam": "Kadirgamam",
      "Kamaraj Nagar": "Kamraj Nagar",
      "Neravy T. R. Pattinam": "Neravy T.R.Pattinam"
    },
    "Punjab": {
      "Khem Karan": "Khemkaran",
      "Jalandhar Cantt": "Jalandhar Cantonment",
      "Anandpur Sahib": "Anadpur Sahib",
      "S.A.S. Nagar": "S.A.S.Nagar",
      "Nihal Singhwala": "Nihal Singh Wala",
      "Bhagha Purana": "Bhagha Purana Tehsil",
      "Firozpur City": "Ferozepur City",
      "Firozpur Rural": "Ferozepur Rural",
      "Budhlada": "Budhalada"
    },
    "Rajasthan": {
      "Kishanpole": "Kishan Pole",
      "Khinwsar": "Khinvsar",
      "Jodhpur": "Jodhpur City"
    },
    "Sikkim": {
      "Yoksam–Tashiding": "Yoksam Tashiding",
      "Maneybong–Dentam": "Maneybong Dentam",
      "Gyalshing–Barnyak": "Gyalshing Barnyak",
      "Soreng–Chakung": "Soreng Chakung",
      "Salghari–Zoom": "Salghari Zoom",
      "Poklok–Kamrang": "Poklok Kamrang",
      "Namchi–Singhithang": "Namchi Singhithang",
      "Namthang–Rateypani": "Namthang Rateypani",
      "Temi–Namphing": "Temi Namphing",
      "Rangang–Yangang": "Rangang Yangang",
      "Khamdong–Singtam": "Khamdong Singtam",
      "Tumin–Lingee": "Tumin Lingee",
      "Martam–Rumtek": "Martam Rumtek",
      "Gnathang–Machong": "Gnathang Machong",
      "Kabi–Lungchok": "Kabi Lungchok",
      "Lachen–Mangan": "Lachen Mangan"
    },
    "Tamil Nadu": {
      "Dr. Radhakrishnan Nagar": "Dr.Radhakrishnan Nagar",
      "Thiruporur": "Tirupporur",
      "Madurantakam": "Maduranthakam",
      "Sholinghur": "Sholingur",
      "Salem (West)": "Salem West",
      "Salem (North)": "Salem North",
      "Salem (South)": "Salem South",
      "Erode (East)": "Erode East",
      "Erode (West)": "Erode West",
      "Tiruppur (North)": "Tiruppur North",
      "Tiruppur (South)": "Tiruppur South",
      "Tiruchirappalli (East)": "Tiruchirappalli East",
      "Tiruchirappalli (West)": "Tiruchirappalli West",
      "Coimbatore (North)": "Coimbatore North",
      "Coimbatore (South)": "Coimbatore South",
      "Thirumangalam": "Tirumangalam",
      "Mayiladuturai": "Mayiladuthurai",
      "Tiruppattur": "Tirupattur",
      "Gandarvakottai": "Gandharvakottai"
    },
    "Telangana": {
      "Mancherial": "Mancheriala",
      "Bodhan": "Bodhan Shakil",
      "Vikarabad": "Vicarabad",
      "Secunderabad Cantonment": "Secunderabad Cantonement",
      "Sathupalli": "Sathupalle"
    },
    "Tripura": {
      "Mandaibazar": "Mandai Bazar",
      "Kalyanpur–Pramodenagar": "Kalyanpur Pramodnagar",
      "Kakraban–Salgarh": "Kakraban Shalgara",
      "Karamcherra": "Karamchara",
      "Chawamanu": "Chawmanu",
      "Pabiachhara": "Pabiachara",
      "Kadamtala–Kurti": "Kadamtala Kurti",
      "Pencharthal": "Pecharthal"
    },
    "Uttar Pradesh": {
      "Purqazi": "Purkazi",
      "Muzaffarnagar": "Muzaffar Nagar",
      "Meerapur": "Mirapur",
      "Najibabad": "Nazibabad",
      "Nehtaur": "Nahtaur",
      "Suar": "Swar",
      "Naugawan Sadat": "Nauganwan Sadat",
      "Siwalkhas": "Shiwal Khas",
      "Meerut Cantt.": "Merrut Cant",
      "Meerut City": "Meerut",
      "Meerut South": "Merrut South",
      "Baghpat": "Bagpat",
      "Modi Nagar": "Modinagar",
      "Garhmukteshwar": "Garh Mukteshwar",
      "Bulandshahr": "Bulandshahar",
      "Dadraul": "Dadral",
      "Bishwavnathganj": "Vishwanath Ganj",
      "Dholana": "Dhalauna",
      "Kheragarh": "Khaeragarh",
      "Agra Cantt.": "Agra Cantonment",
      "Bareilly Cantt": "Bareilly Cantonment",
      "Kanpur Cantt": "Kanpur Cantonment",
      "Lucknow Cantt": "Lucknow Cantonment",
      "Varanasi Cantonment": "Varanasi Cantonement",
      "Govindnagar": "Govind Nagar",
      "Bakshi Kaa Talab": "Bakshi Ka Talab",
      "Mohammadi": "Mohammdi",
      "Kaiserganj": "Kaisarganj",
      "Gola Gokarnnath": "Gola Gokrannath",
      "Domariyaganj": "Domariaganj",
      "Barauli": "Barhauli",
      "Bangarmau": "Bangermau",
      "Machhlishahr": "Machhli Shahr",
      "Ghazipur Sadar": "Ghazipur",
      "Kalpi": "Kalapi",
      "Kishni": "Kishani",
      "Paniyara": "Paniyra",
      "Prayagraj North": "Allahabad North",
      "Prayagraj South": "Allahabad South",
      "Prayagraj West": "Allahabad West"
    },
    "West Bengal": {
      "Maldaha": "Maldah",
      "Bishnupur, South 24 Parganas": "Bishnupur South 24 Parganas",
      "Maniktola": "Maniktala",
      "Ramnagar, Purba Medinipur": "Ramnagar Purba Medinipur",
      "Balarampur, Purulia": "Balarampur Purulia",
      "Joypur, Purulia": "Joypur Purulia",
      "Raghunathpur, Purulia": "Raghunathpur Purulia",
      "Raipur, Bankura": "Raipur Bankura",
      "Bishnupur, Bankura": "Bishnupur Bankura",
      "Burdwan Dakshin": "Bardhaman Dakshin",
      "Burdwan Uttar": "Bardhaman Uttar",
      "Labhpur": "Labpur"
    }
  }
}
