[
  {
    "partId": 1,
    "stateCode": "S17",
    "stateName": "Nagaland",
    "districtCode": "S1701",
    "districtName": "DIMAPUR",
    "acNumber": 1,
    "acName": "DIMAPUR-I",
    "partNumber": 1,
    "partName": "CHURCH ROAD RAJBARI",
    "lat": 25.911744,
    "lon": 93.721703
  },
  {
    "partId": 2,
    "stateCode": "S17",
    "stateName": "Nagaland",
    "districtCode": "S1701",
    "districtName": "DIMAPUR",
    "acNumber": 1,
    "acName": "DIMAPUR-I",
    "partNumber": 2,
    "partName": "HOLY CROSS/ CHURCH ROAD",
    "lat": 25.911744,
    "lon": 93.721703
  },
  {
    "partId": 3,
    "stateCode": "S17",
    "stateName": "Nagaland",
    "districtCode": "S1701",
    "districtName": "DIMAPUR",
    "acNumber": 1,
    "acName": "DIMAPUR-I",
    "partNumber": 3,
    "partName": "NST COLONY",
    "lat": 25.911744,
    "lon": 93.721703
  },
  {
    "partId": 4,
    "stateCode": "S17",
    "stateName": "Nagaland",
    "districtCode": "S1701",
    "districtName": "DIMAPUR",
    "acNumber": 1,
    "acName": "DIMAPUR-I",
    "partNumber": 4,
    "partName": "KHERMAHAL CHAKHESANG COLONY E/W",
    "lat": 25.911744,
    "lon": 93.721703
  },
  {
    "partId": 5,
    "stateCode": "S17",
    "stateName": "Nagaland",
    "districtCode": "S1701",
    "districtName": "DIMAPUR",
    "acNumber": 1,
    "acName": "DIMAPUR-I",
    "partNumber": 5,
    "partName": "KHERMAHAL CHAKHESANG COLONY N/W",
    "lat": 25.911744,
    "lon": 93.721703
  },
  {
    "partId": 6,
    "stateCode": "S17",
    "stateName": "Nagaland",
    "districtCode": "S1701",
    "districtName": "DIMAPUR",
    "acNumber": 1,
    "acName": "DIMAPUR-I",
    "partNumber": 6,
    "partName": "OVER BRIDGE",
    "lat": 25.911744,
    "lon": 93.721703
  },
  {
    "partId": 7,
    "stateCode": "S17",
    "stateName": "Nagaland",
    "districtCode": "S1701",
    "districtName": "DIMAPUR",
    "acNumber": 1,
    "acName": "DIMAPUR-I",
    "partNumber": 7,
    "partName": "ZAKIESATUO COLONY",
    "lat": 25.911744,
    "lon": 93.721703
  },
  {
    "partId": 8,
    "stateCode": "S17",
    "stateName": "Nagaland",
    "districtCode": "S1701",
    "districtName": "DIMAPUR",
    "acNumber": 1,
    "acName": "DIMAPUR-I",
    "partNumber": 8,
    "partName": "ALUMINIUM FACTORY, NAGALAND GATE",
    "lat": 25.911744,
    "lon": 93.721703
  },
  {
    "partId": 9,
    "stateCode": "S17",
    "stateName": "Nagaland",
    "districtCode": "S1701",
    "districtName": "DIMAPUR",
    "acNumber": 1,
    "acName": "DIMAPUR-I",
    "partNumber": 9,
    "partName": "ZAKIESATUO COLONY SLW",
    "lat": 25.911744,
    "lon": 93.721703
  },
  {
    "partId": 10,
    "stateCode": "S17",
    "stateName": "Nagaland",
    "districtCode": "S1701",
    "districtName": "DIMAPUR",
    "acNumber": 1,
    "acName": "DIMAPUR-I",
    "partNumber": 10,
    "partName": "SUPPLY COLONY, W/POLICE",
    "lat": 25.911744,
    "lon": 93.721703
  },
  {
    "partId": 11,
    "stateCode": "S17",
    "stateName": "Nagaland",
    "districtCode": "S1701",
    "districtName": "DIMAPUR",
    "acNumber": 1,
    "acName": "DIMAPUR-I",
    "partNumber": 11,
    "partName": "SUPPLY COLONY LAPALOMA CINEMA HALL E/W",
    "lat": 25.911744,
    "lon": 93.721703
  },
  {
    "partId": 12,
    "stateCode": "S17",
    "stateName": "Nagaland",
    "districtCode": "S1701",
    "districtName": "DIMAPUR",
    "acNumber": 1,
    "acName": "DIMAPUR-I",
    "partNumber": 12,
    "partName": "SUPPLY COLONY LAPALOMA CINEMA HALL N/W",
    "lat": 25.911744,
    "lon": 93.721703
  },
  {
    "partId": 13,
    "stateCode": "S17",
    "stateName": "Nagaland",
    "districtCode": "S1701",
    "districtName": "DIMAPUR",
    "acNumber": 1,
    "acName": "DIMAPUR-I",
    "partNumber": 13,
    "partName": "FOREST COLONY",
    "lat": 25.911744,
    "lon": 93.721703
  },
  {
    "partId": 14,
    "stateCode": "S17",
    "stateName": "Nagaland",
    "districtCode": "S1701",
    "districtName": "DIMAPUR",
    "acNumber": 1,
    "acName": "DIMAPUR-I",
    "partNumber": 14,
    "partName": "CIRCULAR ROAD BISHOP HOUSE",
    "lat": 25.911744,
    "lon": 93.721703
  },
  {
    "partId": 15,
    "stateCode": "S17",
    "stateName": "Nagaland",
    "districtCode": "S1701",
    "districtName": "DIMAPUR",
    "acNumber": 1,
    "acName": "DIMAPUR-I",
    "partNumber": 15,
    "partName": "NEPALI BASTI",
    "lat": 25.911744,
    "lon": 93.721703
  },
  {
    "partId": 16,
    "stateCode": "S17",
    "stateName": "Nagaland",
    "districtCode": "S1701",
    "districtName": "DIMAPUR",
    "acNumber": 1,
    "acName": "DIMAPUR-I",
    "partNumber": 16,
    "partName": "RONGMAI COLONY",
    "lat": 25.911744,
    "lon": 93.721703
  },
  {
    "partId": 17,
    "stateCode": "S17",
    "stateName": "Nagaland",
    "districtCode": "S1701",
    "districtName": "DIMAPUR",
    "acNumber": 1,
    "acName": "DIMAPUR-I",
    "partNumber": 17,
    "partName": "KEVICHUSA COLONY",
    "lat": 25.911744,
    "lon": 93.721703
  },
  {
    "partId": 18,
    "stateCode": "S17",
    "stateName": "Nagaland",
    "districtCode": "S1701",
    "districtName": "DIMAPUR",
    "acNumber": 1,
    "acName": "DIMAPUR-I",
    "partNumber": 18,
    "partName": "UNITED NORTH BLOCK",
    "lat": 25.911744,
    "lon": 93.721703
  },
  {
    "partId": 19,
    "stateCode": "S17",
    "stateName": "Nagaland",
    "districtCode": "S1701",
    "districtName": "DIMAPUR",
    "acNumber": 1,
    "acName": "DIMAPUR-I",
    "partNumber": 19,
    "partName": "PAIRA COLONY",
    "lat": 25.911744,
    "lon": 93.721703
  },
  {
    "partId": 20,
    "stateCode": "S17",
    "stateName": "Nagaland",
    "districtCode": "S1701",
    "districtName": "DIMAPUR",
    "acNumber": 1,
    "acName": "DIMAPUR-I",
    "partNumber": 20,
    "partName": "VETERINARY COLONY",
    "lat": 25.911744,
    "lon": 93.721703
  },
  {
    "partId": 21,
    "stateCode": "S17",
    "stateName": "Nagaland",
    "districtCode": "S1701",
    "districtName": "DIMAPUR",
    "acNumber": 1,
    "acName": "DIMAPUR-I",
    "partNumber": 21,
    "partName": "WALFORD COLONY E/W",
    "lat": 25.911744,
    "lon": 93.721703
  },
  {
    "partId": 22,
    "stateCode": "S17",
    "stateName": "Nagaland",
    "districtCode": "S1701",
    "districtName": "DIMAPUR",
    "acNumber": 1,
    "acName": "DIMAPUR-I",
    "partNumber": 22,
    "partName": "WALFORD COLONY N/W",
    "lat": 25.911744,
    "lon": 93.721703
  },
  {
    "partId": 23,
    "stateCode": "S17",
    "stateName": "Nagaland",
    "districtCode": "S1701",
    "districtName": "DIMAPUR",
    "acNumber": 1,
    "acName": "DIMAPUR-I",
    "partNumber": 23,
    "partName": "EROS LINE, GOLAGHAT ROAD",
    "lat": 25.911744,
    "lon": 93.721703
  },
  {
    "partId": 24,
    "stateCode": "S17",
    "stateName": "Nagaland",
    "districtCode": "S1701",
    "districtName": "DIMAPUR",
    "acNumber": 1,
    "acName": "DIMAPUR-I",
    "partNumber": 24,
    "partName": "PUBLIC COMMERCE COLLEGE (RLY. LINE)",
    "lat": 25.911744,
    "lon": 93.721703
  },
  {
    "partId": 28,
    "stateCode": "S17",
    "stateName": "Nagaland",
    "districtCode": "S1701",
    "districtName": "DIMAPUR",
    "acNumber": 1,
    "acName": "DIMAPUR-I",
    "partNumber": 25,
    "partName": "PUBLIC COMMERCE COLLEGE (CO-OP.BANK AREA) POWER HOUSE",
    "lat": 25.911744,
    "lon": 93.721703
  },
  {
    "partId": 25,
    "stateCode": "S17",
    "stateName": "Nagaland",
    "districtCode": "S1701",
    "districtName": "DIMAPUR",
    "acNumber": 1,
    "acName": "DIMAPUR-I",
    "partNumber": 26,
    "partName": "POLICE COLONY",
    "lat": 25.911744,
    "lon": 93.721703
  },
  {
    "partId": 26,
    "stateCode": "S17",
    "stateName": "Nagaland",
    "districtCode": "S1701",
    "districtName": "DIMAPUR",
    "acNumber": 1,
    "acName": "DIMAPUR-I",
    "partNumber": 27,
    "partName": "BANK COLONY",
    "lat": 25.911744,
    "lon": 93.721703
  },
  {
    "partId": 27,
    "stateCode": "S17",
    "stateName": "Nagaland",
    "districtCode": "S1701",
    "districtName": "DIMAPUR",
    "acNumber": 1,
    "acName": "DIMAPUR-I",
    "partNumber": 28,
    "partName": "HONGKONG MARKET AREA",
    "lat": 25.911744,
    "lon": 93.721703
  },
  {
    "partId": 29,
    "stateCode": "S17",
    "stateName": "Nagaland",
    "districtCode": "S1701",
    "districtName": "DIMAPUR",
    "acNumber": 1,
    "acName": "DIMAPUR-I",
    "partNumber": 29,
    "partName": "HAZI PARK AREA",
    "lat": 25.911744,
    "lon": 93.721703
  },
  {
    "partId": 30,
    "stateCode": "S17",
    "stateName": "Nagaland",
    "districtCode": "S1701",
    "districtName": "DIMAPUR",
    "acNumber": 1,
    "acName": "DIMAPUR-I",
    "partNumber": 30,
    "partName": "RLY. H.E. SCHOOL AREA",
    "lat": 25.911744,
    "lon": 93.721703
  },
  {
    "partId": 31,
    "stateCode": "S17",
    "stateName": "Nagaland",
    "districtCode": "S1701",
    "districtName": "DIMAPUR",
    "acNumber": 1,
    "acName": "DIMAPUR-I",
    "partNumber": 31,
    "partName": "RLY. COLONY",
    "lat": 25.911744,
    "lon": 93.721703
  },
  {
    "partId": 32,
    "stateCode": "S17",
    "stateName": "Nagaland",
    "districtCode": "S1701",
    "districtName": "DIMAPUR",
    "acNumber": 1,
    "acName": "DIMAPUR-I",
    "partNumber": 32,
    "partName": "NETAJI COLONY",
    "lat": 25.911744,
    "lon": 93.721703
  },
  {
    "partId": 33,
    "stateCode": "S17",
    "stateName": "Nagaland",
    "districtCode": "S1701",
    "districtName": "DIMAPUR",
    "acNumber": 1,
    "acName": "DIMAPUR-I",
    "partNumber": 33,
    "partName": "PRANAB VIDYAPITH SCHOOL AREA",
    "lat": 25.911744,
    "lon": 93.721703
  },
  {
    "partId": 34,
    "stateCode": "S17",
    "stateName": "Nagaland",
    "districtCode": "S1701",
    "districtName": "DIMAPUR",
    "acNumber": 1,
    "acName": "DIMAPUR-I",
    "partNumber": 34,
    "partName": "WEST YARD RLY. LINE AREA",
    "lat": 25.911744,
    "lon": 93.721703
  },
  {
    "partId": 35,
    "stateCode": "S17",
    "stateName": "Nagaland",
    "districtCode": "S1701",
    "districtName": "DIMAPUR",
    "acNumber": 1,
    "acName": "DIMAPUR-I",
    "partNumber": 35,
    "partName": "SEMATILA",
    "lat": 25.911744,
    "lon": 93.721703
  },
  {
    "partId": 36,
    "stateCode": "S17",
    "stateName": "Nagaland",
    "districtCode": "S1701",
    "districtName": "DIMAPUR",
    "acNumber": 1,
    "acName": "DIMAPUR-I",
    "partNumber": 36,
    "partName": "XUVIHE COLONY",
    "lat": 25.911744,
    "lon": 93.721703
  },
  {
    "partId": 37,
    "stateCode": "S17",
    "stateName": "Nagaland",
    "districtCode": "S1701",
    "districtName": "DIMAPUR",
    "acNumber": 1,
    "acName": "DIMAPUR-I",
    "partNumber": 37,
    "partName": "WEST YARD(ARMY CAMP)CHOTESWARI COLONY",
    "lat": 25.911744,
    "lon": 93.721703
  },
  {
    "partId": 38,
    "stateCode": "S17",
    "stateName": "Nagaland",
    "districtCode": "S1701",
    "districtName": "DIMAPUR",
    "acNumber": 1,
    "acName": "DIMAPUR-I",
    "partNumber": 38,
    "partName": "WEST YARD (TOWARDS RLY)",
    "lat": 25.911744,
    "lon": 93.721703
  },
  {
    "partId": 39,
    "stateCode": "S17",
    "stateName": "Nagaland",
    "districtCode": "S1701",
    "districtName": "DIMAPUR",
    "acNumber": 1,
    "acName": "DIMAPUR-I",
    "partNumber": 39,
    "partName": "NETAJI COLONY",
    "lat": 25.911744,
    "lon": 93.721703
  },
  {
    "partId": 40,
    "stateCode": "S17",
    "stateName": "Nagaland",
    "districtCode": "S1701",
    "districtName": "DIMAPUR",
    "acNumber": 1,
    "acName": "DIMAPUR-I",
    "partNumber": 40,
    "partName": "PUBLIC COMMERCE COLLEGE (CO-OP.BANK)",
    "lat": 25.911744,
    "lon": 93.721703
  },
  {
    "partId": 41,
    "stateCode": "S17",
    "stateName": "Nagaland",
    "districtCode": "S1701",
    "districtName": "DIMAPUR",
    "acNumber": 1,
    "acName": "DIMAPUR-I",
    "partNumber": 41,
    "partName": "UNITED NORTH BLOCK I",
    "lat": 25.911744,
    "lon": 93.721703
  },
  {
    "partId": 116,
    "stateCode": "S17",
    "stateName": "Nagaland",
    "districtCode": "S1701",
    "districtName": "DIMAPUR",
    "acNumber": 3,
    "acName": "DIMAPUR-III",
    "partNumber": 1,
    "partName": "KUSHIABILL",
    "lat": 25.904137849999998,
    "lon": 93.7177608788519
  },
  {
    "partId": 117,
    "stateCode": "S17",
    "stateName": "Nagaland",
    "districtCode": "S1701",
    "districtName": "DIMAPUR",
    "acNumber": 3,
    "acName": "DIMAPUR-III",
    "partNumber": 2,
    "partName": "DAROGAJAN",
    "lat": 25.904137849999998,
    "lon": 93.7177608788519
  },
  {
    "partId": 118,
    "stateCode": "S17",
    "stateName": "Nagaland",
    "districtCode": "S1701",
    "districtName": "DIMAPUR",
    "acNumber": 3,
    "acName": "DIMAPUR-III",
    "partNumber": 3,
    "partName": "PURANA BAZAR (PADAM PUKHURI) N/W",
    "lat": 25.904137849999998,
    "lon": 93.7177608788519
  },
  {
    "partId": 119,
    "stateCode": "S17",
    "stateName": "Nagaland",
    "districtCode": "S1701",
    "districtName": "DIMAPUR",
    "acNumber": 3,
    "acName": "DIMAPUR-III",
    "partNumber": 4,
    "partName": "PURANA BAZAR (PADAM PUKHURI) E/W",
    "lat": 25.904137849999998,
    "lon": 93.7177608788519
  },
  {
    "partId": 120,
    "stateCode": "S17",
    "stateName": "Nagaland",
    "districtCode": "S1701",
    "districtName": "DIMAPUR",
    "acNumber": 3,
    "acName": "DIMAPUR-III",
    "partNumber": 5,
    "partName": "PURANA BAZAR (RIVER SIDE) W/W",
    "lat": 25.904137849999998,
    "lon": 93.7177608788519
  },
  {
    "partId": 121,
    "stateCode": "S17",
    "stateName": "Nagaland",
    "districtCode": "S1701",
    "districtName": "DIMAPUR",
    "acNumber": 3,
    "acName": "DIMAPUR-III",
    "partNumber": 6,
    "partName": "PURANA BAZAR G.P.SCHOOL (NEW BUILDING)",
    "lat": 25.904137849999998,
    "lon": 93.7177608788519
  },
  {
    "partId": 122,
    "stateCode": "S17",
    "stateName": "Nagaland",
    "districtCode": "S1701",
    "districtName": "DIMAPUR",
    "acNumber": 3,
    "acName": "DIMAPUR-III",
    "partNumber": 7,
    "partName": "NAHARBARI",
    "lat": 25.904137849999998,
    "lon": 93.7177608788519
  },
  {
    "partId": 123,
    "stateCode": "S17",
    "stateName": "Nagaland",
    "districtCode": "S1701",
    "districtName": "DIMAPUR",
    "acNumber": 3,
    "acName": "DIMAPUR-III",
    "partNumber": 8,
    "partName": "PADAM PUKHURI-I",
    "lat": 25.904137849999998,
    "lon": 93.7177608788519
  },
  {
    "partId": 124,
    "stateCode": "S17",
    "stateName": "Nagaland",
    "districtCode": "S1701",
    "districtName": "DIMAPUR",
    "acNumber": 3,
    "acName": "DIMAPUR-III",
    "partNumber": 9,
    "partName": "PHAIPIJANG",
    "lat": 25.904137849999998,
    "lon": 93.7177608788519
  },
  {
    "partId": 125,
    "stateCode": "S17",
    "stateName": "Nagaland",
    "districtCode": "S1701",
    "districtName": "DIMAPUR",
    "acNumber": 3,
    "acName": "DIMAPUR-III",
    "partNumber": 10,
    "partName": "SAMAGURI",
    "lat": 25.9184273,
    "lon": 93.7839304
  },
  {
    "partId": 126,
    "stateCode": "S17",
    "stateName": "Nagaland",
    "districtCode": "S1701",
    "districtName": "DIMAPUR",
    "acNumber": 3,
    "acName": "DIMAPUR-III",
    "partNumber": 11,
    "partName": "BAMAN PUKHURI",
    "lat": 25.904137849999998,
    "lon": 93.7177608788519
  },
  {
    "partId": 127,
    "stateCode": "S17",
    "stateName": "Nagaland",
    "districtCode": "S1701",
    "districtName": "DIMAPUR",
    "acNumber": 3,
    "acName": "DIMAPUR-III",
    "partNumber": 12,
    "partName": "DOBAGAON",
    "lat": 25.904137849999998,
    "lon": 93.7177608788519
  },
  {
    "partId": 128,
    "stateCode": "S17",
    "stateName": "Nagaland",
    "districtCode": "S1701",
    "districtName": "DIMAPUR",
    "acNumber": 3,
    "acName": "DIMAPUR-III",
    "partNumber": 13,
    "partName": "DHANSIRIPAR TOWN",
    "lat": 25.904137849999998,
    "lon": 93.7177608788519
  },
  {
    "partId": 129,
    "stateCode": "S17",
    "stateName": "Nagaland",
    "districtCode": "S1701",
    "districtName": "DIMAPUR",
    "acNumber": 3,
    "acName": "DIMAPUR-III",
    "partNumber": 14,
    "partName": "DHANSIRIPAR VILLAGE",
    "lat": 25.904137849999998,
    "lon": 93.7177608788519
  },
  {
    "partId": 130,
    "stateCode": "S17",
    "stateName": "Nagaland",
    "districtCode": "S1701",
    "districtName": "DIMAPUR",
    "acNumber": 3,
    "acName": "DIMAPUR-III",
    "partNumber": 15,
    "partName": "SINGRIJAN",
    "lat": 25.7981187,
    "lon": 93.6998562
  },
  {
    "partId": 131,
    "stateCode": "S17",
    "stateName": "Nagaland",
    "districtCode": "S1701",
    "districtName": "DIMAPUR",
    "acNumber": 3,
    "acName": "DIMAPUR-III",
    "partNumber": 16,
    "partName": "ERALIBIL VILLAGE",
    "lat": 25.904137849999998,
    "lon": 93.7177608788519
  },
  {
    "partId": 132,
    "stateCode": "S17",
    "stateName": "Nagaland",
    "districtCode": "S1701",
    "districtName": "DIMAPUR",
    "acNumber": 3,
    "acName": "DIMAPUR-III",
    "partNumber": 17,
    "partName": "DISAGAPHU",
    "lat": 25.904137849999998,
    "lon": 93.7177608788519
  },
  {
    "partId": 133,
    "stateCode": "S17",
    "stateName": "Nagaland",
    "districtCode": "S1701",
    "districtName": "DIMAPUR",
    "acNumber": 3,
    "acName": "DIMAPUR-III",
    "partNumber": 18,
    "partName": "DOYAPUR",
    "lat": 25.7610287,
    "lon": 93.6048215
  },
  {
    "partId": 134,
    "stateCode": "S17",
    "stateName": "Nagaland",
    "districtCode": "S1701",
    "districtName": "DIMAPUR",
    "acNumber": 3,
    "acName": "DIMAPUR-III",
    "partNumber": 19,
    "partName": "AMALUMA",
    "lat": 25.904137849999998,
    "lon": 93.7177608788519
  },
  {
    "partId": 135,
    "stateCode": "S17",
    "stateName": "Nagaland",
    "districtCode": "S1701",
    "districtName": "DIMAPUR",
    "acNumber": 3,
    "acName": "DIMAPUR-III",
    "partNumber": 20,
    "partName": "HAZADISA VILLAGE",
    "lat": 25.904137849999998,
    "lon": 93.7177608788519
  },
  {
    "partId": 136,
    "stateCode": "S17",
    "stateName": "Nagaland",
    "districtCode": "S1701",
    "districtName": "DIMAPUR",
    "acNumber": 3,
    "acName": "DIMAPUR-III",
    "partNumber": 21,
    "partName": "RAZHAPHE",
    "lat": 25.904137849999998,
    "lon": 93.7177608788519
  },
  {
    "partId": 137,
    "stateCode": "S17",
    "stateName": "Nagaland",
    "districtCode": "S1701",
    "districtName": "DIMAPUR",
    "acNumber": 3,
    "acName": "DIMAPUR-III",
    "partNumber": 22,
    "partName": "KIYETO",
    "lat": 25.904137849999998,
    "lon": 93.7177608788519
  },
  {
    "partId": 138,
    "stateCode": "S17",
    "stateName": "Nagaland",
    "districtCode": "S1701",
    "districtName": "DIMAPUR",
    "acNumber": 3,
    "acName": "DIMAPUR-III",
    "partNumber": 23,
    "partName": "DIEZEPHE",
    "lat": 25.8024132,
    "lon": 93.692047
  },
  {
    "partId": 139,
    "stateCode": "S17",
    "stateName": "Nagaland",
    "districtCode": "S1701",
    "districtName": "DIMAPUR",
    "acNumber": 3,
    "acName": "DIMAPUR-III",
    "partNumber": 24,
    "partName": "BADE",
    "lat": 25.82022,
    "lon": 93.6690366
  },
  {
    "partId": 140,
    "stateCode": "S17",
    "stateName": "Nagaland",
    "districtCode": "S1701",
    "districtName": "DIMAPUR",
    "acNumber": 3,
    "acName": "DIMAPUR-III",
    "partNumber": 25,
    "partName": "TSETHRONGSE",
    "lat": 25.904137849999998,
    "lon": 93.7177608788519
  },
  {
    "partId": 141,
    "stateCode": "S17",
    "stateName": "Nagaland",
    "districtCode": "S1701",
    "districtName": "DIMAPUR",
    "acNumber": 3,
    "acName": "DIMAPUR-III",
    "partNumber": 26,
    "partName": "ZANI VILLAGE",
    "lat": 25.904137849999998,
    "lon": 93.7177608788519
  },
  {
    "partId": 142,
    "stateCode": "S17",
    "stateName": "Nagaland",
    "districtCode": "S1701",
    "districtName": "DIMAPUR",
    "acNumber": 3,
    "acName": "DIMAPUR-III",
    "partNumber": 27,
    "partName": "EKRANIPATHAR",
    "lat": 25.904137849999998,
    "lon": 93.7177608788519
  },
  {
    "partId": 143,
    "stateCode": "S17",
    "stateName": "Nagaland",
    "districtCode": "S1701",
    "districtName": "DIMAPUR",
    "acNumber": 3,
    "acName": "DIMAPUR-III",
    "partNumber": 28,
    "partName": "GANESH NAGAR",
    "lat": 25.904137849999998,
    "lon": 93.7177608788519
  },
  {
    "partId": 144,
    "stateCode": "S17",
    "stateName": "Nagaland",
    "districtCode": "S1701",
    "districtName": "DIMAPUR",
    "acNumber": 3,
    "acName": "DIMAPUR-III",
    "partNumber": 29,
    "partName": "SHIKAVI VILLAGE",
    "lat": 25.904137849999998,
    "lon": 93.7177608788519
  },
  {
    "partId": 145,
    "stateCode": "S17",
    "stateName": "Nagaland",
    "districtCode": "S1701",
    "districtName": "DIMAPUR",
    "acNumber": 3,
    "acName": "DIMAPUR-III",
    "partNumber": 30,
    "partName": "URRA VILLAGE",
    "lat": 25.904137849999998,
    "lon": 93.7177608788519
  },
  {
    "partId": 146,
    "stateCode": "S17",
    "stateName": "Nagaland",
    "districtCode": "S1701",
    "districtName": "DIMAPUR",
    "acNumber": 3,
    "acName": "DIMAPUR-III",
    "partNumber": 31,
    "partName": "MURISE VILLAGE",
    "lat": 25.904137849999998,
    "lon": 93.7177608788519
  },
  {
    "partId": 147,
    "stateCode": "S17",
    "stateName": "Nagaland",
    "districtCode": "S1701",
    "districtName": "DIMAPUR",
    "acNumber": 3,
    "acName": "DIMAPUR-III",
    "partNumber": 32,
    "partName": "PURANA BAZAR-B",
    "lat": 25.904137849999998,
    "lon": 93.7177608788519
  },
  {
    "partId": 148,
    "stateCode": "S17",
    "stateName": "Nagaland",
    "districtCode": "S1701",
    "districtName": "DIMAPUR",
    "acNumber": 3,
    "acName": "DIMAPUR-III",
    "partNumber": 33,
    "partName": "K.HOLLOHON COLONY",
    "lat": 25.904137849999998,
    "lon": 93.7177608788519
  },
  {
    "partId": 149,
    "stateCode": "S17",
    "stateName": "Nagaland",
    "districtCode": "S1701",
    "districtName": "DIMAPUR",
    "acNumber": 3,
    "acName": "DIMAPUR-III",
    "partNumber": 34,
    "partName": "DANIEL VILLAGE",
    "lat": 25.904137849999998,
    "lon": 93.7177608788519
  },
  {
    "partId": 150,
    "stateCode": "S17",
    "stateName": "Nagaland",
    "districtCode": "S1701",
    "districtName": "DIMAPUR",
    "acNumber": 3,
    "acName": "DIMAPUR-III",
    "partNumber": 35,
    "partName": "PURANA BAZAR (RIVERSIDE) S/W",
    "lat": 25.904137849999998,
    "lon": 93.7177608788519
  },
  {
    "partId": 151,
    "stateCode": "S17",
    "stateName": "Nagaland",
    "districtCode": "S1701",
    "districtName": "DIMAPUR",
    "acNumber": 3,
    "acName": "DIMAPUR-III",
    "partNumber": 36,
    "partName": "NAHARBARI",
    "lat": 25.904137849999998,
    "lon": 93.7177608788519
  },
  {
    "partId": 152,
    "stateCode": "S17",
    "stateName": "Nagaland",
    "districtCode": "S1701",
    "districtName": "DIMAPUR",
    "acNumber": 3,
    "acName": "DIMAPUR-III",
    "partNumber": 37,
    "partName": "PADAM PUKHURI-II",
    "lat": 25.904137849999998,
    "lon": 93.7177608788519
  },
  {
    "partId": 153,
    "stateCode": "S17",
    "stateName": "Nagaland",
    "districtCode": "S1701",
    "districtName": "DIMAPUR",
    "acNumber": 3,
    "acName": "DIMAPUR-III",
    "partNumber": 38,
    "partName": "MISHIKITO VILLAGE",
    "lat": 25.904137849999998,
    "lon": 93.7177608788519
  },
  {
    "partId": 154,
    "stateCode": "S17",
    "stateName": "Nagaland",
    "districtCode": "S1701",
    "districtName": "DIMAPUR",
    "acNumber": 3,
    "acName": "DIMAPUR-III",
    "partNumber": 39,
    "partName": "TOULAZOUMA",
    "lat": 25.904137849999998,
    "lon": 93.7177608788519
  },
  {
    "partId": 155,
    "stateCode": "S17",
    "stateName": "Nagaland",
    "districtCode": "S1701",
    "districtName": "DIMAPUR",
    "acNumber": 3,
    "acName": "DIMAPUR-III",
    "partNumber": 40,
    "partName": "SELUOPHE",
    "lat": 25.904137849999998,
    "lon": 93.7177608788519
  },
  {
    "partId": 156,
    "stateCode": "S17",
    "stateName": "Nagaland",
    "districtCode": "S1701",
    "districtName": "DIMAPUR",
    "acNumber": 3,
    "acName": "DIMAPUR-III",
    "partNumber": 41,
    "partName": "PADAM PUKHURI-III",
    "lat": 25.904137849999998,
    "lon": 93.7177608788519
  },
  {
    "partId": 157,
    "stateCode": "S17",
    "stateName": "Nagaland",
    "districtCode": "S1701",
    "districtName": "DIMAPUR",
    "acNumber": 3,
    "acName": "DIMAPUR-III",
    "partNumber": 42,
    "partName": "TOLUVI",
    "lat": 25.904137849999998,
    "lon": 93.7177608788519
  },
  {
    "partId": 158,
    "stateCode": "S17",
    "stateName": "Nagaland",
    "districtCode": "S1701",
    "districtName": "DIMAPUR",
    "acNumber": 3,
    "acName": "DIMAPUR-III",
    "partNumber": 43,
    "partName": "KHOPANALA",
    "lat": 25.904137849999998,
    "lon": 93.7177608788519
  },
  {
    "partId": 159,
    "stateCode": "S17",
    "stateName": "Nagaland",
    "districtCode": "S1701",
    "districtName": "DIMAPUR",
    "acNumber": 3,
    "acName": "DIMAPUR-III",
    "partNumber": 44,
    "partName": "MANGLUMUKH",
    "lat": 25.904137849999998,
    "lon": 93.7177608788519
  },
  {
    "partId": 160,
    "stateCode": "S17",
    "stateName": "Nagaland",
    "districtCode": "S1701",
    "districtName": "DIMAPUR",
    "acNumber": 3,
    "acName": "DIMAPUR-III",
    "partNumber": 45,
    "partName": "KUSHIABILL I",
    "lat": 25.904137849999998,
    "lon": 93.7177608788519
  },
  {
    "partId": 161,
    "stateCode": "S17",
    "stateName": "Nagaland",
    "districtCode": "S1701",
    "districtName": "DIMAPUR",
    "acNumber": 3,
    "acName": "DIMAPUR-III",
    "partNumber": 46,
    "partName": "BAMAN PUKHURI  I",
    "lat": 25.904137849999998,
    "lon": 93.7177608788519
  },
  {
    "partId": 162,
    "stateCode": "S17",
    "stateName": "Nagaland",
    "districtCode": "S1701",
    "districtName": "DIMAPUR",
    "acNumber": 3,
    "acName": "DIMAPUR-III",
    "partNumber": 47,
    "partName": "TOULAZOUMA I",
    "lat": 25.904137849999998,
    "lon": 93.7177608788519
  },
  {
    "partId": 163,
    "stateCode": "S17",
    "stateName": "Nagaland",
    "districtCode": "S1701",
    "districtName": "DIMAPUR",
    "acNumber": 3,
    "acName": "DIMAPUR-III",
    "partNumber": 48,
    "partName": "PURANA BAZAR-I",
    "lat": 25.904137849999998,
    "lon": 93.7177608788519
  },
  {
    "partId": 164,
    "stateCode": "S17",
    "stateName": "Nagaland",
    "districtCode": "S1701",
    "districtName": "DIMAPUR",
    "acNumber": 3,
    "acName": "DIMAPUR-III",
    "partNumber": 49,
    "partName": "NAHARBARI-II",
    "lat": 25.904137849999998,
    "lon": 93.7177608788519
  },
  {
    "partId": 165,
    "stateCode": "S17",
    "stateName": "Nagaland",
    "districtCode": "S1701",
    "districtName": "DIMAPUR",
    "acNumber": 3,
    "acName": "DIMAPUR-III",
    "partNumber": 50,
    "partName": "PADAM POKHURI-IV",
    "lat": 25.904137849999998,
    "lon": 93.7177608788519
  },
  {
    "partId": 166,
    "stateCode": "S17",
    "stateName": "Nagaland",
    "districtCode": "S1701",
    "districtName": "DIMAPUR",
    "acNumber": 3,
    "acName": "DIMAPUR-III",
    "partNumber": 51,
    "partName": "DOYAPUR VILLAGE-I",
    "lat": 25.904137849999998,
    "lon": 93.7177608788519
  },
  {
    "partId": 167,
    "stateCode": "S17",
    "stateName": "Nagaland",
    "districtCode": "S1701",
    "districtName": "DIMAPUR",
    "acNumber": 3,
    "acName": "DIMAPUR-III",
    "partNumber": 52,
    "partName": "PADAM POKHURI-V",
    "lat": 25.904137849999998,
    "lon": 93.7177608788519
  },
  {
    "partId": 2253,
    "stateCode": "S17",
    "stateName": "Nagaland",
    "districtCode": "S1701",
    "districtName": "DIMAPUR",
    "acNumber": 3,
    "acName": "DIMAPUR-III",
    "partNumber": 53,
    "partName": "LONGSEN VILLAGE",
    "lat": 25.904137849999998,
    "lon": 93.7177608788519
  },
  {
    "partId": 2254,
    "stateCode": "S17",
    "stateName": "Nagaland",
    "districtCode": "S1701",
    "districtName": "DIMAPUR",
    "acNumber": 3,
    "acName": "DIMAPUR-III",
    "partNumber": 54,
    "partName": "RAZAPHE BASA",
    "lat": 25.904137849999998,
    "lon": 93.7177608788519
  },
  {
    "partId": 42,
    "stateCode": "S17",
    "stateName": "Nagaland",
    "districtCode": "S1701",
    "districtName": "DIMAPUR",
    "acNumber": 2,
    "acName": "DIMAPURII",
    "partNumber": 1,
    "partName": "KHERMAHAL",
    "lat": 25.909142,
    "lon": 93.72659
  },
  {
    "partId": 43,
    "stateCode": "S17",
    "stateName": "Nagaland",
    "districtCode": "S1701",
    "districtName": "DIMAPUR",
    "acNumber": 2,
    "acName": "DIMAPURII",
    "partNumber": 2,
    "partName": "NEISETUO / LAKE VIEW",
    "lat": 25.904137849999998,
    "lon": 93.7177608788519
  },
  {
    "partId": 44,
    "stateCode": "S17",
    "stateName": "Nagaland",
    "districtCode": "S1701",
    "districtName": "DIMAPUR",
    "acNumber": 2,
    "acName": "DIMAPURII",
    "partNumber": 3,
    "partName": "L.R.C./ISLAND COLONY",
    "lat": 25.904137849999998,
    "lon": 93.7177608788519
  },
  {
    "partId": 45,
    "stateCode": "S17",
    "stateName": "Nagaland",
    "districtCode": "S1701",
    "districtName": "DIMAPUR",
    "acNumber": 2,
    "acName": "DIMAPURII",
    "partNumber": 4,
    "partName": "AO / LOTHA CHURCH AREA",
    "lat": 25.904137849999998,
    "lon": 93.7177608788519
  },
  {
    "partId": 46,
    "stateCode": "S17",
    "stateName": "Nagaland",
    "districtCode": "S1701",
    "districtName": "DIMAPUR",
    "acNumber": 2,
    "acName": "DIMAPURII",
    "partNumber": 5,
    "partName": "NYAMO / GHOSITO AREA E/W",
    "lat": 25.904137849999998,
    "lon": 93.7177608788519
  },
  {
    "partId": 47,
    "stateCode": "S17",
    "stateName": "Nagaland",
    "districtCode": "S1701",
    "districtName": "DIMAPUR",
    "acNumber": 2,
    "acName": "DIMAPURII",
    "partNumber": 6,
    "partName": "NOTUN BOSTI-I",
    "lat": 25.904137849999998,
    "lon": 93.7177608788519
  },
  {
    "partId": 48,
    "stateCode": "S17",
    "stateName": "Nagaland",
    "districtCode": "S1701",
    "districtName": "DIMAPUR",
    "acNumber": 2,
    "acName": "DIMAPURII",
    "partNumber": 7,
    "partName": "NOTUN BOSTI-II",
    "lat": 25.904137849999998,
    "lon": 93.7177608788519
  },
  {
    "partId": 49,
    "stateCode": "S17",
    "stateName": "Nagaland",
    "districtCode": "S1701",
    "districtName": "DIMAPUR",
    "acNumber": 2,
    "acName": "DIMAPURII",
    "partNumber": 8,
    "partName": "DUNCAN VILLAGE  A E/W",
    "lat": 25.904137849999998,
    "lon": 93.7177608788519
  },
  {
    "partId": 50,
    "stateCode": "S17",
    "stateName": "Nagaland",
    "districtCode": "S1701",
    "districtName": "DIMAPUR",
    "acNumber": 2,
    "acName": "DIMAPURII",
    "partNumber": 9,
    "partName": "DUNCAN VILLAGE  A N/W",
    "lat": 25.904137849999998,
    "lon": 93.7177608788519
  },
  {
    "partId": 51,
    "stateCode": "S17",
    "stateName": "Nagaland",
    "districtCode": "S1701",
    "districtName": "DIMAPUR",
    "acNumber": 2,
    "acName": "DIMAPURII",
    "partNumber": 10,
    "partName": "DUNCAN BOSTI  B  W/W",
    "lat": 25.904137849999998,
    "lon": 93.7177608788519
  },
  {
    "partId": 52,
    "stateCode": "S17",
    "stateName": "Nagaland",
    "districtCode": "S1701",
    "districtName": "DIMAPUR",
    "acNumber": 2,
    "acName": "DIMAPURII",
    "partNumber": 11,
    "partName": "INDUSTRIAL VILLAGE RAZHUPHE-I E/W",
    "lat": 25.904137849999998,
    "lon": 93.7177608788519
  },
  {
    "partId": 53,
    "stateCode": "S17",
    "stateName": "Nagaland",
    "districtCode": "S1701",
    "districtName": "DIMAPUR",
    "acNumber": 2,
    "acName": "DIMAPURII",
    "partNumber": 12,
    "partName": "INDUSTRIAL VILLAGE RAZHUPHE-II N/W",
    "lat": 25.904137849999998,
    "lon": 93.7177608788519
  },
  {
    "partId": 54,
    "stateCode": "S17",
    "stateName": "Nagaland",
    "districtCode": "S1701",
    "districtName": "DIMAPUR",
    "acNumber": 2,
    "acName": "DIMAPURII",
    "partNumber": 13,
    "partName": "LIMA SCHOOL AREA",
    "lat": 25.904137849999998,
    "lon": 93.7177608788519
  },
  {
    "partId": 55,
    "stateCode": "S17",
    "stateName": "Nagaland",
    "districtCode": "S1701",
    "districtName": "DIMAPUR",
    "acNumber": 2,
    "acName": "DIMAPURII",
    "partNumber": 14,
    "partName": "LENGRIJAN VILLAGE",
    "lat": 25.904137849999998,
    "lon": 93.7177608788519
  },
  {
    "partId": 56,
    "stateCode": "S17",
    "stateName": "Nagaland",
    "districtCode": "S1701",
    "districtName": "DIMAPUR",
    "acNumber": 2,
    "acName": "DIMAPURII",
    "partNumber": 15,
    "partName": "ST. JOHN SCHOOL AREA",
    "lat": 25.904137849999998,
    "lon": 93.7177608788519
  },
  {
    "partId": 57,
    "stateCode": "S17",
    "stateName": "Nagaland",
    "districtCode": "S1701",
    "districtName": "DIMAPUR",
    "acNumber": 2,
    "acName": "DIMAPURII",
    "partNumber": 16,
    "partName": "NEW MARKET (LATIKA HALL) AREA",
    "lat": 25.904137849999998,
    "lon": 93.7177608788519
  },
  {
    "partId": 58,
    "stateCode": "S17",
    "stateName": "Nagaland",
    "districtCode": "S1701",
    "districtName": "DIMAPUR",
    "acNumber": 2,
    "acName": "DIMAPURII",
    "partNumber": 17,
    "partName": "NEW MARKET (MIYA PATTY) AREA",
    "lat": 25.904137849999998,
    "lon": 93.7177608788519
  },
  {
    "partId": 59,
    "stateCode": "S17",
    "stateName": "Nagaland",
    "districtCode": "S1701",
    "districtName": "DIMAPUR",
    "acNumber": 2,
    "acName": "DIMAPURII",
    "partNumber": 18,
    "partName": "NEW MARKET (DHOBINALA) AREA",
    "lat": 25.904137849999998,
    "lon": 93.7177608788519
  },
  {
    "partId": 60,
    "stateCode": "S17",
    "stateName": "Nagaland",
    "districtCode": "S1701",
    "districtName": "DIMAPUR",
    "acNumber": 2,
    "acName": "DIMAPURII",
    "partNumber": 19,
    "partName": "JAIN SCHOOL AREA",
    "lat": 25.904137849999998,
    "lon": 93.7177608788519
  },
  {
    "partId": 61,
    "stateCode": "S17",
    "stateName": "Nagaland",
    "districtCode": "S1701",
    "districtName": "DIMAPUR",
    "acNumber": 2,
    "acName": "DIMAPURII",
    "partNumber": 20,
    "partName": "RAM JANKI SCHOOL AREA",
    "lat": 25.904137849999998,
    "lon": 93.7177608788519
  },
  {
    "partId": 62,
    "stateCode": "S17",
    "stateName": "Nagaland",
    "districtCode": "S1701",
    "districtName": "DIMAPUR",
    "acNumber": 2,
    "acName": "DIMAPURII",
    "partNumber": 21,
    "partName": "OLD MARKET AREA",
    "lat": 25.904137849999998,
    "lon": 93.7177608788519
  },
  {
    "partId": 63,
    "stateCode": "S17",
    "stateName": "Nagaland",
    "districtCode": "S1701",
    "districtName": "DIMAPUR",
    "acNumber": 2,
    "acName": "DIMAPURII",
    "partNumber": 22,
    "partName": "ZELIANGRONG A",
    "lat": 25.904137849999998,
    "lon": 93.7177608788519
  },
  {
    "partId": 64,
    "stateCode": "S17",
    "stateName": "Nagaland",
    "districtCode": "S1701",
    "districtName": "DIMAPUR",
    "acNumber": 2,
    "acName": "DIMAPURII",
    "partNumber": 23,
    "partName": "ZELIANGRONG B",
    "lat": 25.904137849999998,
    "lon": 93.7177608788519
  },
  {
    "partId": 65,
    "stateCode": "S17",
    "stateName": "Nagaland",
    "districtCode": "S1701",
    "districtName": "DIMAPUR",
    "acNumber": 2,
    "acName": "DIMAPURII",
    "partNumber": 24,
    "partName": "KALIBARI JAIN TEMPLE",
    "lat": 25.904137849999998,
    "lon": 93.7177608788519
  },
  {
    "partId": 66,
    "stateCode": "S17",
    "stateName": "Nagaland",
    "districtCode": "S1701",
    "districtName": "DIMAPUR",
    "acNumber": 2,
    "acName": "DIMAPURII",
    "partNumber": 25,
    "partName": "KALIBARI ROAD",
    "lat": 25.9063186,
    "lon": 93.7263964
  },
  {
    "partId": 67,
    "stateCode": "S17",
    "stateName": "Nagaland",
    "districtCode": "S1701",
    "districtName": "DIMAPUR",
    "acNumber": 2,
    "acName": "DIMAPURII",
    "partNumber": 26,
    "partName": "LANDMARK COLONY N/W",
    "lat": 25.904137849999998,
    "lon": 93.7177608788519
  },
  {
    "partId": 68,
    "stateCode": "S17",
    "stateName": "Nagaland",
    "districtCode": "S1701",
    "districtName": "DIMAPUR",
    "acNumber": 2,
    "acName": "DIMAPURII",
    "partNumber": 27,
    "partName": "LANDMARK COLONY W/W",
    "lat": 25.904137849999998,
    "lon": 93.7177608788519
  },
  {
    "partId": 69,
    "stateCode": "S17",
    "stateName": "Nagaland",
    "districtCode": "S1701",
    "districtName": "DIMAPUR",
    "acNumber": 2,
    "acName": "DIMAPURII",
    "partNumber": 28,
    "partName": "MIDLAND",
    "lat": 25.904137849999998,
    "lon": 93.7177608788519
  },
  {
    "partId": 70,
    "stateCode": "S17",
    "stateName": "Nagaland",
    "districtCode": "S1701",
    "districtName": "DIMAPUR",
    "acNumber": 2,
    "acName": "DIMAPURII",
    "partNumber": 29,
    "partName": "NEW SEWAK/VIOLA COLONY",
    "lat": 25.904137849999998,
    "lon": 93.7177608788519
  },
  {
    "partId": 71,
    "stateCode": "S17",
    "stateName": "Nagaland",
    "districtCode": "S1701",
    "districtName": "DIMAPUR",
    "acNumber": 2,
    "acName": "DIMAPURII",
    "partNumber": 30,
    "partName": "DUNCAN BOSTI",
    "lat": 25.904137849999998,
    "lon": 93.7177608788519
  },
  {
    "partId": 72,
    "stateCode": "S17",
    "stateName": "Nagaland",
    "districtCode": "S1701",
    "districtName": "DIMAPUR",
    "acNumber": 2,
    "acName": "DIMAPURII",
    "partNumber": 31,
    "partName": "LOTHA COLONY/SUB-JAIL AREA",
    "lat": 25.904137849999998,
    "lon": 93.7177608788519
  },
  {
    "partId": 73,
    "stateCode": "S17",
    "stateName": "Nagaland",
    "districtCode": "S1701",
    "districtName": "DIMAPUR",
    "acNumber": 2,
    "acName": "DIMAPURII",
    "partNumber": 32,
    "partName": "ORIENTAL COLONY/SUB-JAIL AREA",
    "lat": 25.904137849999998,
    "lon": 93.7177608788519
  },
  {
    "partId": 74,
    "stateCode": "S17",
    "stateName": "Nagaland",
    "districtCode": "S1701",
    "districtName": "DIMAPUR",
    "acNumber": 2,
    "acName": "DIMAPURII",
    "partNumber": 33,
    "partName": "AOYIMKUM VILLAGE",
    "lat": 25.904137849999998,
    "lon": 93.7177608788519
  },
  {
    "partId": 75,
    "stateCode": "S17",
    "stateName": "Nagaland",
    "districtCode": "S1701",
    "districtName": "DIMAPUR",
    "acNumber": 2,
    "acName": "DIMAPURII",
    "partNumber": 34,
    "partName": "KASIRAM RANGAPAHAR",
    "lat": 25.904137849999998,
    "lon": 93.7177608788519
  },
  {
    "partId": 76,
    "stateCode": "S17",
    "stateName": "Nagaland",
    "districtCode": "S1701",
    "districtName": "DIMAPUR",
    "acNumber": 2,
    "acName": "DIMAPURII",
    "partNumber": 35,
    "partName": "KACHARIGAON / INDUSTRIAL VILLAGE",
    "lat": 25.904137849999998,
    "lon": 93.7177608788519
  },
  {
    "partId": 77,
    "stateCode": "S17",
    "stateName": "Nagaland",
    "districtCode": "S1701",
    "districtName": "DIMAPUR",
    "acNumber": 2,
    "acName": "DIMAPURII",
    "partNumber": 36,
    "partName": "KEVIJA-U COLONY E/W",
    "lat": 25.904137849999998,
    "lon": 93.7177608788519
  },
  {
    "partId": 78,
    "stateCode": "S17",
    "stateName": "Nagaland",
    "districtCode": "S1701",
    "districtName": "DIMAPUR",
    "acNumber": 2,
    "acName": "DIMAPURII",
    "partNumber": 37,
    "partName": "KEVIJA-U COLONY N/W",
    "lat": 25.904137849999998,
    "lon": 93.7177608788519
  },
  {
    "partId": 79,
    "stateCode": "S17",
    "stateName": "Nagaland",
    "districtCode": "S1701",
    "districtName": "DIMAPUR",
    "acNumber": 2,
    "acName": "DIMAPURII",
    "partNumber": 38,
    "partName": "KEVIJA-U COLONY, SIGNAL RANGAPAHAR",
    "lat": 25.904137849999998,
    "lon": 93.7177608788519
  },
  {
    "partId": 80,
    "stateCode": "S17",
    "stateName": "Nagaland",
    "districtCode": "S1701",
    "districtName": "DIMAPUR",
    "acNumber": 2,
    "acName": "DIMAPURII",
    "partNumber": 39,
    "partName": "FOREST PLANTATION",
    "lat": 25.904137849999998,
    "lon": 93.7177608788519
  },
  {
    "partId": 81,
    "stateCode": "S17",
    "stateName": "Nagaland",
    "districtCode": "S1701",
    "districtName": "DIMAPUR",
    "acNumber": 2,
    "acName": "DIMAPURII",
    "partNumber": 40,
    "partName": "Y. ZHIMO COLONY",
    "lat": 25.904137849999998,
    "lon": 93.7177608788519
  },
  {
    "partId": 82,
    "stateCode": "S17",
    "stateName": "Nagaland",
    "districtCode": "S1701",
    "districtName": "DIMAPUR",
    "acNumber": 2,
    "acName": "DIMAPURII",
    "partNumber": 41,
    "partName": "METHA COLONY N/W",
    "lat": 25.904137849999998,
    "lon": 93.7177608788519
  },
  {
    "partId": 83,
    "stateCode": "S17",
    "stateName": "Nagaland",
    "districtCode": "S1701",
    "districtName": "DIMAPUR",
    "acNumber": 2,
    "acName": "DIMAPURII",
    "partNumber": 42,
    "partName": "NAGA GAON",
    "lat": 25.904137849999998,
    "lon": 93.7177608788519
  },
  {
    "partId": 84,
    "stateCode": "S17",
    "stateName": "Nagaland",
    "districtCode": "S1701",
    "districtName": "DIMAPUR",
    "acNumber": 2,
    "acName": "DIMAPURII",
    "partNumber": 43,
    "partName": "LHOMITHI COLONY/ DON BOSCO COLONY S/W",
    "lat": 25.904137849999998,
    "lon": 93.7177608788519
  },
  {
    "partId": 85,
    "stateCode": "S17",
    "stateName": "Nagaland",
    "districtCode": "S1701",
    "districtName": "DIMAPUR",
    "acNumber": 2,
    "acName": "DIMAPURII",
    "partNumber": 44,
    "partName": "LHOMITHI COLONY/ DON BOSCO COLONY E/W",
    "lat": 25.904137849999998,
    "lon": 93.7177608788519
  },
  {
    "partId": 86,
    "stateCode": "S17",
    "stateName": "Nagaland",
    "districtCode": "S1701",
    "districtName": "DIMAPUR",
    "acNumber": 2,
    "acName": "DIMAPURII",
    "partNumber": 45,
    "partName": "LHOMITHI COLONY /DHOBINALA N/W",
    "lat": 25.904137849999998,
    "lon": 93.7177608788519
  },
  {
    "partId": 87,
    "stateCode": "S17",
    "stateName": "Nagaland",
    "districtCode": "S1701",
    "districtName": "DIMAPUR",
    "acNumber": 2,
    "acName": "DIMAPURII",
    "partNumber": 46,
    "partName": "NAGARJAN  A & B",
    "lat": 25.904137849999998,
    "lon": 93.7177608788519
  },
  {
    "partId": 88,
    "stateCode": "S17",
    "stateName": "Nagaland",
    "districtCode": "S1701",
    "districtName": "DIMAPUR",
    "acNumber": 2,
    "acName": "DIMAPURII",
    "partNumber": 47,
    "partName": "ELECTRICAL COLONY/LONGWIRAM/ASHUHE",
    "lat": 25.904137849999998,
    "lon": 93.7177608788519
  },
  {
    "partId": 89,
    "stateCode": "S17",
    "stateName": "Nagaland",
    "districtCode": "S1701",
    "districtName": "DIMAPUR",
    "acNumber": 2,
    "acName": "DIMAPURII",
    "partNumber": 48,
    "partName": "NAGARJAN  C S/W",
    "lat": 25.904137849999998,
    "lon": 93.7177608788519
  },
  {
    "partId": 90,
    "stateCode": "S17",
    "stateName": "Nagaland",
    "districtCode": "S1701",
    "districtName": "DIMAPUR",
    "acNumber": 2,
    "acName": "DIMAPURII",
    "partNumber": 49,
    "partName": "DELIEZHU COLONY",
    "lat": 25.904137849999998,
    "lon": 93.7177608788519
  },
  {
    "partId": 91,
    "stateCode": "S17",
    "stateName": "Nagaland",
    "districtCode": "S1701",
    "districtName": "DIMAPUR",
    "acNumber": 2,
    "acName": "DIMAPURII",
    "partNumber": 50,
    "partName": "KHRIEHULIE COLONY",
    "lat": 25.904137849999998,
    "lon": 93.7177608788519
  },
  {
    "partId": 92,
    "stateCode": "S17",
    "stateName": "Nagaland",
    "districtCode": "S1701",
    "districtName": "DIMAPUR",
    "acNumber": 2,
    "acName": "DIMAPURII",
    "partNumber": 51,
    "partName": "GOVT. HIGHER S.SCHOOL",
    "lat": 25.904137849999998,
    "lon": 93.7177608788519
  },
  {
    "partId": 93,
    "stateCode": "S17",
    "stateName": "Nagaland",
    "districtCode": "S1701",
    "districtName": "DIMAPUR",
    "acNumber": 2,
    "acName": "DIMAPURII",
    "partNumber": 52,
    "partName": "NAGARJAN HOSPITAL AREA",
    "lat": 25.904137849999998,
    "lon": 93.7177608788519
  },
  {
    "partId": 94,
    "stateCode": "S17",
    "stateName": "Nagaland",
    "districtCode": "S1701",
    "districtName": "DIMAPUR",
    "acNumber": 2,
    "acName": "DIMAPURII",
    "partNumber": 53,
    "partName": "SIGNAL ANGAMI VILLAGE",
    "lat": 25.904137849999998,
    "lon": 93.7177608788519
  },
  {
    "partId": 95,
    "stateCode": "S17",
    "stateName": "Nagaland",
    "districtCode": "S1701",
    "districtName": "DIMAPUR",
    "acNumber": 2,
    "acName": "DIMAPURII",
    "partNumber": 54,
    "partName": "THAHEKHU VILLAGE A S/W",
    "lat": 25.904137849999998,
    "lon": 93.7177608788519
  },
  {
    "partId": 96,
    "stateCode": "S17",
    "stateName": "Nagaland",
    "districtCode": "S1701",
    "districtName": "DIMAPUR",
    "acNumber": 2,
    "acName": "DIMAPURII",
    "partNumber": 55,
    "partName": "THAHEKHU VILLAGE B E/W",
    "lat": 25.904137849999998,
    "lon": 93.7177608788519
  },
  {
    "partId": 97,
    "stateCode": "S17",
    "stateName": "Nagaland",
    "districtCode": "S1701",
    "districtName": "DIMAPUR",
    "acNumber": 2,
    "acName": "DIMAPURII",
    "partNumber": 56,
    "partName": "THAHEKHU VILLAGE B N/W",
    "lat": 25.904137849999998,
    "lon": 93.7177608788519
  },
  {
    "partId": 98,
    "stateCode": "S17",
    "stateName": "Nagaland",
    "districtCode": "S1701",
    "districtName": "DIMAPUR",
    "acNumber": 2,
    "acName": "DIMAPURII",
    "partNumber": 57,
    "partName": "RANGAPAHAR VILLAGE",
    "lat": 25.904137849999998,
    "lon": 93.7177608788519
  },
  {
    "partId": 99,
    "stateCode": "S17",
    "stateName": "Nagaland",
    "districtCode": "S1701",
    "districtName": "DIMAPUR",
    "acNumber": 2,
    "acName": "DIMAPURII",
    "partNumber": 58,
    "partName": "SANGTAMTILLA VILLAGE",
    "lat": 25.904137849999998,
    "lon": 93.7177608788519
  },
  {
    "partId": 100,
    "stateCode": "S17",
    "stateName": "Nagaland",
    "districtCode": "S1701",
    "districtName": "DIMAPUR",
    "acNumber": 2,
    "acName": "DIMAPURII",
    "partNumber": 59,
    "partName": "SENJUM VILLAGE",
    "lat": 25.904137849999998,
    "lon": 93.7177608788519
  },
  {
    "partId": 101,
    "stateCode": "S17",
    "stateName": "Nagaland",
    "districtCode": "S1701",
    "districtName": "DIMAPUR",
    "acNumber": 2,
    "acName": "DIMAPURII",
    "partNumber": 60,
    "partName": "RIVERBELT COLONY",
    "lat": 25.904137849999998,
    "lon": 93.7177608788519
  },
  {
    "partId": 102,
    "stateCode": "S17",
    "stateName": "Nagaland",
    "districtCode": "S1701",
    "districtName": "DIMAPUR",
    "acNumber": 2,
    "acName": "DIMAPURII",
    "partNumber": 61,
    "partName": "INDISEN",
    "lat": 25.904137849999998,
    "lon": 93.7177608788519
  },
  {
    "partId": 103,
    "stateCode": "S17",
    "stateName": "Nagaland",
    "districtCode": "S1701",
    "districtName": "DIMAPUR",
    "acNumber": 2,
    "acName": "DIMAPURII",
    "partNumber": 62,
    "partName": "SIGNAL ANGAMI VILLAGE",
    "lat": 25.904137849999998,
    "lon": 93.7177608788519
  },
  {
    "partId": 104,
    "stateCode": "S17",
    "stateName": "Nagaland",
    "districtCode": "S1701",
    "districtName": "DIMAPUR",
    "acNumber": 2,
    "acName": "DIMAPURII",
    "partNumber": 63,
    "partName": "LENGRIJAN VILLAGE",
    "lat": 25.904137849999998,
    "lon": 93.7177608788519
  },
  {
    "partId": 105,
    "stateCode": "S17",
    "stateName": "Nagaland",
    "districtCode": "S1701",
    "districtName": "DIMAPUR",
    "acNumber": 2,
    "acName": "DIMAPURII",
    "partNumber": 64,
    "partName": "DUNCAN BASTI B S/W",
    "lat": 25.904137849999998,
    "lon": 93.7177608788519
  },
  {
    "partId": 106,
    "stateCode": "S17",
    "stateName": "Nagaland",
    "districtCode": "S1701",
    "districtName": "DIMAPUR",
    "acNumber": 2,
    "acName": "DIMAPURII",
    "partNumber": 65,
    "partName": "RESIDENCY COLONY",
    "lat": 25.904137849999998,
    "lon": 93.7177608788519
  },
  {
    "partId": 107,
    "stateCode": "S17",
    "stateName": "Nagaland",
    "districtCode": "S1701",
    "districtName": "DIMAPUR",
    "acNumber": 2,
    "acName": "DIMAPURII",
    "partNumber": 66,
    "partName": "FOREST PLANTATION SIGNAL SEMA",
    "lat": 25.904137849999998,
    "lon": 93.7177608788519
  },
  {
    "partId": 108,
    "stateCode": "S17",
    "stateName": "Nagaland",
    "districtCode": "S1701",
    "districtName": "DIMAPUR",
    "acNumber": 2,
    "acName": "DIMAPURII",
    "partNumber": 67,
    "partName": "NAGARJAN C W/W",
    "lat": 25.904137849999998,
    "lon": 93.7177608788519
  },
  {
    "partId": 109,
    "stateCode": "S17",
    "stateName": "Nagaland",
    "districtCode": "S1701",
    "districtName": "DIMAPUR",
    "acNumber": 2,
    "acName": "DIMAPURII",
    "partNumber": 68,
    "partName": "RILAN VILLAGE",
    "lat": 25.904137849999998,
    "lon": 93.7177608788519
  },
  {
    "partId": 110,
    "stateCode": "S17",
    "stateName": "Nagaland",
    "districtCode": "S1701",
    "districtName": "DIMAPUR",
    "acNumber": 2,
    "acName": "DIMAPURII",
    "partNumber": 69,
    "partName": "CIRCUIT HOUSE AREA",
    "lat": 25.904137849999998,
    "lon": 93.7177608788519
  },
  {
    "partId": 111,
    "stateCode": "S17",
    "stateName": "Nagaland",
    "districtCode": "S1701",
    "districtName": "DIMAPUR",
    "acNumber": 2,
    "acName": "DIMAPURII",
    "partNumber": 70,
    "partName": "KHRIEHULIE COLONY I",
    "lat": 25.904137849999998,
    "lon": 93.7177608788519
  },
  {
    "partId": 112,
    "stateCode": "S17",
    "stateName": "Nagaland",
    "districtCode": "S1701",
    "districtName": "DIMAPUR",
    "acNumber": 2,
    "acName": "DIMAPURII",
    "partNumber": 71,
    "partName": "THAHEKHU VILLAGE A W/W",
    "lat": 25.904137849999998,
    "lon": 93.7177608788519
  },
  {
    "partId": 113,
    "stateCode": "S17",
    "stateName": "Nagaland",
    "districtCode": "S1701",
    "districtName": "DIMAPUR",
    "acNumber": 2,
    "acName": "DIMAPURII",
    "partNumber": 72,
    "partName": "NAGARJAN C N/W",
    "lat": 25.904137849999998,
    "lon": 93.7177608788519
  },
  {
    "partId": 114,
    "stateCode": "S17",
    "stateName": "Nagaland",
    "districtCode": "S1701",
    "districtName": "DIMAPUR",
    "acNumber": 2,
    "acName": "DIMAPURII",
    "partNumber": 73,
    "partName": "LENGRIJAN VILLAGE-I",
    "lat": 25.904137849999998,
    "lon": 93.7177608788519
  },
  {
    "partId": 115,
    "stateCode": "S17",
    "stateName": "Nagaland",
    "districtCode": "S1701",
    "districtName": "DIMAPUR",
    "acNumber": 2,
    "acName": "DIMAPURII",
    "partNumber": 74,
    "partName": "SIGNAL ANGAMI VILLAGE-I",
    "lat": 25.904137849999998,
    "lon": 93.7177608788519
  },
  {
    "partId": 2252,
    "stateCode": "S17",
    "stateName": "Nagaland",
    "districtCode": "S1701",
    "districtName": "DIMAPUR",
    "acNumber": 2,
    "acName": "DIMAPURII",
    "partNumber": 75,
    "partName": "LUNGWIRAM VILLAGE",
    "lat": 25.904137849999998,
    "lon": 93.7177608788519
  },
  {
    "partId": 2273,
    "stateCode": "S17",
    "stateName": "Nagaland",
    "districtCode": "S1701",
    "districtName": "DIMAPUR",
    "acNumber": 2,
    "acName": "DIMAPURII",
    "partNumber": 76,
    "partName": "NOTUN BOSTI-III",
    "lat": 25.904137849999998,
    "lon": 93.7177608788519
  },
  {
    "partId": 2274,
    "stateCode": "S17",
    "stateName": "Nagaland",
    "districtCode": "S1701",
    "districtName": "DIMAPUR",
    "acNumber": 2,
    "acName": "DIMAPURII",
    "partNumber": 77,
    "partName": "CIRCUIT HOUSE AREA-I",
    "lat": 25.904137849999998,
    "lon": 93.7177608788519
  }
]