[
  {
    "partId": 1726,
    "stateCode": "S17",
    "stateName": "Nagaland",
    "districtCode": "S1709",
    "districtName": "MON",
    "acNumber": 47,
    "acName": "ABOI",
    "partNumber": 1,
    "partName": "ABOI HQ.",
    "lat": 26.595501900000002,
    "lon": 94.95349420296911
  },
  {
    "partId": 1727,
    "stateCode": "S17",
    "stateName": "Nagaland",
    "districtCode": "S1709",
    "districtName": "MON",
    "acNumber": 47,
    "acName": "ABOI",
    "partNumber": 2,
    "partName": "ABOI HQ.",
    "lat": 26.595501900000002,
    "lon": 94.95349420296911
  },
  {
    "partId": 1728,
    "stateCode": "S17",
    "stateName": "Nagaland",
    "districtCode": "S1709",
    "districtName": "MON",
    "acNumber": 47,
    "acName": "ABOI",
    "partNumber": 3,
    "partName": "ABOI HQ.",
    "lat": 26.595501900000002,
    "lon": 94.95349420296911
  },
  {
    "partId": 1729,
    "stateCode": "S17",
    "stateName": "Nagaland",
    "districtCode": "S1709",
    "districtName": "MON",
    "acNumber": 47,
    "acName": "ABOI",
    "partNumber": 4,
    "partName": "LANGMEANG VILLAGE",
    "lat": 26.595501900000002,
    "lon": 94.95349420296911
  },
  {
    "partId": 1730,
    "stateCode": "S17",
    "stateName": "Nagaland",
    "districtCode": "S1709",
    "districtName": "MON",
    "acNumber": 47,
    "acName": "ABOI",
    "partNumber": 5,
    "partName": "NGANGCHING VILLAGE",
    "lat": 26.595501900000002,
    "lon": 94.95349420296911
  },
  {
    "partId": 1731,
    "stateCode": "S17",
    "stateName": "Nagaland",
    "districtCode": "S1709",
    "districtName": "MON",
    "acNumber": 47,
    "acName": "ABOI",
    "partNumber": 6,
    "partName": "LONGCHANG VILLAGE",
    "lat": 26.595501900000002,
    "lon": 94.95349420296911
  },
  {
    "partId": 1732,
    "stateCode": "S17",
    "stateName": "Nagaland",
    "districtCode": "S1709",
    "districtName": "MON",
    "acNumber": 47,
    "acName": "ABOI",
    "partNumber": 7,
    "partName": "LONGCHANG VILLAGE",
    "lat": 26.595501900000002,
    "lon": 94.95349420296911
  },
  {
    "partId": 1733,
    "stateCode": "S17",
    "stateName": "Nagaland",
    "districtCode": "S1709",
    "districtName": "MON",
    "acNumber": 47,
    "acName": "ABOI",
    "partNumber": 8,
    "partName": "LONGCHANG VILLAGE",
    "lat": 26.595501900000002,
    "lon": 94.95349420296911
  },
  {
    "partId": 1734,
    "stateCode": "S17",
    "stateName": "Nagaland",
    "districtCode": "S1709",
    "districtName": "MON",
    "acNumber": 47,
    "acName": "ABOI",
    "partNumber": 9,
    "partName": "SOWA VILLAGE",
    "lat": 26.595501900000002,
    "lon": 94.95349420296911
  },
  {
    "partId": 1735,
    "stateCode": "S17",
    "stateName": "Nagaland",
    "districtCode": "S1709",
    "districtName": "MON",
    "acNumber": 47,
    "acName": "ABOI",
    "partNumber": 10,
    "partName": "MOHUNG VILLAGE",
    "lat": 26.595501900000002,
    "lon": 94.95349420296911
  },
  {
    "partId": 1736,
    "stateCode": "S17",
    "stateName": "Nagaland",
    "districtCode": "S1709",
    "districtName": "MON",
    "acNumber": 47,
    "acName": "ABOI",
    "partNumber": 11,
    "partName": "AOPAO VILLAGE",
    "lat": 26.595501900000002,
    "lon": 94.95349420296911
  },
  {
    "partId": 1737,
    "stateCode": "S17",
    "stateName": "Nagaland",
    "districtCode": "S1709",
    "districtName": "MON",
    "acNumber": 47,
    "acName": "ABOI",
    "partNumber": 12,
    "partName": "CHINGLONG VILLAGE",
    "lat": 26.595501900000002,
    "lon": 94.95349420296911
  },
  {
    "partId": 1738,
    "stateCode": "S17",
    "stateName": "Nagaland",
    "districtCode": "S1709",
    "districtName": "MON",
    "acNumber": 47,
    "acName": "ABOI",
    "partNumber": 13,
    "partName": "CHINGTANG VILLAGE",
    "lat": 26.595501900000002,
    "lon": 94.95349420296911
  },
  {
    "partId": 1739,
    "stateCode": "S17",
    "stateName": "Nagaland",
    "districtCode": "S1709",
    "districtName": "MON",
    "acNumber": 47,
    "acName": "ABOI",
    "partNumber": 14,
    "partName": "LONGCHING TOWN",
    "lat": 26.595501900000002,
    "lon": 94.95349420296911
  },
  {
    "partId": 1740,
    "stateCode": "S17",
    "stateName": "Nagaland",
    "districtCode": "S1709",
    "districtName": "MON",
    "acNumber": 47,
    "acName": "ABOI",
    "partNumber": 15,
    "partName": "SOWA CHANGLE VILLAGE",
    "lat": 26.595501900000002,
    "lon": 94.95349420296911
  },
  {
    "partId": 1741,
    "stateCode": "S17",
    "stateName": "Nagaland",
    "districtCode": "S1709",
    "districtName": "MON",
    "acNumber": 47,
    "acName": "ABOI",
    "partNumber": 16,
    "partName": "LONGCHANG VILLAGE",
    "lat": 26.595501900000002,
    "lon": 94.95349420296911
  },
  {
    "partId": 1742,
    "stateCode": "S17",
    "stateName": "Nagaland",
    "districtCode": "S1709",
    "districtName": "MON",
    "acNumber": 47,
    "acName": "ABOI",
    "partNumber": 17,
    "partName": "APAO CHANGLE VILLAGE",
    "lat": 26.595501900000002,
    "lon": 94.95349420296911
  },
  {
    "partId": 1743,
    "stateCode": "S17",
    "stateName": "Nagaland",
    "districtCode": "S1709",
    "districtName": "MON",
    "acNumber": 47,
    "acName": "ABOI",
    "partNumber": 18,
    "partName": "MOHUNG CHANGAI VILLAGE",
    "lat": 26.595501900000002,
    "lon": 94.95349420296911
  },
  {
    "partId": 1744,
    "stateCode": "S17",
    "stateName": "Nagaland",
    "districtCode": "S1709",
    "districtName": "MON",
    "acNumber": 47,
    "acName": "ABOI",
    "partNumber": 19,
    "partName": "ABOI",
    "lat": 26.595501900000002,
    "lon": 94.95349420296911
  },
  {
    "partId": 2179,
    "stateCode": "S17",
    "stateName": "Nagaland",
    "districtCode": "S1709",
    "districtName": "MON",
    "acNumber": 47,
    "acName": "ABOI",
    "partNumber": 20,
    "partName": "ABOI HQ",
    "lat": 26.595501900000002,
    "lon": 94.95349420296911
  },
  {
    "partId": 2188,
    "stateCode": "S17",
    "stateName": "Nagaland",
    "districtCode": "S1709",
    "districtName": "MON",
    "acNumber": 47,
    "acName": "ABOI",
    "partNumber": 21,
    "partName": "L/HONGNYU VILLAGE",
    "lat": 26.595501900000002,
    "lon": 94.95349420296911
  },
  {
    "partId": 2327,
    "stateCode": "S17",
    "stateName": "Nagaland",
    "districtCode": "S1709",
    "districtName": "MON",
    "acNumber": 47,
    "acName": "ABOI",
    "partNumber": 22,
    "partName": "LONGPHANG CHINGLA VILLAGE",
    "lat": 26.595501900000002,
    "lon": 94.95349420296911
  },
  {
    "partId": 2366,
    "stateCode": "S17",
    "stateName": "Nagaland",
    "districtCode": "S1709",
    "districtName": "MON",
    "acNumber": 48,
    "acName": "MOKA",
    "partNumber": 1,
    "partName": "CHANGLANG VILLAGE",
    "lat": 26.65508011754386,
    "lon": 94.99964707135224
  },
  {
    "partId": 2367,
    "stateCode": "S17",
    "stateName": "Nagaland",
    "districtCode": "S1709",
    "districtName": "MON",
    "acNumber": 48,
    "acName": "MOKA",
    "partNumber": 2,
    "partName": "CHANGLANG VILLAGE",
    "lat": 26.65508011754386,
    "lon": 94.99964707135224
  },
  {
    "partId": 2368,
    "stateCode": "S17",
    "stateName": "Nagaland",
    "districtCode": "S1709",
    "districtName": "MON",
    "acNumber": 48,
    "acName": "MOKA",
    "partNumber": 3,
    "partName": "CHANGSHONG MORUNG ANGPHANG",
    "lat": 26.65508011754386,
    "lon": 94.99964707135224
  },
  {
    "partId": 2369,
    "stateCode": "S17",
    "stateName": "Nagaland",
    "districtCode": "S1709",
    "districtName": "MON",
    "acNumber": 48,
    "acName": "MOKA",
    "partNumber": 4,
    "partName": "SHAMSHONG MORUNG ANGPHANG VILLAGE",
    "lat": 26.65508011754386,
    "lon": 94.99964707135224
  },
  {
    "partId": 2370,
    "stateCode": "S17",
    "stateName": "Nagaland",
    "districtCode": "S1709",
    "districtName": "MON",
    "acNumber": 48,
    "acName": "MOKA",
    "partNumber": 5,
    "partName": "DILANG MORUNG ANGPHANG",
    "lat": 26.65508011754386,
    "lon": 94.99964707135224
  },
  {
    "partId": 2371,
    "stateCode": "S17",
    "stateName": "Nagaland",
    "districtCode": "S1709",
    "districtName": "MON",
    "acNumber": 48,
    "acName": "MOKA",
    "partNumber": 6,
    "partName": "CHANGLAY MORUNG ANGPHANG",
    "lat": 26.65508011754386,
    "lon": 94.99964707135224
  },
  {
    "partId": 2372,
    "stateCode": "S17",
    "stateName": "Nagaland",
    "districtCode": "S1709",
    "districtName": "MON",
    "acNumber": 48,
    "acName": "MOKA",
    "partNumber": 7,
    "partName": "CHANGKHO MORUNG, ANGPHANG VILLAGE",
    "lat": 26.65508011754386,
    "lon": 94.99964707135224
  },
  {
    "partId": 2373,
    "stateCode": "S17",
    "stateName": "Nagaland",
    "districtCode": "S1709",
    "districtName": "MON",
    "acNumber": 48,
    "acName": "MOKA",
    "partNumber": 8,
    "partName": "JAKPHANG VILLAGE A",
    "lat": 26.65508011754386,
    "lon": 94.99964707135224
  },
  {
    "partId": 2374,
    "stateCode": "S17",
    "stateName": "Nagaland",
    "districtCode": "S1709",
    "districtName": "MON",
    "acNumber": 48,
    "acName": "MOKA",
    "partNumber": 9,
    "partName": "JAKPHANG VILLAGE B",
    "lat": 26.65508011754386,
    "lon": 94.99964707135224
  },
  {
    "partId": 2375,
    "stateCode": "S17",
    "stateName": "Nagaland",
    "districtCode": "S1709",
    "districtName": "MON",
    "acNumber": 48,
    "acName": "MOKA",
    "partNumber": 10,
    "partName": "JAKPHANG VILLAGE B",
    "lat": 26.65508011754386,
    "lon": 94.99964707135224
  },
  {
    "partId": 2376,
    "stateCode": "S17",
    "stateName": "Nagaland",
    "districtCode": "S1709",
    "districtName": "MON",
    "acNumber": 48,
    "acName": "MOKA",
    "partNumber": 11,
    "partName": "CHANGNYU VILLAGE",
    "lat": 26.65508011754386,
    "lon": 94.99964707135224
  },
  {
    "partId": 2377,
    "stateCode": "S17",
    "stateName": "Nagaland",
    "districtCode": "S1709",
    "districtName": "MON",
    "acNumber": 48,
    "acName": "MOKA",
    "partNumber": 12,
    "partName": "YEI VILLAGE",
    "lat": 26.65508011754386,
    "lon": 94.99964707135224
  },
  {
    "partId": 2378,
    "stateCode": "S17",
    "stateName": "Nagaland",
    "districtCode": "S1709",
    "districtName": "MON",
    "acNumber": 48,
    "acName": "MOKA",
    "partNumber": 13,
    "partName": "YONGHONG VILLAGE",
    "lat": 26.65508011754386,
    "lon": 94.99964707135224
  },
  {
    "partId": 2379,
    "stateCode": "S17",
    "stateName": "Nagaland",
    "districtCode": "S1709",
    "districtName": "MON",
    "acNumber": 48,
    "acName": "MOKA",
    "partNumber": 14,
    "partName": "YONGHONG VILLAGE",
    "lat": 26.65508011754386,
    "lon": 94.99964707135224
  },
  {
    "partId": 2380,
    "stateCode": "S17",
    "stateName": "Nagaland",
    "districtCode": "S1709",
    "districtName": "MON",
    "acNumber": 48,
    "acName": "MOKA",
    "partNumber": 15,
    "partName": "KANCHANGSHU VILLAGE",
    "lat": 26.65508011754386,
    "lon": 94.99964707135224
  },
  {
    "partId": 2381,
    "stateCode": "S17",
    "stateName": "Nagaland",
    "districtCode": "S1709",
    "districtName": "MON",
    "acNumber": 48,
    "acName": "MOKA",
    "partNumber": 16,
    "partName": "YAKSHU VILLAGE",
    "lat": 26.65508011754386,
    "lon": 94.99964707135224
  },
  {
    "partId": 2382,
    "stateCode": "S17",
    "stateName": "Nagaland",
    "districtCode": "S1709",
    "districtName": "MON",
    "acNumber": 48,
    "acName": "MOKA",
    "partNumber": 17,
    "partName": "YAKSHU VILLAGE",
    "lat": 26.65508011754386,
    "lon": 94.99964707135224
  },
  {
    "partId": 2383,
    "stateCode": "S17",
    "stateName": "Nagaland",
    "districtCode": "S1709",
    "districtName": "MON",
    "acNumber": 48,
    "acName": "MOKA",
    "partNumber": 18,
    "partName": "MOPUNG TOWN",
    "lat": 26.65508011754386,
    "lon": 94.99964707135224
  },
  {
    "partId": 2384,
    "stateCode": "S17",
    "stateName": "Nagaland",
    "districtCode": "S1709",
    "districtName": "MON",
    "acNumber": 48,
    "acName": "MOKA",
    "partNumber": 19,
    "partName": "UKHA VILLAGE A",
    "lat": 26.65508011754386,
    "lon": 94.99964707135224
  },
  {
    "partId": 2385,
    "stateCode": "S17",
    "stateName": "Nagaland",
    "districtCode": "S1709",
    "districtName": "MON",
    "acNumber": 48,
    "acName": "MOKA",
    "partNumber": 20,
    "partName": "UKHA VILLAGE",
    "lat": 26.65508011754386,
    "lon": 94.99964707135224
  },
  {
    "partId": 2386,
    "stateCode": "S17",
    "stateName": "Nagaland",
    "districtCode": "S1709",
    "districtName": "MON",
    "acNumber": 48,
    "acName": "MOKA",
    "partNumber": 21,
    "partName": "ANGJANGYANG VILLAGE",
    "lat": 26.65508011754386,
    "lon": 94.99964707135224
  },
  {
    "partId": 2387,
    "stateCode": "S17",
    "stateName": "Nagaland",
    "districtCode": "S1709",
    "districtName": "MON",
    "acNumber": 48,
    "acName": "MOKA",
    "partNumber": 22,
    "partName": "YAPHANG VILLAGE",
    "lat": 26.65508011754386,
    "lon": 94.99964707135224
  },
  {
    "partId": 2364,
    "stateCode": "S17",
    "stateName": "Nagaland",
    "districtCode": "S1709",
    "districtName": "MON",
    "acNumber": 48,
    "acName": "MOKA",
    "partNumber": 23,
    "partName": "PHAOKHONG MORUNG ANGPHANG",
    "lat": 26.65508011754386,
    "lon": 94.99964707135224
  },
  {
    "partId": 2365,
    "stateCode": "S17",
    "stateName": "Nagaland",
    "districtCode": "S1709",
    "districtName": "MON",
    "acNumber": 48,
    "acName": "MOKA",
    "partNumber": 24,
    "partName": "CHANGKHONG VILLAGE",
    "lat": 26.65508011754386,
    "lon": 94.99964707135224
  },
  {
    "partId": 2388,
    "stateCode": "S17",
    "stateName": "Nagaland",
    "districtCode": "S1709",
    "districtName": "MON",
    "acNumber": 48,
    "acName": "MOKA",
    "partNumber": 25,
    "partName": "ANGCHEN VILLAGE",
    "lat": 26.65508011754386,
    "lon": 94.99964707135224
  },
  {
    "partId": 2389,
    "stateCode": "S17",
    "stateName": "Nagaland",
    "districtCode": "S1709",
    "districtName": "MON",
    "acNumber": 48,
    "acName": "MOKA",
    "partNumber": 26,
    "partName": "UKHA LAMPONG VILLAGE",
    "lat": 26.65508011754386,
    "lon": 94.99964707135224
  },
  {
    "partId": 2390,
    "stateCode": "S17",
    "stateName": "Nagaland",
    "districtCode": "S1709",
    "districtName": "MON",
    "acNumber": 48,
    "acName": "MOKA",
    "partNumber": 27,
    "partName": "Jakphang Hongha Village",
    "lat": 26.65508011754386,
    "lon": 94.99964707135224
  },
  {
    "partId": 1699,
    "stateCode": "S17",
    "stateName": "Nagaland",
    "districtCode": "S1709",
    "districtName": "MON",
    "acNumber": 46,
    "acName": "MON TOWN",
    "partNumber": 1,
    "partName": "MON HEADQUARTER",
    "lat": 26.7141975,
    "lon": 95.02507229164877
  },
  {
    "partId": 1700,
    "stateCode": "S17",
    "stateName": "Nagaland",
    "districtCode": "S1709",
    "districtName": "MON",
    "acNumber": 46,
    "acName": "MON TOWN",
    "partNumber": 2,
    "partName": "SHAMNYU WARD",
    "lat": 26.7141975,
    "lon": 95.02507229164877
  },
  {
    "partId": 1701,
    "stateCode": "S17",
    "stateName": "Nagaland",
    "districtCode": "S1709",
    "districtName": "MON",
    "acNumber": 46,
    "acName": "MON TOWN",
    "partNumber": 3,
    "partName": "ZAKLUM WARD",
    "lat": 26.7141975,
    "lon": 95.02507229164877
  },
  {
    "partId": 1702,
    "stateCode": "S17",
    "stateName": "Nagaland",
    "districtCode": "S1709",
    "districtName": "MON",
    "acNumber": 46,
    "acName": "MON TOWN",
    "partNumber": 4,
    "partName": "MON HEADQUARTER",
    "lat": 26.7141975,
    "lon": 95.02507229164877
  },
  {
    "partId": 1703,
    "stateCode": "S17",
    "stateName": "Nagaland",
    "districtCode": "S1709",
    "districtName": "MON",
    "acNumber": 46,
    "acName": "MON TOWN",
    "partNumber": 5,
    "partName": "MON HEADQUARTER",
    "lat": 26.7141975,
    "lon": 95.02507229164877
  },
  {
    "partId": 1704,
    "stateCode": "S17",
    "stateName": "Nagaland",
    "districtCode": "S1709",
    "districtName": "MON",
    "acNumber": 46,
    "acName": "MON TOWN",
    "partNumber": 6,
    "partName": "MON HEADQUARTER",
    "lat": 26.7141975,
    "lon": 95.02507229164877
  },
  {
    "partId": 1705,
    "stateCode": "S17",
    "stateName": "Nagaland",
    "districtCode": "S1709",
    "districtName": "MON",
    "acNumber": 46,
    "acName": "MON TOWN",
    "partNumber": 7,
    "partName": "MON HEADQUARTER",
    "lat": 26.7141975,
    "lon": 95.02507229164877
  },
  {
    "partId": 1706,
    "stateCode": "S17",
    "stateName": "Nagaland",
    "districtCode": "S1709",
    "districtName": "MON",
    "acNumber": 46,
    "acName": "MON TOWN",
    "partNumber": 8,
    "partName": "MON HEADQUARTER",
    "lat": 26.7141975,
    "lon": 95.02507229164877
  },
  {
    "partId": 1707,
    "stateCode": "S17",
    "stateName": "Nagaland",
    "districtCode": "S1709",
    "districtName": "MON",
    "acNumber": 46,
    "acName": "MON TOWN",
    "partNumber": 9,
    "partName": "MON HEADQUARTER",
    "lat": 26.7141975,
    "lon": 95.02507229164877
  },
  {
    "partId": 1708,
    "stateCode": "S17",
    "stateName": "Nagaland",
    "districtCode": "S1709",
    "districtName": "MON",
    "acNumber": 46,
    "acName": "MON TOWN",
    "partNumber": 10,
    "partName": "MON HEADQUARTER",
    "lat": 26.7141975,
    "lon": 95.02507229164877
  },
  {
    "partId": 1709,
    "stateCode": "S17",
    "stateName": "Nagaland",
    "districtCode": "S1709",
    "districtName": "MON",
    "acNumber": 46,
    "acName": "MON TOWN",
    "partNumber": 11,
    "partName": "MON HEADQUARTER",
    "lat": 26.7141975,
    "lon": 95.02507229164877
  },
  {
    "partId": 1710,
    "stateCode": "S17",
    "stateName": "Nagaland",
    "districtCode": "S1709",
    "districtName": "MON",
    "acNumber": 46,
    "acName": "MON TOWN",
    "partNumber": 12,
    "partName": "MON HEADQUARTER",
    "lat": 26.7141975,
    "lon": 95.02507229164877
  },
  {
    "partId": 1711,
    "stateCode": "S17",
    "stateName": "Nagaland",
    "districtCode": "S1709",
    "districtName": "MON",
    "acNumber": 46,
    "acName": "MON TOWN",
    "partNumber": 13,
    "partName": "MON HEADQUARTER",
    "lat": 26.7141975,
    "lon": 95.02507229164877
  },
  {
    "partId": 1712,
    "stateCode": "S17",
    "stateName": "Nagaland",
    "districtCode": "S1709",
    "districtName": "MON",
    "acNumber": 46,
    "acName": "MON TOWN",
    "partNumber": 14,
    "partName": "CHI VILLAGE",
    "lat": 26.7141975,
    "lon": 95.02507229164877
  },
  {
    "partId": 1713,
    "stateCode": "S17",
    "stateName": "Nagaland",
    "districtCode": "S1709",
    "districtName": "MON",
    "acNumber": 46,
    "acName": "MON TOWN",
    "partNumber": 15,
    "partName": "CHI GUHCHING VILLAGE",
    "lat": 26.7141975,
    "lon": 95.02507229164877
  },
  {
    "partId": 1714,
    "stateCode": "S17",
    "stateName": "Nagaland",
    "districtCode": "S1709",
    "districtName": "MON",
    "acNumber": 46,
    "acName": "MON TOWN",
    "partNumber": 16,
    "partName": "LEANGHA VILLAGE",
    "lat": 26.7141975,
    "lon": 95.02507229164877
  },
  {
    "partId": 1715,
    "stateCode": "S17",
    "stateName": "Nagaland",
    "districtCode": "S1709",
    "districtName": "MON",
    "acNumber": 46,
    "acName": "MON TOWN",
    "partNumber": 17,
    "partName": "LEANGHA VILLAGE",
    "lat": 26.7141975,
    "lon": 95.02507229164877
  },
  {
    "partId": 1716,
    "stateCode": "S17",
    "stateName": "Nagaland",
    "districtCode": "S1709",
    "districtName": "MON",
    "acNumber": 46,
    "acName": "MON TOWN",
    "partNumber": 18,
    "partName": "TOTOK CHINGNYU VILLAGE",
    "lat": 26.7141975,
    "lon": 95.02507229164877
  },
  {
    "partId": 1717,
    "stateCode": "S17",
    "stateName": "Nagaland",
    "districtCode": "S1709",
    "districtName": "MON",
    "acNumber": 46,
    "acName": "MON TOWN",
    "partNumber": 19,
    "partName": "TOTOK CHINGNYU VILLAGE",
    "lat": 26.7141975,
    "lon": 95.02507229164877
  },
  {
    "partId": 1718,
    "stateCode": "S17",
    "stateName": "Nagaland",
    "districtCode": "S1709",
    "districtName": "MON",
    "acNumber": 46,
    "acName": "MON TOWN",
    "partNumber": 20,
    "partName": "TOTOK CHINGHA VILLAGE",
    "lat": 26.7141975,
    "lon": 95.02507229164877
  },
  {
    "partId": 1719,
    "stateCode": "S17",
    "stateName": "Nagaland",
    "districtCode": "S1709",
    "districtName": "MON",
    "acNumber": 46,
    "acName": "MON TOWN",
    "partNumber": 21,
    "partName": "TOTOK CHINGNYU VILLAGE",
    "lat": 26.7141975,
    "lon": 95.02507229164877
  },
  {
    "partId": 1720,
    "stateCode": "S17",
    "stateName": "Nagaland",
    "districtCode": "S1709",
    "districtName": "MON",
    "acNumber": 46,
    "acName": "MON TOWN",
    "partNumber": 22,
    "partName": "YUCHING VILLAGE",
    "lat": 26.7141975,
    "lon": 95.02507229164877
  },
  {
    "partId": 1721,
    "stateCode": "S17",
    "stateName": "Nagaland",
    "districtCode": "S1709",
    "districtName": "MON",
    "acNumber": 46,
    "acName": "MON TOWN",
    "partNumber": 23,
    "partName": "CHOKNYU VILLAGE",
    "lat": 26.7141975,
    "lon": 95.02507229164877
  },
  {
    "partId": 1722,
    "stateCode": "S17",
    "stateName": "Nagaland",
    "districtCode": "S1709",
    "districtName": "MON",
    "acNumber": 46,
    "acName": "MON TOWN",
    "partNumber": 24,
    "partName": "PAPONG COLONY",
    "lat": 26.7141975,
    "lon": 95.02507229164877
  },
  {
    "partId": 1723,
    "stateCode": "S17",
    "stateName": "Nagaland",
    "districtCode": "S1709",
    "districtName": "MON",
    "acNumber": 46,
    "acName": "MON TOWN",
    "partNumber": 25,
    "partName": "CHI VILLAGE",
    "lat": 26.7141975,
    "lon": 95.02507229164877
  },
  {
    "partId": 1724,
    "stateCode": "S17",
    "stateName": "Nagaland",
    "districtCode": "S1709",
    "districtName": "MON",
    "acNumber": 46,
    "acName": "MON TOWN",
    "partNumber": 26,
    "partName": "TOTOK CHINGNYU VILLAGE",
    "lat": 26.7141975,
    "lon": 95.02507229164877
  },
  {
    "partId": 1725,
    "stateCode": "S17",
    "stateName": "Nagaland",
    "districtCode": "S1709",
    "districtName": "MON",
    "acNumber": 46,
    "acName": "MON TOWN",
    "partNumber": 27,
    "partName": "TOTOK CHINGLEN VILLAGE",
    "lat": 26.7141975,
    "lon": 95.02507229164877
  },
  {
    "partId": 1166,
    "stateCode": "S17",
    "stateName": "Nagaland",
    "districtCode": "S1709",
    "districtName": "MON",
    "acNumber": 46,
    "acName": "MON TOWN",
    "partNumber": 28,
    "partName": "TOTOK OMLEN VILLAGE",
    "lat": 26.7141975,
    "lon": 95.02507229164877
  },
  {
    "partId": 1647,
    "stateCode": "S17",
    "stateName": "Nagaland",
    "districtCode": "S1709",
    "districtName": "MON",
    "acNumber": 44,
    "acName": "PHOMCHING",
    "partNumber": 1,
    "partName": "PHOMCHING.HQ.",
    "lat": 26.712843499999998,
    "lon": 95.18987764103493
  },
  {
    "partId": 1648,
    "stateCode": "S17",
    "stateName": "Nagaland",
    "districtCode": "S1709",
    "districtName": "MON",
    "acNumber": 44,
    "acName": "PHOMCHING",
    "partNumber": 2,
    "partName": "WETTING VILLAGE",
    "lat": 26.712843499999998,
    "lon": 95.18987764103493
  },
  {
    "partId": 1649,
    "stateCode": "S17",
    "stateName": "Nagaland",
    "districtCode": "S1709",
    "districtName": "MON",
    "acNumber": 44,
    "acName": "PHOMCHING",
    "partNumber": 3,
    "partName": "PUKHA VILLAGE",
    "lat": 26.712843499999998,
    "lon": 95.18987764103493
  },
  {
    "partId": 1650,
    "stateCode": "S17",
    "stateName": "Nagaland",
    "districtCode": "S1709",
    "districtName": "MON",
    "acNumber": 44,
    "acName": "PHOMCHING",
    "partNumber": 4,
    "partName": "LONGZANG VILLAGE",
    "lat": 26.712843499999998,
    "lon": 95.18987764103493
  },
  {
    "partId": 1651,
    "stateCode": "S17",
    "stateName": "Nagaland",
    "districtCode": "S1709",
    "districtName": "MON",
    "acNumber": 44,
    "acName": "PHOMCHING",
    "partNumber": 5,
    "partName": "LONGZANG VILLAGE",
    "lat": 26.712843499999998,
    "lon": 95.18987764103493
  },
  {
    "partId": 1652,
    "stateCode": "S17",
    "stateName": "Nagaland",
    "districtCode": "S1709",
    "districtName": "MON",
    "acNumber": 44,
    "acName": "PHOMCHING",
    "partNumber": 6,
    "partName": "LONGWA VILLAGE",
    "lat": 26.712843499999998,
    "lon": 95.18987764103493
  },
  {
    "partId": 1653,
    "stateCode": "S17",
    "stateName": "Nagaland",
    "districtCode": "S1709",
    "districtName": "MON",
    "acNumber": 44,
    "acName": "PHOMCHING",
    "partNumber": 7,
    "partName": "LONGWA VILLAGE",
    "lat": 26.712843499999998,
    "lon": 95.18987764103493
  },
  {
    "partId": 1654,
    "stateCode": "S17",
    "stateName": "Nagaland",
    "districtCode": "S1709",
    "districtName": "MON",
    "acNumber": 44,
    "acName": "PHOMCHING",
    "partNumber": 8,
    "partName": "LONGWA VILLAGE",
    "lat": 26.712843499999998,
    "lon": 95.18987764103493
  },
  {
    "partId": 1655,
    "stateCode": "S17",
    "stateName": "Nagaland",
    "districtCode": "S1709",
    "districtName": "MON",
    "acNumber": 44,
    "acName": "PHOMCHING",
    "partNumber": 9,
    "partName": "LONGWA VILLAGE",
    "lat": 26.712843499999998,
    "lon": 95.18987764103493
  },
  {
    "partId": 1656,
    "stateCode": "S17",
    "stateName": "Nagaland",
    "districtCode": "S1709",
    "districtName": "MON",
    "acNumber": 44,
    "acName": "PHOMCHING",
    "partNumber": 10,
    "partName": "LONGWA VILLAGE",
    "lat": 26.712843499999998,
    "lon": 95.18987764103493
  },
  {
    "partId": 1657,
    "stateCode": "S17",
    "stateName": "Nagaland",
    "districtCode": "S1709",
    "districtName": "MON",
    "acNumber": 44,
    "acName": "PHOMCHING",
    "partNumber": 11,
    "partName": "LONGWA VILLAGE",
    "lat": 26.712843499999998,
    "lon": 95.18987764103493
  },
  {
    "partId": 1658,
    "stateCode": "S17",
    "stateName": "Nagaland",
    "districtCode": "S1709",
    "districtName": "MON",
    "acNumber": 44,
    "acName": "PHOMCHING",
    "partNumber": 12,
    "partName": "NYANYU VILLAGE",
    "lat": 26.712843499999998,
    "lon": 95.18987764103493
  },
  {
    "partId": 1659,
    "stateCode": "S17",
    "stateName": "Nagaland",
    "districtCode": "S1709",
    "districtName": "MON",
    "acNumber": 44,
    "acName": "PHOMCHING",
    "partNumber": 13,
    "partName": "SHEANGHA CHINGNYU VILLAGE",
    "lat": 26.712843499999998,
    "lon": 95.18987764103493
  },
  {
    "partId": 1660,
    "stateCode": "S17",
    "stateName": "Nagaland",
    "districtCode": "S1709",
    "districtName": "MON",
    "acNumber": 44,
    "acName": "PHOMCHING",
    "partNumber": 14,
    "partName": "SHEANGHA CHINGNYU VILLAGE",
    "lat": 26.712843499999998,
    "lon": 95.18987764103493
  },
  {
    "partId": 1661,
    "stateCode": "S17",
    "stateName": "Nagaland",
    "districtCode": "S1709",
    "districtName": "MON",
    "acNumber": 44,
    "acName": "PHOMCHING",
    "partNumber": 15,
    "partName": "SHEANGHA CHINGNYU  VILLAGE",
    "lat": 26.712843499999998,
    "lon": 95.18987764103493
  },
  {
    "partId": 1662,
    "stateCode": "S17",
    "stateName": "Nagaland",
    "districtCode": "S1709",
    "districtName": "MON",
    "acNumber": 44,
    "acName": "PHOMCHING",
    "partNumber": 16,
    "partName": "SHEANGHA CHINGNYU VILLAGE",
    "lat": 26.712843499999998,
    "lon": 95.18987764103493
  },
  {
    "partId": 1663,
    "stateCode": "S17",
    "stateName": "Nagaland",
    "districtCode": "S1709",
    "districtName": "MON",
    "acNumber": 44,
    "acName": "PHOMCHING",
    "partNumber": 17,
    "partName": "SHEANGHA WAMSA VILLAGE",
    "lat": 26.712843499999998,
    "lon": 95.18987764103493
  },
  {
    "partId": 1664,
    "stateCode": "S17",
    "stateName": "Nagaland",
    "districtCode": "S1709",
    "districtName": "MON",
    "acNumber": 44,
    "acName": "PHOMCHING",
    "partNumber": 18,
    "partName": "SHEANGHA WAMSA VILLAGE",
    "lat": 26.712843499999998,
    "lon": 95.18987764103493
  },
  {
    "partId": 1665,
    "stateCode": "S17",
    "stateName": "Nagaland",
    "districtCode": "S1709",
    "districtName": "MON",
    "acNumber": 44,
    "acName": "PHOMCHING",
    "partNumber": 19,
    "partName": "SHEANGHA MOKOK VILLAGE",
    "lat": 26.7128435,
    "lon": 95.18987764103493
  },
  {
    "partId": 1666,
    "stateCode": "S17",
    "stateName": "Nagaland",
    "districtCode": "S1709",
    "districtName": "MON",
    "acNumber": 44,
    "acName": "PHOMCHING",
    "partNumber": 20,
    "partName": "SHEANGHA TANGTAN VILLAGE",
    "lat": 26.7128435,
    "lon": 95.18987764103493
  },
  {
    "partId": 1667,
    "stateCode": "S17",
    "stateName": "Nagaland",
    "districtCode": "S1709",
    "districtName": "MON",
    "acNumber": 44,
    "acName": "PHOMCHING",
    "partNumber": 21,
    "partName": "SHEANGHA TANGTAN VILLAGE",
    "lat": 26.7128435,
    "lon": 95.18987764103493
  },
  {
    "partId": 1668,
    "stateCode": "S17",
    "stateName": "Nagaland",
    "districtCode": "S1709",
    "districtName": "MON",
    "acNumber": 44,
    "acName": "PHOMCHING",
    "partNumber": 22,
    "partName": "LONGSHEN HQ.",
    "lat": 26.7128435,
    "lon": 95.18987764103493
  },
  {
    "partId": 1669,
    "stateCode": "S17",
    "stateName": "Nagaland",
    "districtCode": "S1709",
    "districtName": "MON",
    "acNumber": 44,
    "acName": "PHOMCHING",
    "partNumber": 23,
    "partName": "LONGWA WASA VILLAGE",
    "lat": 26.7128435,
    "lon": 95.18987764103493
  },
  {
    "partId": 1670,
    "stateCode": "S17",
    "stateName": "Nagaland",
    "districtCode": "S1709",
    "districtName": "MON",
    "acNumber": 44,
    "acName": "PHOMCHING",
    "partNumber": 24,
    "partName": "S/TANGTAN VILLAGE",
    "lat": 26.712843499999998,
    "lon": 95.18987764103493
  },
  {
    "partId": 1671,
    "stateCode": "S17",
    "stateName": "Nagaland",
    "districtCode": "S1709",
    "districtName": "MON",
    "acNumber": 44,
    "acName": "PHOMCHING",
    "partNumber": 25,
    "partName": "S/TANGTAN VILLAGE",
    "lat": 26.712843499999998,
    "lon": 95.18987764103493
  },
  {
    "partId": 2294,
    "stateCode": "S17",
    "stateName": "Nagaland",
    "districtCode": "S1709",
    "districtName": "MON",
    "acNumber": 44,
    "acName": "PHOMCHING",
    "partNumber": 26,
    "partName": "SHEANGHAH MOKOK VILLAGE",
    "lat": 26.712843499999998,
    "lon": 95.18987764103493
  },
  {
    "partId": 2295,
    "stateCode": "S17",
    "stateName": "Nagaland",
    "districtCode": "S1709",
    "districtName": "MON",
    "acNumber": 44,
    "acName": "PHOMCHING",
    "partNumber": 27,
    "partName": "NYAHNYU VILLAGE",
    "lat": 26.712843499999998,
    "lon": 95.18987764103493
  },
  {
    "partId": 2297,
    "stateCode": "S17",
    "stateName": "Nagaland",
    "districtCode": "S1709",
    "districtName": "MON",
    "acNumber": 44,
    "acName": "PHOMCHING",
    "partNumber": 28,
    "partName": "PHOMCHING.HQ.",
    "lat": 26.712843499999998,
    "lon": 95.18987764103493
  },
  {
    "partId": 2296,
    "stateCode": "S17",
    "stateName": "Nagaland",
    "districtCode": "S1709",
    "districtName": "MON",
    "acNumber": 44,
    "acName": "PHOMCHING",
    "partNumber": 29,
    "partName": "SHEANGHAH LOKYO VILLAGE",
    "lat": 26.712843499999998,
    "lon": 95.18987764103493
  },
  {
    "partId": 1627,
    "stateCode": "S17",
    "stateName": "Nagaland",
    "districtCode": "S1709",
    "districtName": "MON",
    "acNumber": 43,
    "acName": "TAPI",
    "partNumber": 1,
    "partName": "GPS BUILDING MON VILLAGE",
    "lat": 26.65508011754386,
    "lon": 94.99964707135224
  },
  {
    "partId": 1628,
    "stateCode": "S17",
    "stateName": "Nagaland",
    "districtCode": "S1709",
    "districtName": "MON",
    "acNumber": 43,
    "acName": "TAPI",
    "partNumber": 2,
    "partName": "MON VILLAGE",
    "lat": 26.65508011754386,
    "lon": 94.99964707135224
  },
  {
    "partId": 1629,
    "stateCode": "S17",
    "stateName": "Nagaland",
    "districtCode": "S1709",
    "districtName": "MON",
    "acNumber": 43,
    "acName": "TAPI",
    "partNumber": 3,
    "partName": "LEANGNYU VILLAGE",
    "lat": 26.65508011754386,
    "lon": 94.99964707135224
  },
  {
    "partId": 1630,
    "stateCode": "S17",
    "stateName": "Nagaland",
    "districtCode": "S1709",
    "districtName": "MON",
    "acNumber": 43,
    "acName": "TAPI",
    "partNumber": 4,
    "partName": "LONGKEI VILLAGE",
    "lat": 26.65508011754386,
    "lon": 94.99964707135224
  },
  {
    "partId": 1631,
    "stateCode": "S17",
    "stateName": "Nagaland",
    "districtCode": "S1709",
    "districtName": "MON",
    "acNumber": 43,
    "acName": "TAPI",
    "partNumber": 5,
    "partName": "HONGPHOI VILLAGE",
    "lat": 26.65508011754386,
    "lon": 94.99964707135224
  },
  {
    "partId": 1632,
    "stateCode": "S17",
    "stateName": "Nagaland",
    "districtCode": "S1709",
    "districtName": "MON",
    "acNumber": 43,
    "acName": "TAPI",
    "partNumber": 6,
    "partName": "TANGNYU",
    "lat": 26.65508011754386,
    "lon": 94.99964707135224
  },
  {
    "partId": 1633,
    "stateCode": "S17",
    "stateName": "Nagaland",
    "districtCode": "S1709",
    "districtName": "MON",
    "acNumber": 43,
    "acName": "TAPI",
    "partNumber": 7,
    "partName": "TANGNYU VILLAGE",
    "lat": 26.65508011754386,
    "lon": 94.99964707135224
  },
  {
    "partId": 1634,
    "stateCode": "S17",
    "stateName": "Nagaland",
    "districtCode": "S1709",
    "districtName": "MON",
    "acNumber": 43,
    "acName": "TAPI",
    "partNumber": 8,
    "partName": "TANGNYU",
    "lat": 26.65508011754386,
    "lon": 94.99964707135224
  },
  {
    "partId": 1635,
    "stateCode": "S17",
    "stateName": "Nagaland",
    "districtCode": "S1709",
    "districtName": "MON",
    "acNumber": 43,
    "acName": "TAPI",
    "partNumber": 9,
    "partName": "LAMPONG SHEANGHA VILLAGE",
    "lat": 26.65508011754386,
    "lon": 94.99964707135224
  },
  {
    "partId": 1636,
    "stateCode": "S17",
    "stateName": "Nagaland",
    "districtCode": "S1709",
    "districtName": "MON",
    "acNumber": 43,
    "acName": "TAPI",
    "partNumber": 10,
    "partName": "PHOKTONG VILLAGE",
    "lat": 26.65508011754386,
    "lon": 94.99964707135224
  },
  {
    "partId": 1637,
    "stateCode": "S17",
    "stateName": "Nagaland",
    "districtCode": "S1709",
    "districtName": "MON",
    "acNumber": 43,
    "acName": "TAPI",
    "partNumber": 11,
    "partName": "TUIMEI VILLAGE",
    "lat": 26.65508011754386,
    "lon": 94.99964707135224
  },
  {
    "partId": 1638,
    "stateCode": "S17",
    "stateName": "Nagaland",
    "districtCode": "S1709",
    "districtName": "MON",
    "acNumber": 43,
    "acName": "TAPI",
    "partNumber": 12,
    "partName": "SHANGNYU VILLAGE",
    "lat": 26.65508011754386,
    "lon": 94.99964707135224
  },
  {
    "partId": 1639,
    "stateCode": "S17",
    "stateName": "Nagaland",
    "districtCode": "S1709",
    "districtName": "MON",
    "acNumber": 43,
    "acName": "TAPI",
    "partNumber": 13,
    "partName": "LANGPHO VILLAGE",
    "lat": 26.65508011754386,
    "lon": 94.99964707135224
  },
  {
    "partId": 1640,
    "stateCode": "S17",
    "stateName": "Nagaland",
    "districtCode": "S1709",
    "districtName": "MON",
    "acNumber": 43,
    "acName": "TAPI",
    "partNumber": 14,
    "partName": "NYASA VILLAGE",
    "lat": 26.65508011754386,
    "lon": 94.99964707135224
  },
  {
    "partId": 1641,
    "stateCode": "S17",
    "stateName": "Nagaland",
    "districtCode": "S1709",
    "districtName": "MON",
    "acNumber": 43,
    "acName": "TAPI",
    "partNumber": 15,
    "partName": "PONGKONG VILLAGE",
    "lat": 26.65508011754386,
    "lon": 94.99964707135224
  },
  {
    "partId": 1642,
    "stateCode": "S17",
    "stateName": "Nagaland",
    "districtCode": "S1709",
    "districtName": "MON",
    "acNumber": 43,
    "acName": "TAPI",
    "partNumber": 16,
    "partName": "TANGNYU",
    "lat": 26.65508011754386,
    "lon": 94.99964707135224
  },
  {
    "partId": 1643,
    "stateCode": "S17",
    "stateName": "Nagaland",
    "districtCode": "S1709",
    "districtName": "MON",
    "acNumber": 43,
    "acName": "TAPI",
    "partNumber": 17,
    "partName": "SHANGNYU VILLAGE",
    "lat": 26.65508011754386,
    "lon": 94.99964707135224
  },
  {
    "partId": 1644,
    "stateCode": "S17",
    "stateName": "Nagaland",
    "districtCode": "S1709",
    "districtName": "MON",
    "acNumber": 43,
    "acName": "TAPI",
    "partNumber": 18,
    "partName": "TEKUK VILLAGE",
    "lat": 26.65508011754386,
    "lon": 94.99964707135224
  },
  {
    "partId": 1645,
    "stateCode": "S17",
    "stateName": "Nagaland",
    "districtCode": "S1709",
    "districtName": "MON",
    "acNumber": 43,
    "acName": "TAPI",
    "partNumber": 19,
    "partName": "SHANGNYU TOWN",
    "lat": 26.65508011754386,
    "lon": 94.99964707135224
  },
  {
    "partId": 1646,
    "stateCode": "S17",
    "stateName": "Nagaland",
    "districtCode": "S1709",
    "districtName": "MON",
    "acNumber": 43,
    "acName": "TAPI",
    "partNumber": 20,
    "partName": "TAMMONG VILLAGE",
    "lat": 26.65508011754386,
    "lon": 94.99964707135224
  },
  {
    "partId": 2291,
    "stateCode": "S17",
    "stateName": "Nagaland",
    "districtCode": "S1709",
    "districtName": "MON",
    "acNumber": 43,
    "acName": "TAPI",
    "partNumber": 21,
    "partName": "MON VILLAGE",
    "lat": 26.65508011754386,
    "lon": 94.99964707135224
  },
  {
    "partId": 2292,
    "stateCode": "S17",
    "stateName": "Nagaland",
    "districtCode": "S1709",
    "districtName": "MON",
    "acNumber": 43,
    "acName": "TAPI",
    "partNumber": 22,
    "partName": "LONGKEI VILLAGE",
    "lat": 26.65508011754386,
    "lon": 94.99964707135224
  },
  {
    "partId": 2293,
    "stateCode": "S17",
    "stateName": "Nagaland",
    "districtCode": "S1709",
    "districtName": "MON",
    "acNumber": 43,
    "acName": "TAPI",
    "partNumber": 23,
    "partName": "HONGPHOI VILLAGE",
    "lat": 26.65508011754386,
    "lon": 94.99964707135224
  },
  {
    "partId": 1672,
    "stateCode": "S17",
    "stateName": "Nagaland",
    "districtCode": "S1709",
    "districtName": "MON",
    "acNumber": 45,
    "acName": "TEHOK",
    "partNumber": 1,
    "partName": "CHEN HQ.",
    "lat": 26.65508011754386,
    "lon": 94.99964707135224
  },
  {
    "partId": 1673,
    "stateCode": "S17",
    "stateName": "Nagaland",
    "districtCode": "S1709",
    "districtName": "MON",
    "acNumber": 45,
    "acName": "TEHOK",
    "partNumber": 2,
    "partName": "CHENMOHO VILLAGE",
    "lat": 26.65508011754386,
    "lon": 94.99964707135224
  },
  {
    "partId": 1674,
    "stateCode": "S17",
    "stateName": "Nagaland",
    "districtCode": "S1709",
    "districtName": "MON",
    "acNumber": 45,
    "acName": "TEHOK",
    "partNumber": 3,
    "partName": "CHENMOHO VILLAGE",
    "lat": 26.65508011754386,
    "lon": 94.99964707135224
  },
  {
    "partId": 1675,
    "stateCode": "S17",
    "stateName": "Nagaland",
    "districtCode": "S1709",
    "districtName": "MON",
    "acNumber": 45,
    "acName": "TEHOK",
    "partNumber": 4,
    "partName": "CHENMOHO VILLAGE",
    "lat": 26.65508011754386,
    "lon": 94.99964707135224
  },
  {
    "partId": 1676,
    "stateCode": "S17",
    "stateName": "Nagaland",
    "districtCode": "S1709",
    "districtName": "MON",
    "acNumber": 45,
    "acName": "TEHOK",
    "partNumber": 5,
    "partName": "CHENLOISHO VILLAGE",
    "lat": 26.65508011754386,
    "lon": 94.99964707135224
  },
  {
    "partId": 1677,
    "stateCode": "S17",
    "stateName": "Nagaland",
    "districtCode": "S1709",
    "districtName": "MON",
    "acNumber": 45,
    "acName": "TEHOK",
    "partNumber": 6,
    "partName": "CHENLOISHO VILLAGE",
    "lat": 26.65508011754386,
    "lon": 94.99964707135224
  },
  {
    "partId": 1678,
    "stateCode": "S17",
    "stateName": "Nagaland",
    "districtCode": "S1709",
    "districtName": "MON",
    "acNumber": 45,
    "acName": "TEHOK",
    "partNumber": 7,
    "partName": "CHENLOISHO VILLAGE",
    "lat": 26.65508011754386,
    "lon": 94.99964707135224
  },
  {
    "partId": 1679,
    "stateCode": "S17",
    "stateName": "Nagaland",
    "districtCode": "S1709",
    "districtName": "MON",
    "acNumber": 45,
    "acName": "TEHOK",
    "partNumber": 8,
    "partName": "CHENLOISHO WANGTO-A",
    "lat": 26.65508011754386,
    "lon": 94.99964707135224
  },
  {
    "partId": 1680,
    "stateCode": "S17",
    "stateName": "Nagaland",
    "districtCode": "S1709",
    "districtName": "MON",
    "acNumber": 45,
    "acName": "TEHOK",
    "partNumber": 9,
    "partName": "WANGTI VILLAGE",
    "lat": 26.65508011754386,
    "lon": 94.99964707135224
  },
  {
    "partId": 1681,
    "stateCode": "S17",
    "stateName": "Nagaland",
    "districtCode": "S1709",
    "districtName": "MON",
    "acNumber": 45,
    "acName": "TEHOK",
    "partNumber": 10,
    "partName": "WANGTI VILLAGE",
    "lat": 26.65508011754386,
    "lon": 94.99964707135224
  },
  {
    "partId": 1682,
    "stateCode": "S17",
    "stateName": "Nagaland",
    "districtCode": "S1709",
    "districtName": "MON",
    "acNumber": 45,
    "acName": "TEHOK",
    "partNumber": 11,
    "partName": "CHINGKAO CHINGNYU VILLAGE",
    "lat": 26.65508011754386,
    "lon": 94.99964707135224
  },
  {
    "partId": 1683,
    "stateCode": "S17",
    "stateName": "Nagaland",
    "districtCode": "S1709",
    "districtName": "MON",
    "acNumber": 45,
    "acName": "TEHOK",
    "partNumber": 12,
    "partName": "CHINGKAO CHINGNYU VILLAGE",
    "lat": 26.65508011754386,
    "lon": 94.99964707135224
  },
  {
    "partId": 1684,
    "stateCode": "S17",
    "stateName": "Nagaland",
    "districtCode": "S1709",
    "districtName": "MON",
    "acNumber": 45,
    "acName": "TEHOK",
    "partNumber": 13,
    "partName": "CHINGKAO PANGKHAO VILLAGE",
    "lat": 26.65508011754386,
    "lon": 94.99964707135224
  },
  {
    "partId": 1685,
    "stateCode": "S17",
    "stateName": "Nagaland",
    "districtCode": "S1709",
    "districtName": "MON",
    "acNumber": 45,
    "acName": "TEHOK",
    "partNumber": 14,
    "partName": "CHINGKAO PANGKHAO VILLAGE",
    "lat": 26.65508011754386,
    "lon": 94.99964707135224
  },
  {
    "partId": 1686,
    "stateCode": "S17",
    "stateName": "Nagaland",
    "districtCode": "S1709",
    "districtName": "MON",
    "acNumber": 45,
    "acName": "TEHOK",
    "partNumber": 15,
    "partName": "CHINGKAO CHINGHA VILLAGE",
    "lat": 26.65508011754386,
    "lon": 94.99964707135224
  },
  {
    "partId": 1687,
    "stateCode": "S17",
    "stateName": "Nagaland",
    "districtCode": "S1709",
    "districtName": "MON",
    "acNumber": 45,
    "acName": "TEHOK",
    "partNumber": 16,
    "partName": "CHINGKAO CHINGHA VILLAGE",
    "lat": 26.65508011754386,
    "lon": 94.99964707135224
  },
  {
    "partId": 1688,
    "stateCode": "S17",
    "stateName": "Nagaland",
    "districtCode": "S1709",
    "districtName": "MON",
    "acNumber": 45,
    "acName": "TEHOK",
    "partNumber": 17,
    "partName": "CHENWETNYU VILLAGE",
    "lat": 26.65508011754386,
    "lon": 94.99964707135224
  },
  {
    "partId": 1689,
    "stateCode": "S17",
    "stateName": "Nagaland",
    "districtCode": "S1709",
    "districtName": "MON",
    "acNumber": 45,
    "acName": "TEHOK",
    "partNumber": 18,
    "partName": "CHENWETNYU VILLAGE",
    "lat": 26.65508011754386,
    "lon": 94.99964707135224
  },
  {
    "partId": 1690,
    "stateCode": "S17",
    "stateName": "Nagaland",
    "districtCode": "S1709",
    "districtName": "MON",
    "acNumber": 45,
    "acName": "TEHOK",
    "partNumber": 19,
    "partName": "CHAOHA CHINGLEN VILLAGE",
    "lat": 26.65508011754386,
    "lon": 94.99964707135224
  },
  {
    "partId": 1691,
    "stateCode": "S17",
    "stateName": "Nagaland",
    "districtCode": "S1709",
    "districtName": "MON",
    "acNumber": 45,
    "acName": "TEHOK",
    "partNumber": 20,
    "partName": "CHAOHACHINGNYU VILLAGE",
    "lat": 26.65508011754386,
    "lon": 94.99964707135224
  },
  {
    "partId": 1692,
    "stateCode": "S17",
    "stateName": "Nagaland",
    "districtCode": "S1709",
    "districtName": "MON",
    "acNumber": 45,
    "acName": "TEHOK",
    "partNumber": 21,
    "partName": "CHAOHACHINGNYU VILLAGE",
    "lat": 26.65508011754386,
    "lon": 94.99964707135224
  },
  {
    "partId": 1693,
    "stateCode": "S17",
    "stateName": "Nagaland",
    "districtCode": "S1709",
    "districtName": "MON",
    "acNumber": 45,
    "acName": "TEHOK",
    "partNumber": 22,
    "partName": "CHENMOHO VILLAGE",
    "lat": 26.65508011754386,
    "lon": 94.99964707135224
  },
  {
    "partId": 1694,
    "stateCode": "S17",
    "stateName": "Nagaland",
    "districtCode": "S1709",
    "districtName": "MON",
    "acNumber": 45,
    "acName": "TEHOK",
    "partNumber": 23,
    "partName": "CHENMOHO VILLAGE",
    "lat": 26.65508011754386,
    "lon": 94.99964707135224
  },
  {
    "partId": 1695,
    "stateCode": "S17",
    "stateName": "Nagaland",
    "districtCode": "S1709",
    "districtName": "MON",
    "acNumber": 45,
    "acName": "TEHOK",
    "partNumber": 24,
    "partName": "CHENMOHO VILLAGE",
    "lat": 26.65508011754386,
    "lon": 94.99964707135224
  },
  {
    "partId": 1696,
    "stateCode": "S17",
    "stateName": "Nagaland",
    "districtCode": "S1709",
    "districtName": "MON",
    "acNumber": 45,
    "acName": "TEHOK",
    "partNumber": 25,
    "partName": "CHINGKAO NYAHO VILLAGE",
    "lat": 26.65508011754386,
    "lon": 94.99964707135224
  },
  {
    "partId": 1697,
    "stateCode": "S17",
    "stateName": "Nagaland",
    "districtCode": "S1709",
    "districtName": "MON",
    "acNumber": 45,
    "acName": "TEHOK",
    "partNumber": 26,
    "partName": "CHENWETNYU VILLAGE",
    "lat": 26.65508011754386,
    "lon": 94.99964707135224
  },
  {
    "partId": 1698,
    "stateCode": "S17",
    "stateName": "Nagaland",
    "districtCode": "S1709",
    "districtName": "MON",
    "acNumber": 45,
    "acName": "TEHOK",
    "partNumber": 27,
    "partName": "CHINGKAO CHINGPONG VILLAGE",
    "lat": 26.65508011754386,
    "lon": 94.99964707135224
  },
  {
    "partId": 2298,
    "stateCode": "S17",
    "stateName": "Nagaland",
    "districtCode": "S1709",
    "districtName": "MON",
    "acNumber": 45,
    "acName": "TEHOK",
    "partNumber": 28,
    "partName": "CHENMOHO CHINGLEN VILLAGE",
    "lat": 26.65508011754386,
    "lon": 94.99964707135224
  },
  {
    "partId": 2299,
    "stateCode": "S17",
    "stateName": "Nagaland",
    "districtCode": "S1709",
    "districtName": "MON",
    "acNumber": 45,
    "acName": "TEHOK",
    "partNumber": 29,
    "partName": "WANGTI VILLAGE",
    "lat": 26.65508011754386,
    "lon": 94.99964707135224
  },
  {
    "partId": 2300,
    "stateCode": "S17",
    "stateName": "Nagaland",
    "districtCode": "S1709",
    "districtName": "MON",
    "acNumber": 45,
    "acName": "TEHOK",
    "partNumber": 30,
    "partName": "WANGTI LANGSHAI VILLAGE",
    "lat": 26.65508011754386,
    "lon": 94.99964707135224
  },
  {
    "partId": 2301,
    "stateCode": "S17",
    "stateName": "Nagaland",
    "districtCode": "S1709",
    "districtName": "MON",
    "acNumber": 45,
    "acName": "TEHOK",
    "partNumber": 31,
    "partName": "CHENLOISHO LONGKHAO VILLAGE",
    "lat": 26.65508011754386,
    "lon": 94.99964707135224
  },
  {
    "partId": 2302,
    "stateCode": "S17",
    "stateName": "Nagaland",
    "districtCode": "S1709",
    "districtName": "MON",
    "acNumber": 45,
    "acName": "TEHOK",
    "partNumber": 32,
    "partName": "CHENLOISHO WANGTO-B",
    "lat": 26.65508011754386,
    "lon": 94.99964707135224
  },
  {
    "partId": 2303,
    "stateCode": "S17",
    "stateName": "Nagaland",
    "districtCode": "S1709",
    "districtName": "MON",
    "acNumber": 45,
    "acName": "TEHOK",
    "partNumber": 33,
    "partName": "TIHENGKUH CHENMOHO",
    "lat": 26.65508011754386,
    "lon": 94.99964707135224
  },
  {
    "partId": 1561,
    "stateCode": "S17",
    "stateName": "Nagaland",
    "districtCode": "S1709",
    "districtName": "MON",
    "acNumber": 41,
    "acName": "TIZIT",
    "partNumber": 1,
    "partName": "TIZIT HEADQUARTER",
    "lat": 26.89085145,
    "lon": 95.03860660251345
  },
  {
    "partId": 1562,
    "stateCode": "S17",
    "stateName": "Nagaland",
    "districtCode": "S1709",
    "districtName": "MON",
    "acNumber": 41,
    "acName": "TIZIT",
    "partNumber": 2,
    "partName": "TIZIT HEADQUARTER",
    "lat": 26.89085145,
    "lon": 95.03860660251345
  },
  {
    "partId": 1563,
    "stateCode": "S17",
    "stateName": "Nagaland",
    "districtCode": "S1709",
    "districtName": "MON",
    "acNumber": 41,
    "acName": "TIZIT",
    "partNumber": 3,
    "partName": "LAPA LAMPONG",
    "lat": 26.89085145,
    "lon": 95.03860660251345
  },
  {
    "partId": 1564,
    "stateCode": "S17",
    "stateName": "Nagaland",
    "districtCode": "S1709",
    "districtName": "MON",
    "acNumber": 41,
    "acName": "TIZIT",
    "partNumber": 4,
    "partName": "NANGTAN",
    "lat": 26.89085145,
    "lon": 95.03860660251345
  },
  {
    "partId": 1565,
    "stateCode": "S17",
    "stateName": "Nagaland",
    "districtCode": "S1709",
    "districtName": "MON",
    "acNumber": 41,
    "acName": "TIZIT",
    "partNumber": 5,
    "partName": "NOKZANG VILLAGE",
    "lat": 26.89085145,
    "lon": 95.03860660251345
  },
  {
    "partId": 1566,
    "stateCode": "S17",
    "stateName": "Nagaland",
    "districtCode": "S1709",
    "districtName": "MON",
    "acNumber": 41,
    "acName": "TIZIT",
    "partNumber": 6,
    "partName": "LOAKHUN VILLAGE",
    "lat": 26.89085145,
    "lon": 95.03860660251345
  },
  {
    "partId": 1567,
    "stateCode": "S17",
    "stateName": "Nagaland",
    "districtCode": "S1709",
    "districtName": "MON",
    "acNumber": 41,
    "acName": "TIZIT",
    "partNumber": 7,
    "partName": "JABOKA VILLAGE",
    "lat": 26.89085145,
    "lon": 95.03860660251345
  },
  {
    "partId": 1568,
    "stateCode": "S17",
    "stateName": "Nagaland",
    "districtCode": "S1709",
    "districtName": "MON",
    "acNumber": 41,
    "acName": "TIZIT",
    "partNumber": 8,
    "partName": "NEITONG VILLAGE",
    "lat": 26.89085145,
    "lon": 95.03860660251345
  },
  {
    "partId": 1569,
    "stateCode": "S17",
    "stateName": "Nagaland",
    "districtCode": "S1709",
    "districtName": "MON",
    "acNumber": 41,
    "acName": "TIZIT",
    "partNumber": 9,
    "partName": "LAOKHU VILLAGE",
    "lat": 26.89085145,
    "lon": 95.03860660251345
  },
  {
    "partId": 1570,
    "stateCode": "S17",
    "stateName": "Nagaland",
    "districtCode": "S1709",
    "districtName": "MON",
    "acNumber": 41,
    "acName": "TIZIT",
    "partNumber": 10,
    "partName": "NOKYAN VILLAGE",
    "lat": 26.89085145,
    "lon": 95.03860660251345
  },
  {
    "partId": 1571,
    "stateCode": "S17",
    "stateName": "Nagaland",
    "districtCode": "S1709",
    "districtName": "MON",
    "acNumber": 41,
    "acName": "TIZIT",
    "partNumber": 11,
    "partName": "YANNYU VILLAGE",
    "lat": 26.89085145,
    "lon": 95.03860660251345
  },
  {
    "partId": 1572,
    "stateCode": "S17",
    "stateName": "Nagaland",
    "districtCode": "S1709",
    "districtName": "MON",
    "acNumber": 41,
    "acName": "TIZIT",
    "partNumber": 12,
    "partName": "LONGTING VILLAGE",
    "lat": 26.89085145,
    "lon": 95.03860660251345
  },
  {
    "partId": 1573,
    "stateCode": "S17",
    "stateName": "Nagaland",
    "districtCode": "S1709",
    "districtName": "MON",
    "acNumber": 41,
    "acName": "TIZIT",
    "partNumber": 13,
    "partName": "ZANGKHAM VILLAGE",
    "lat": 26.89085145,
    "lon": 95.03860660251345
  },
  {
    "partId": 1574,
    "stateCode": "S17",
    "stateName": "Nagaland",
    "districtCode": "S1709",
    "districtName": "MON",
    "acNumber": 41,
    "acName": "TIZIT",
    "partNumber": 14,
    "partName": "ZANGKHAM VILLAGE",
    "lat": 26.89085145,
    "lon": 95.03860660251345
  },
  {
    "partId": 1575,
    "stateCode": "S17",
    "stateName": "Nagaland",
    "districtCode": "S1709",
    "districtName": "MON",
    "acNumber": 41,
    "acName": "TIZIT",
    "partNumber": 15,
    "partName": "ZAKHO VILLAGE",
    "lat": 26.89085145,
    "lon": 95.03860660251345
  },
  {
    "partId": 1576,
    "stateCode": "S17",
    "stateName": "Nagaland",
    "districtCode": "S1709",
    "districtName": "MON",
    "acNumber": 41,
    "acName": "TIZIT",
    "partNumber": 16,
    "partName": "SANGSA VILLAGE",
    "lat": 26.89085145,
    "lon": 95.03860660251345
  },
  {
    "partId": 1577,
    "stateCode": "S17",
    "stateName": "Nagaland",
    "districtCode": "S1709",
    "districtName": "MON",
    "acNumber": 41,
    "acName": "TIZIT",
    "partNumber": 17,
    "partName": "NGANGTING VILLAGE",
    "lat": 26.89085145,
    "lon": 95.03860660251345
  },
  {
    "partId": 1578,
    "stateCode": "S17",
    "stateName": "Nagaland",
    "districtCode": "S1709",
    "districtName": "MON",
    "acNumber": 41,
    "acName": "TIZIT",
    "partNumber": 18,
    "partName": "TIZIT VILLAGE",
    "lat": 26.89085145,
    "lon": 95.03860660251345
  },
  {
    "partId": 1579,
    "stateCode": "S17",
    "stateName": "Nagaland",
    "districtCode": "S1709",
    "districtName": "MON",
    "acNumber": 41,
    "acName": "TIZIT",
    "partNumber": 19,
    "partName": "TIZIT VILLAGE",
    "lat": 26.89085145,
    "lon": 95.03860660251345
  },
  {
    "partId": 1580,
    "stateCode": "S17",
    "stateName": "Nagaland",
    "districtCode": "S1709",
    "districtName": "MON",
    "acNumber": 41,
    "acName": "TIZIT",
    "partNumber": 20,
    "partName": "TIZIT VILLAGE",
    "lat": 26.89085145,
    "lon": 95.03860660251345
  },
  {
    "partId": 1581,
    "stateCode": "S17",
    "stateName": "Nagaland",
    "districtCode": "S1709",
    "districtName": "MON",
    "acNumber": 41,
    "acName": "TIZIT",
    "partNumber": 21,
    "partName": "LAPA VILLAGE",
    "lat": 26.89085145,
    "lon": 95.03860660251345
  },
  {
    "partId": 1582,
    "stateCode": "S17",
    "stateName": "Nagaland",
    "districtCode": "S1709",
    "districtName": "MON",
    "acNumber": 41,
    "acName": "TIZIT",
    "partNumber": 22,
    "partName": "LONGLEM VILLAGE",
    "lat": 26.89085145,
    "lon": 95.03860660251345
  },
  {
    "partId": 1583,
    "stateCode": "S17",
    "stateName": "Nagaland",
    "districtCode": "S1709",
    "districtName": "MON",
    "acNumber": 41,
    "acName": "TIZIT",
    "partNumber": 23,
    "partName": "TINGALIBAM VILLAGE",
    "lat": 26.89085145,
    "lon": 95.03860660251345
  },
  {
    "partId": 1584,
    "stateCode": "S17",
    "stateName": "Nagaland",
    "districtCode": "S1709",
    "districtName": "MON",
    "acNumber": 41,
    "acName": "TIZIT",
    "partNumber": 24,
    "partName": "OTING VILLAGE",
    "lat": 26.89085145,
    "lon": 95.03860660251345
  },
  {
    "partId": 1585,
    "stateCode": "S17",
    "stateName": "Nagaland",
    "districtCode": "S1709",
    "districtName": "MON",
    "acNumber": 41,
    "acName": "TIZIT",
    "partNumber": 25,
    "partName": "WANGLA VILLAGE",
    "lat": 26.89085145,
    "lon": 95.03860660251345
  },
  {
    "partId": 1586,
    "stateCode": "S17",
    "stateName": "Nagaland",
    "districtCode": "S1709",
    "districtName": "MON",
    "acNumber": 41,
    "acName": "TIZIT",
    "partNumber": 26,
    "partName": "YANPAN VILLAGE",
    "lat": 26.89085145,
    "lon": 95.03860660251345
  },
  {
    "partId": 1587,
    "stateCode": "S17",
    "stateName": "Nagaland",
    "districtCode": "S1709",
    "districtName": "MON",
    "acNumber": 41,
    "acName": "TIZIT",
    "partNumber": 27,
    "partName": "TELA VILLAGE",
    "lat": 26.89085145,
    "lon": 95.03860660251345
  },
  {
    "partId": 1588,
    "stateCode": "S17",
    "stateName": "Nagaland",
    "districtCode": "S1709",
    "districtName": "MON",
    "acNumber": 41,
    "acName": "TIZIT",
    "partNumber": 28,
    "partName": "OLD JABOKA VILLAGE",
    "lat": 26.89085145,
    "lon": 95.03860660251345
  },
  {
    "partId": 1589,
    "stateCode": "S17",
    "stateName": "Nagaland",
    "districtCode": "S1709",
    "districtName": "MON",
    "acNumber": 41,
    "acName": "TIZIT",
    "partNumber": 29,
    "partName": "LAPA LAMPONG",
    "lat": 26.89085145,
    "lon": 95.03860660251345
  },
  {
    "partId": 1590,
    "stateCode": "S17",
    "stateName": "Nagaland",
    "districtCode": "S1709",
    "districtName": "MON",
    "acNumber": 41,
    "acName": "TIZIT",
    "partNumber": 30,
    "partName": "TIZIT VILLAGE",
    "lat": 26.89085145,
    "lon": 95.03860660251345
  },
  {
    "partId": 1591,
    "stateCode": "S17",
    "stateName": "Nagaland",
    "districtCode": "S1709",
    "districtName": "MON",
    "acNumber": 41,
    "acName": "TIZIT",
    "partNumber": 31,
    "partName": "ZANGKHAM TINGSA VILLAGE",
    "lat": 26.89085145,
    "lon": 95.03860660251345
  },
  {
    "partId": 1592,
    "stateCode": "S17",
    "stateName": "Nagaland",
    "districtCode": "S1709",
    "districtName": "MON",
    "acNumber": 41,
    "acName": "TIZIT",
    "partNumber": 32,
    "partName": "TEKANG VILLAGE",
    "lat": 26.89085145,
    "lon": 95.03860660251345
  },
  {
    "partId": 1593,
    "stateCode": "S17",
    "stateName": "Nagaland",
    "districtCode": "S1709",
    "districtName": "MON",
    "acNumber": 41,
    "acName": "TIZIT",
    "partNumber": 33,
    "partName": "TEKUN VILLAGE",
    "lat": 26.89085145,
    "lon": 95.03860660251345
  },
  {
    "partId": 1594,
    "stateCode": "S17",
    "stateName": "Nagaland",
    "districtCode": "S1709",
    "districtName": "MON",
    "acNumber": 41,
    "acName": "TIZIT",
    "partNumber": 34,
    "partName": "TOWN SECTOR A",
    "lat": 26.89085145,
    "lon": 95.03860660251345
  },
  {
    "partId": 2289,
    "stateCode": "S17",
    "stateName": "Nagaland",
    "districtCode": "S1709",
    "districtName": "MON",
    "acNumber": 41,
    "acName": "TIZIT",
    "partNumber": 35,
    "partName": "S.POLING TIZIT HQ",
    "lat": 26.89085145,
    "lon": 95.03860660251345
  },
  {
    "partId": 2458,
    "stateCode": "S17",
    "stateName": "Nagaland",
    "districtCode": "S1709",
    "districtName": "MON",
    "acNumber": 55,
    "acName": "TOBU",
    "partNumber": 1,
    "partName": "CHANGLANGSHU A",
    "lat": 26.350998150000002,
    "lon": 94.96842254493227
  },
  {
    "partId": 2459,
    "stateCode": "S17",
    "stateName": "Nagaland",
    "districtCode": "S1709",
    "districtName": "MON",
    "acNumber": 55,
    "acName": "TOBU",
    "partNumber": 2,
    "partName": "CHANGLANGSHU A",
    "lat": 26.350998150000002,
    "lon": 94.96842254493227
  },
  {
    "partId": 2460,
    "stateCode": "S17",
    "stateName": "Nagaland",
    "districtCode": "S1709",
    "districtName": "MON",
    "acNumber": 55,
    "acName": "TOBU",
    "partNumber": 3,
    "partName": "CHANGLANGSHU A",
    "lat": 26.350998150000002,
    "lon": 94.96842254493227
  },
  {
    "partId": 2461,
    "stateCode": "S17",
    "stateName": "Nagaland",
    "districtCode": "S1709",
    "districtName": "MON",
    "acNumber": 55,
    "acName": "TOBU",
    "partNumber": 4,
    "partName": "CHANGLANGSHU B",
    "lat": 26.350998150000002,
    "lon": 94.96842254493227
  },
  {
    "partId": 2462,
    "stateCode": "S17",
    "stateName": "Nagaland",
    "districtCode": "S1709",
    "districtName": "MON",
    "acNumber": 55,
    "acName": "TOBU",
    "partNumber": 5,
    "partName": "MONYAKSHU A",
    "lat": 26.4402971,
    "lon": 95.0302791
  },
  {
    "partId": 2463,
    "stateCode": "S17",
    "stateName": "Nagaland",
    "districtCode": "S1709",
    "districtName": "MON",
    "acNumber": 55,
    "acName": "TOBU",
    "partNumber": 6,
    "partName": "MONYAKSHU B",
    "lat": 26.4402971,
    "lon": 95.0302791
  },
  {
    "partId": 2464,
    "stateCode": "S17",
    "stateName": "Nagaland",
    "districtCode": "S1709",
    "districtName": "MON",
    "acNumber": 55,
    "acName": "TOBU",
    "partNumber": 7,
    "partName": "MONYAKSHU C",
    "lat": 26.4402971,
    "lon": 95.0302791
  },
  {
    "partId": 2465,
    "stateCode": "S17",
    "stateName": "Nagaland",
    "districtCode": "S1709",
    "districtName": "MON",
    "acNumber": 55,
    "acName": "TOBU",
    "partNumber": 8,
    "partName": "PESSAO A",
    "lat": 26.350998150000002,
    "lon": 94.96842254493227
  },
  {
    "partId": 2466,
    "stateCode": "S17",
    "stateName": "Nagaland",
    "districtCode": "S1709",
    "districtName": "MON",
    "acNumber": 55,
    "acName": "TOBU",
    "partNumber": 9,
    "partName": "PESSAO B",
    "lat": 26.350998150000002,
    "lon": 94.96842254493227
  },
  {
    "partId": 2467,
    "stateCode": "S17",
    "stateName": "Nagaland",
    "districtCode": "S1709",
    "districtName": "MON",
    "acNumber": 55,
    "acName": "TOBU",
    "partNumber": 10,
    "partName": "YONGKHAO VILLAGE",
    "lat": 26.350998150000002,
    "lon": 94.96842254493227
  },
  {
    "partId": 2468,
    "stateCode": "S17",
    "stateName": "Nagaland",
    "districtCode": "S1709",
    "districtName": "MON",
    "acNumber": 55,
    "acName": "TOBU",
    "partNumber": 11,
    "partName": "YONGKHAO VILLAGE",
    "lat": 26.365822025757577,
    "lon": 94.97483620979718
  },
  {
    "partId": 2469,
    "stateCode": "S17",
    "stateName": "Nagaland",
    "districtCode": "S1709",
    "districtName": "MON",
    "acNumber": 55,
    "acName": "TOBU",
    "partNumber": 12,
    "partName": "SHINGNYU VILLAGE",
    "lat": 26.350998150000002,
    "lon": 94.96842254493227
  },
  {
    "partId": 2470,
    "stateCode": "S17",
    "stateName": "Nagaland",
    "districtCode": "S1709",
    "districtName": "MON",
    "acNumber": 55,
    "acName": "TOBU",
    "partNumber": 13,
    "partName": "TAMKONG VILLAGE",
    "lat": 26.350998150000002,
    "lon": 94.96842254493227
  },
  {
    "partId": 2471,
    "stateCode": "S17",
    "stateName": "Nagaland",
    "districtCode": "S1709",
    "districtName": "MON",
    "acNumber": 55,
    "acName": "TOBU",
    "partNumber": 14,
    "partName": "TAMKONG VILLAGE",
    "lat": 26.350998150000002,
    "lon": 94.96842254493227
  },
  {
    "partId": 2472,
    "stateCode": "S17",
    "stateName": "Nagaland",
    "districtCode": "S1709",
    "districtName": "MON",
    "acNumber": 55,
    "acName": "TOBU",
    "partNumber": 15,
    "partName": "WANGSHU VILLAGE",
    "lat": 26.350998150000002,
    "lon": 94.96842254493227
  },
  {
    "partId": 2473,
    "stateCode": "S17",
    "stateName": "Nagaland",
    "districtCode": "S1709",
    "districtName": "MON",
    "acNumber": 55,
    "acName": "TOBU",
    "partNumber": 16,
    "partName": "WANGSHU VILLAGE",
    "lat": 26.350998150000002,
    "lon": 94.96842254493227
  },
  {
    "partId": 2474,
    "stateCode": "S17",
    "stateName": "Nagaland",
    "districtCode": "S1709",
    "districtName": "MON",
    "acNumber": 55,
    "acName": "TOBU",
    "partNumber": 17,
    "partName": "REST HOUSE, TOBU HQ.",
    "lat": 26.350998150000002,
    "lon": 94.96842254493227
  },
  {
    "partId": 2475,
    "stateCode": "S17",
    "stateName": "Nagaland",
    "districtCode": "S1709",
    "districtName": "MON",
    "acNumber": 55,
    "acName": "TOBU",
    "partNumber": 18,
    "partName": "TOBU HQ.",
    "lat": 26.3695102,
    "lon": 94.9376013
  },
  {
    "partId": 2476,
    "stateCode": "S17",
    "stateName": "Nagaland",
    "districtCode": "S1709",
    "districtName": "MON",
    "acNumber": 55,
    "acName": "TOBU",
    "partNumber": 19,
    "partName": "TOBU VILLAGE",
    "lat": 26.3566672,
    "lon": 94.9324332
  },
  {
    "partId": 2477,
    "stateCode": "S17",
    "stateName": "Nagaland",
    "districtCode": "S1709",
    "districtName": "MON",
    "acNumber": 55,
    "acName": "TOBU",
    "partNumber": 20,
    "partName": "TOBU VILLAGE",
    "lat": 26.365822025757577,
    "lon": 94.97483620979718
  },
  {
    "partId": 2478,
    "stateCode": "S17",
    "stateName": "Nagaland",
    "districtCode": "S1709",
    "districtName": "MON",
    "acNumber": 55,
    "acName": "TOBU",
    "partNumber": 21,
    "partName": "MONYAKSHU TOWN",
    "lat": 26.350998150000002,
    "lon": 94.96842254493227
  },
  {
    "partId": 2479,
    "stateCode": "S17",
    "stateName": "Nagaland",
    "districtCode": "S1709",
    "districtName": "MON",
    "acNumber": 55,
    "acName": "TOBU",
    "partNumber": 22,
    "partName": "CHANGLANGSHU CHANGSHA VILLAGE",
    "lat": 26.350998150000002,
    "lon": 94.96842254493227
  },
  {
    "partId": 2480,
    "stateCode": "S17",
    "stateName": "Nagaland",
    "districtCode": "S1709",
    "districtName": "MON",
    "acNumber": 55,
    "acName": "TOBU",
    "partNumber": 23,
    "partName": "CHANGLU VILLAGE",
    "lat": 26.350998150000002,
    "lon": 94.96842254493227
  },
  {
    "partId": 2481,
    "stateCode": "S17",
    "stateName": "Nagaland",
    "districtCode": "S1709",
    "districtName": "MON",
    "acNumber": 55,
    "acName": "TOBU",
    "partNumber": 24,
    "partName": "MONYAKSHU A",
    "lat": 26.4402971,
    "lon": 95.0302791
  },
  {
    "partId": 2482,
    "stateCode": "S17",
    "stateName": "Nagaland",
    "districtCode": "S1709",
    "districtName": "MON",
    "acNumber": 55,
    "acName": "TOBU",
    "partNumber": 25,
    "partName": "MONYAKSHU C",
    "lat": 26.4402971,
    "lon": 95.0302791
  },
  {
    "partId": 2483,
    "stateCode": "S17",
    "stateName": "Nagaland",
    "districtCode": "S1709",
    "districtName": "MON",
    "acNumber": 55,
    "acName": "TOBU",
    "partNumber": 26,
    "partName": "PESSAO A",
    "lat": 26.350998150000002,
    "lon": 94.96842254493227
  },
  {
    "partId": 2484,
    "stateCode": "S17",
    "stateName": "Nagaland",
    "districtCode": "S1709",
    "districtName": "MON",
    "acNumber": 55,
    "acName": "TOBU",
    "partNumber": 27,
    "partName": "EYEANG VILLAGE",
    "lat": 26.350998150000002,
    "lon": 94.96842254493227
  },
  {
    "partId": 2485,
    "stateCode": "S17",
    "stateName": "Nagaland",
    "districtCode": "S1709",
    "districtName": "MON",
    "acNumber": 55,
    "acName": "TOBU",
    "partNumber": 28,
    "partName": "WANGSHU CHANGLU VILLAGE",
    "lat": 26.350998150000002,
    "lon": 94.96842254493227
  },
  {
    "partId": 2486,
    "stateCode": "S17",
    "stateName": "Nagaland",
    "districtCode": "S1709",
    "districtName": "MON",
    "acNumber": 55,
    "acName": "TOBU",
    "partNumber": 29,
    "partName": "MIENCHANGLE VILLAGE",
    "lat": 26.350998150000002,
    "lon": 94.96842254493227
  },
  {
    "partId": 2487,
    "stateCode": "S17",
    "stateName": "Nagaland",
    "districtCode": "S1709",
    "districtName": "MON",
    "acNumber": 55,
    "acName": "TOBU",
    "partNumber": 30,
    "partName": "BUMEI VILLAGE",
    "lat": 26.350998150000002,
    "lon": 94.96842254493227
  },
  {
    "partId": 2488,
    "stateCode": "S17",
    "stateName": "Nagaland",
    "districtCode": "S1709",
    "districtName": "MON",
    "acNumber": 55,
    "acName": "TOBU",
    "partNumber": 31,
    "partName": "YEANGMAI VILLAGE",
    "lat": 26.350998150000002,
    "lon": 94.96842254493227
  },
  {
    "partId": 2489,
    "stateCode": "S17",
    "stateName": "Nagaland",
    "districtCode": "S1709",
    "districtName": "MON",
    "acNumber": 55,
    "acName": "TOBU",
    "partNumber": 32,
    "partName": "POKYEANG VILLAGE",
    "lat": 26.365822025757577,
    "lon": 94.97483620979718
  },
  {
    "partId": 2490,
    "stateCode": "S17",
    "stateName": "Nagaland",
    "districtCode": "S1709",
    "districtName": "MON",
    "acNumber": 55,
    "acName": "TOBU",
    "partNumber": 33,
    "partName": "TOBU HQ",
    "lat": 26.3695102,
    "lon": 94.9376013
  },
  {
    "partId": 2491,
    "stateCode": "S17",
    "stateName": "Nagaland",
    "districtCode": "S1709",
    "districtName": "MON",
    "acNumber": 55,
    "acName": "TOBU",
    "partNumber": 34,
    "partName": "TANGKHAO VILLAGE",
    "lat": 26.350998150000002,
    "lon": 94.96842254493227
  },
  {
    "partId": 2492,
    "stateCode": "S17",
    "stateName": "Nagaland",
    "districtCode": "S1709",
    "districtName": "MON",
    "acNumber": 55,
    "acName": "TOBU",
    "partNumber": 35,
    "partName": "CHANGSHER VILLAGE",
    "lat": 26.350998150000002,
    "lon": 94.96842254493227
  },
  {
    "partId": 2493,
    "stateCode": "S17",
    "stateName": "Nagaland",
    "districtCode": "S1709",
    "districtName": "MON",
    "acNumber": 55,
    "acName": "TOBU",
    "partNumber": 36,
    "partName": "OBAY VILLAGE",
    "lat": 26.350998150000002,
    "lon": 94.96842254493227
  },
  {
    "partId": 1595,
    "stateCode": "S17",
    "stateName": "Nagaland",
    "districtCode": "S1709",
    "districtName": "MON",
    "acNumber": 42,
    "acName": "WAKCHING",
    "partNumber": 1,
    "partName": "NAGINIMORA HQ.",
    "lat": 26.68146675,
    "lon": 94.86680186731513
  },
  {
    "partId": 1596,
    "stateCode": "S17",
    "stateName": "Nagaland",
    "districtCode": "S1709",
    "districtName": "MON",
    "acNumber": 42,
    "acName": "WAKCHING",
    "partNumber": 2,
    "partName": "NAGINIMORA HQ",
    "lat": 26.68146675,
    "lon": 94.86680186731513
  },
  {
    "partId": 1597,
    "stateCode": "S17",
    "stateName": "Nagaland",
    "districtCode": "S1709",
    "districtName": "MON",
    "acNumber": 42,
    "acName": "WAKCHING",
    "partNumber": 3,
    "partName": "NAGINIMORA HQ",
    "lat": 26.68146675,
    "lon": 94.86680186731513
  },
  {
    "partId": 1598,
    "stateCode": "S17",
    "stateName": "Nagaland",
    "districtCode": "S1709",
    "districtName": "MON",
    "acNumber": 42,
    "acName": "WAKCHING",
    "partNumber": 4,
    "partName": "NAGINIMORA HQ",
    "lat": 26.68146675,
    "lon": 94.86680186731513
  },
  {
    "partId": 1599,
    "stateCode": "S17",
    "stateName": "Nagaland",
    "districtCode": "S1709",
    "districtName": "MON",
    "acNumber": 42,
    "acName": "WAKCHING",
    "partNumber": 5,
    "partName": "NAGINIMORA HQ",
    "lat": 26.68146675,
    "lon": 94.86680186731513
  },
  {
    "partId": 1600,
    "stateCode": "S17",
    "stateName": "Nagaland",
    "districtCode": "S1709",
    "districtName": "MON",
    "acNumber": 42,
    "acName": "WAKCHING",
    "partNumber": 6,
    "partName": "NAGINIMORA HQ",
    "lat": 26.68146675,
    "lon": 94.86680186731513
  },
  {
    "partId": 1601,
    "stateCode": "S17",
    "stateName": "Nagaland",
    "districtCode": "S1709",
    "districtName": "MON",
    "acNumber": 42,
    "acName": "WAKCHING",
    "partNumber": 7,
    "partName": "KONGAN VILLAGE",
    "lat": 26.68146675,
    "lon": 94.86680186731513
  },
  {
    "partId": 1602,
    "stateCode": "S17",
    "stateName": "Nagaland",
    "districtCode": "S1709",
    "districtName": "MON",
    "acNumber": 42,
    "acName": "WAKCHING",
    "partNumber": 8,
    "partName": "KONGAN VILLAGE",
    "lat": 26.68146675,
    "lon": 94.86680186731513
  },
  {
    "partId": 1603,
    "stateCode": "S17",
    "stateName": "Nagaland",
    "districtCode": "S1709",
    "districtName": "MON",
    "acNumber": 42,
    "acName": "WAKCHING",
    "partNumber": 9,
    "partName": "KONGAN VILLAGE",
    "lat": 26.68146675,
    "lon": 94.86680186731513
  },
  {
    "partId": 1604,
    "stateCode": "S17",
    "stateName": "Nagaland",
    "districtCode": "S1709",
    "districtName": "MON",
    "acNumber": 42,
    "acName": "WAKCHING",
    "partNumber": 10,
    "partName": "HOTAHOTI VILLAGE",
    "lat": 26.68146675,
    "lon": 94.86680186731513
  },
  {
    "partId": 1605,
    "stateCode": "S17",
    "stateName": "Nagaland",
    "districtCode": "S1709",
    "districtName": "MON",
    "acNumber": 42,
    "acName": "WAKCHING",
    "partNumber": 11,
    "partName": "UPPER TIRU VILLAGE",
    "lat": 26.68146675,
    "lon": 94.86680186731513
  },
  {
    "partId": 1606,
    "stateCode": "S17",
    "stateName": "Nagaland",
    "districtCode": "S1709",
    "districtName": "MON",
    "acNumber": 42,
    "acName": "WAKCHING",
    "partNumber": 12,
    "partName": "LOWER TIRU VILLAGE",
    "lat": 26.68146675,
    "lon": 94.86680186731513
  },
  {
    "partId": 1607,
    "stateCode": "S17",
    "stateName": "Nagaland",
    "districtCode": "S1709",
    "districtName": "MON",
    "acNumber": 42,
    "acName": "WAKCHING",
    "partNumber": 13,
    "partName": "WAKCHING HQ.",
    "lat": 26.68146675,
    "lon": 94.86680186731513
  },
  {
    "partId": 1608,
    "stateCode": "S17",
    "stateName": "Nagaland",
    "districtCode": "S1709",
    "districtName": "MON",
    "acNumber": 42,
    "acName": "WAKCHING",
    "partNumber": 14,
    "partName": "WAKCHING HQ.",
    "lat": 26.68146675,
    "lon": 94.86680186731513
  },
  {
    "partId": 1609,
    "stateCode": "S17",
    "stateName": "Nagaland",
    "districtCode": "S1709",
    "districtName": "MON",
    "acNumber": 42,
    "acName": "WAKCHING",
    "partNumber": 15,
    "partName": "WAKCHING VILLAGE",
    "lat": 26.68146675,
    "lon": 94.86680186731513
  },
  {
    "partId": 1610,
    "stateCode": "S17",
    "stateName": "Nagaland",
    "districtCode": "S1709",
    "districtName": "MON",
    "acNumber": 42,
    "acName": "WAKCHING",
    "partNumber": 16,
    "partName": "WAKCHING VILLAGE",
    "lat": 26.68146675,
    "lon": 94.86680186731513
  },
  {
    "partId": 1611,
    "stateCode": "S17",
    "stateName": "Nagaland",
    "districtCode": "S1709",
    "districtName": "MON",
    "acNumber": 42,
    "acName": "WAKCHING",
    "partNumber": 17,
    "partName": "WAKCHING VILLAGE",
    "lat": 26.68146675,
    "lon": 94.86680186731513
  },
  {
    "partId": 1612,
    "stateCode": "S17",
    "stateName": "Nagaland",
    "districtCode": "S1709",
    "districtName": "MON",
    "acNumber": 42,
    "acName": "WAKCHING",
    "partNumber": 18,
    "partName": "WAKCHING VILLAGE",
    "lat": 26.68146675,
    "lon": 94.86680186731513
  },
  {
    "partId": 1613,
    "stateCode": "S17",
    "stateName": "Nagaland",
    "districtCode": "S1709",
    "districtName": "MON",
    "acNumber": 42,
    "acName": "WAKCHING",
    "partNumber": 19,
    "partName": "WAKCHING VILLAGE",
    "lat": 26.68146675,
    "lon": 94.86680186731513
  },
  {
    "partId": 1614,
    "stateCode": "S17",
    "stateName": "Nagaland",
    "districtCode": "S1709",
    "districtName": "MON",
    "acNumber": 42,
    "acName": "WAKCHING",
    "partNumber": 20,
    "partName": "WAKCHING VILLAGE",
    "lat": 26.68146675,
    "lon": 94.86680186731513
  },
  {
    "partId": 1615,
    "stateCode": "S17",
    "stateName": "Nagaland",
    "districtCode": "S1709",
    "districtName": "MON",
    "acNumber": 42,
    "acName": "WAKCHING",
    "partNumber": 21,
    "partName": "SHIYONG VILLAGE",
    "lat": 26.68146675,
    "lon": 94.86680186731513
  },
  {
    "partId": 1616,
    "stateCode": "S17",
    "stateName": "Nagaland",
    "districtCode": "S1709",
    "districtName": "MON",
    "acNumber": 42,
    "acName": "WAKCHING",
    "partNumber": 22,
    "partName": "SHIYONG VILLAGE",
    "lat": 26.68146675,
    "lon": 94.86680186731513
  },
  {
    "partId": 1617,
    "stateCode": "S17",
    "stateName": "Nagaland",
    "districtCode": "S1709",
    "districtName": "MON",
    "acNumber": 42,
    "acName": "WAKCHING",
    "partNumber": 23,
    "partName": "WANCHING VILLAGE",
    "lat": 26.68146675,
    "lon": 94.86680186731513
  },
  {
    "partId": 1618,
    "stateCode": "S17",
    "stateName": "Nagaland",
    "districtCode": "S1709",
    "districtName": "MON",
    "acNumber": 42,
    "acName": "WAKCHING",
    "partNumber": 24,
    "partName": "WANCHING VILLAGE",
    "lat": 26.68146675,
    "lon": 94.86680186731513
  },
  {
    "partId": 1619,
    "stateCode": "S17",
    "stateName": "Nagaland",
    "districtCode": "S1709",
    "districtName": "MON",
    "acNumber": 42,
    "acName": "WAKCHING",
    "partNumber": 25,
    "partName": "WANCHING VILLAGE",
    "lat": 26.68146675,
    "lon": 94.86680186731513
  },
  {
    "partId": 1620,
    "stateCode": "S17",
    "stateName": "Nagaland",
    "districtCode": "S1709",
    "districtName": "MON",
    "acNumber": 42,
    "acName": "WAKCHING",
    "partNumber": 26,
    "partName": "WANCHING VILLAGE",
    "lat": 26.68146675,
    "lon": 94.86680186731513
  },
  {
    "partId": 1621,
    "stateCode": "S17",
    "stateName": "Nagaland",
    "districtCode": "S1709",
    "districtName": "MON",
    "acNumber": 42,
    "acName": "WAKCHING",
    "partNumber": 27,
    "partName": "CHINGPHOI VILLAGE",
    "lat": 26.68146675,
    "lon": 94.86680186731513
  },
  {
    "partId": 1622,
    "stateCode": "S17",
    "stateName": "Nagaland",
    "districtCode": "S1709",
    "districtName": "MON",
    "acNumber": 42,
    "acName": "WAKCHING",
    "partNumber": 28,
    "partName": "TANHAI VILLAGE",
    "lat": 26.68146675,
    "lon": 94.86680186731513
  },
  {
    "partId": 1623,
    "stateCode": "S17",
    "stateName": "Nagaland",
    "districtCode": "S1709",
    "districtName": "MON",
    "acNumber": 42,
    "acName": "WAKCHING",
    "partNumber": 29,
    "partName": "WAKCHING CHINGLA",
    "lat": 26.68146675,
    "lon": 94.86680186731513
  },
  {
    "partId": 1624,
    "stateCode": "S17",
    "stateName": "Nagaland",
    "districtCode": "S1709",
    "districtName": "MON",
    "acNumber": 42,
    "acName": "WAKCHING",
    "partNumber": 30,
    "partName": "UPPER NAMTHAI",
    "lat": 26.68146675,
    "lon": 94.86680186731513
  },
  {
    "partId": 1625,
    "stateCode": "S17",
    "stateName": "Nagaland",
    "districtCode": "S1709",
    "districtName": "MON",
    "acNumber": 42,
    "acName": "WAKCHING",
    "partNumber": 31,
    "partName": "WANCHING VILLAGE",
    "lat": 26.68146675,
    "lon": 94.86680186731513
  },
  {
    "partId": 1626,
    "stateCode": "S17",
    "stateName": "Nagaland",
    "districtCode": "S1709",
    "districtName": "MON",
    "acNumber": 42,
    "acName": "WAKCHING",
    "partNumber": 32,
    "partName": "WAPNYU VILLAGE",
    "lat": 26.68146675,
    "lon": 94.86680186731513
  },
  {
    "partId": 1128,
    "stateCode": "S17",
    "stateName": "Nagaland",
    "districtCode": "S1709",
    "districtName": "MON",
    "acNumber": 42,
    "acName": "WAKCHING",
    "partNumber": 33,
    "partName": "WANCHING YONGMOUH VILLAGE",
    "lat": 26.68146675,
    "lon": 94.86680186731513
  },
  {
    "partId": 2264,
    "stateCode": "S17",
    "stateName": "Nagaland",
    "districtCode": "S1709",
    "districtName": "MON",
    "acNumber": 42,
    "acName": "WAKCHING",
    "partNumber": 34,
    "partName": "MAOTING VILLAGE",
    "lat": 26.68146675,
    "lon": 94.86680186731513
  },
  {
    "partId": 2290,
    "stateCode": "S17",
    "stateName": "Nagaland",
    "districtCode": "S1709",
    "districtName": "MON",
    "acNumber": 42,
    "acName": "WAKCHING",
    "partNumber": 35,
    "partName": "TANHAI",
    "lat": 26.7351959,
    "lon": 94.9432393
  }
]