[
  {
    "partId": 789,
    "stateCode": "S17",
    "stateName": "Nagaland",
    "districtCode": "S1705",
    "districtName": "PHEK",
    "acNumber": 18,
    "acName": "CHAZOUBA",
    "partNumber": 1,
    "partName": "PHUSACHODU VILLAGE A/ WING",
    "lat": 25.630062591007192,
    "lon": 94.46904277886479
  },
  {
    "partId": 790,
    "stateCode": "S17",
    "stateName": "Nagaland",
    "districtCode": "S1705",
    "districtName": "PHEK",
    "acNumber": 18,
    "acName": "CHAZOUBA",
    "partNumber": 2,
    "partName": "PHUSACHODU VILLAGE B/ WING",
    "lat": 25.630062591007192,
    "lon": 94.46904277886479
  },
  {
    "partId": 791,
    "stateCode": "S17",
    "stateName": "Nagaland",
    "districtCode": "S1705",
    "districtName": "PHEK",
    "acNumber": 18,
    "acName": "CHAZOUBA",
    "partNumber": 3,
    "partName": "PHUSACHODU  VILLAGE C/ WING",
    "lat": 25.630062591007192,
    "lon": 94.46904277886479
  },
  {
    "partId": 792,
    "stateCode": "S17",
    "stateName": "Nagaland",
    "districtCode": "S1705",
    "districtName": "PHEK",
    "acNumber": 18,
    "acName": "CHAZOUBA",
    "partNumber": 4,
    "partName": "THIPUZUMI VILLAGE A/ WING",
    "lat": 25.630062591007192,
    "lon": 94.46904277886479
  },
  {
    "partId": 793,
    "stateCode": "S17",
    "stateName": "Nagaland",
    "districtCode": "S1705",
    "districtName": "PHEK",
    "acNumber": 18,
    "acName": "CHAZOUBA",
    "partNumber": 5,
    "partName": "THIPUZUMI VILLAGE B/ WING",
    "lat": 25.630062591007192,
    "lon": 94.46904277886479
  },
  {
    "partId": 794,
    "stateCode": "S17",
    "stateName": "Nagaland",
    "districtCode": "S1705",
    "districtName": "PHEK",
    "acNumber": 18,
    "acName": "CHAZOUBA",
    "partNumber": 6,
    "partName": "KHULAZU BAWE VILLAGE A/WING",
    "lat": 25.630062591007192,
    "lon": 94.46904277886479
  },
  {
    "partId": 795,
    "stateCode": "S17",
    "stateName": "Nagaland",
    "districtCode": "S1705",
    "districtName": "PHEK",
    "acNumber": 18,
    "acName": "CHAZOUBA",
    "partNumber": 7,
    "partName": "KHULAZU BASA VILLAGE A/WING",
    "lat": 25.630062591007192,
    "lon": 94.46904277886479
  },
  {
    "partId": 796,
    "stateCode": "S17",
    "stateName": "Nagaland",
    "districtCode": "S1705",
    "districtName": "PHEK",
    "acNumber": 18,
    "acName": "CHAZOUBA",
    "partNumber": 8,
    "partName": "THENYIZU VILLAGE A/ WING",
    "lat": 25.630062591007192,
    "lon": 94.46904277886479
  },
  {
    "partId": 797,
    "stateCode": "S17",
    "stateName": "Nagaland",
    "districtCode": "S1705",
    "districtName": "PHEK",
    "acNumber": 18,
    "acName": "CHAZOUBA",
    "partNumber": 9,
    "partName": "THENYIZU VILLAGE B/ WING",
    "lat": 25.630062591007192,
    "lon": 94.46904277886479
  },
  {
    "partId": 798,
    "stateCode": "S17",
    "stateName": "Nagaland",
    "districtCode": "S1705",
    "districtName": "PHEK",
    "acNumber": 18,
    "acName": "CHAZOUBA",
    "partNumber": 10,
    "partName": "CHETHEBA TOWN",
    "lat": 25.630062591007192,
    "lon": 94.46904277886479
  },
  {
    "partId": 799,
    "stateCode": "S17",
    "stateName": "Nagaland",
    "districtCode": "S1705",
    "districtName": "PHEK",
    "acNumber": 18,
    "acName": "CHAZOUBA",
    "partNumber": 11,
    "partName": "CHESEZU VILLAGE A/WING",
    "lat": 25.630062591007192,
    "lon": 94.46904277886479
  },
  {
    "partId": 800,
    "stateCode": "S17",
    "stateName": "Nagaland",
    "districtCode": "S1705",
    "districtName": "PHEK",
    "acNumber": 18,
    "acName": "CHAZOUBA",
    "partNumber": 12,
    "partName": "CHESEZU VILLAGE B/ WING",
    "lat": 25.630062591007192,
    "lon": 94.46904277886479
  },
  {
    "partId": 801,
    "stateCode": "S17",
    "stateName": "Nagaland",
    "districtCode": "S1705",
    "districtName": "PHEK",
    "acNumber": 18,
    "acName": "CHAZOUBA",
    "partNumber": 13,
    "partName": "KHESOMI VILLAGE",
    "lat": 25.630062591007192,
    "lon": 94.46904277886479
  },
  {
    "partId": 802,
    "stateCode": "S17",
    "stateName": "Nagaland",
    "districtCode": "S1705",
    "districtName": "PHEK",
    "acNumber": 18,
    "acName": "CHAZOUBA",
    "partNumber": 14,
    "partName": "RUNGUZU NASA VILLAGE",
    "lat": 25.630062591007192,
    "lon": 94.46904277886479
  },
  {
    "partId": 803,
    "stateCode": "S17",
    "stateName": "Nagaland",
    "districtCode": "S1705",
    "districtName": "PHEK",
    "acNumber": 18,
    "acName": "CHAZOUBA",
    "partNumber": 15,
    "partName": "RUNGUZU NAWE VILLAGE",
    "lat": 25.630062591007192,
    "lon": 94.46904277886479
  },
  {
    "partId": 804,
    "stateCode": "S17",
    "stateName": "Nagaland",
    "districtCode": "S1705",
    "districtName": "PHEK",
    "acNumber": 18,
    "acName": "CHAZOUBA",
    "partNumber": 16,
    "partName": "CHAZOUBA VILLAGE  A/ WING",
    "lat": 25.630062591007192,
    "lon": 94.46904277886479
  },
  {
    "partId": 805,
    "stateCode": "S17",
    "stateName": "Nagaland",
    "districtCode": "S1705",
    "districtName": "PHEK",
    "acNumber": 18,
    "acName": "CHAZOUBA",
    "partNumber": 17,
    "partName": "CHAZOUBA VILLAGE B/ WING",
    "lat": 25.630062591007192,
    "lon": 94.46904277886479
  },
  {
    "partId": 806,
    "stateCode": "S17",
    "stateName": "Nagaland",
    "districtCode": "S1705",
    "districtName": "PHEK",
    "acNumber": 18,
    "acName": "CHAZOUBA",
    "partNumber": 18,
    "partName": "CHAZOUBA  TOWN A/ WING",
    "lat": 25.630062591007192,
    "lon": 94.46904277886479
  },
  {
    "partId": 807,
    "stateCode": "S17",
    "stateName": "Nagaland",
    "districtCode": "S1705",
    "districtName": "PHEK",
    "acNumber": 18,
    "acName": "CHAZOUBA",
    "partNumber": 19,
    "partName": "CHAZOUBA TOWN B/ WING",
    "lat": 25.630062591007192,
    "lon": 94.46904277886479
  },
  {
    "partId": 808,
    "stateCode": "S17",
    "stateName": "Nagaland",
    "districtCode": "S1705",
    "districtName": "PHEK",
    "acNumber": 18,
    "acName": "CHAZOUBA",
    "partNumber": 20,
    "partName": "YORUBA VILLAGE A/ WING",
    "lat": 25.630062591007192,
    "lon": 94.46904277886479
  },
  {
    "partId": 809,
    "stateCode": "S17",
    "stateName": "Nagaland",
    "districtCode": "S1705",
    "districtName": "PHEK",
    "acNumber": 18,
    "acName": "CHAZOUBA",
    "partNumber": 21,
    "partName": "YORUBA VILLAGE B/ WING",
    "lat": 25.630062591007192,
    "lon": 94.46904277886479
  },
  {
    "partId": 810,
    "stateCode": "S17",
    "stateName": "Nagaland",
    "districtCode": "S1705",
    "districtName": "PHEK",
    "acNumber": 18,
    "acName": "CHAZOUBA",
    "partNumber": 22,
    "partName": "SUTHOZU NASA VILLAGE",
    "lat": 25.630062591007192,
    "lon": 94.46904277886479
  },
  {
    "partId": 811,
    "stateCode": "S17",
    "stateName": "Nagaland",
    "districtCode": "S1705",
    "districtName": "PHEK",
    "acNumber": 18,
    "acName": "CHAZOUBA",
    "partNumber": 23,
    "partName": "SUTHOZU NAWE VILLAGE",
    "lat": 25.630062591007192,
    "lon": 94.46904277886479
  },
  {
    "partId": 812,
    "stateCode": "S17",
    "stateName": "Nagaland",
    "districtCode": "S1705",
    "districtName": "PHEK",
    "acNumber": 18,
    "acName": "CHAZOUBA",
    "partNumber": 24,
    "partName": "KHUTSAMI VILLAGE",
    "lat": 25.630062591007192,
    "lon": 94.46904277886479
  },
  {
    "partId": 813,
    "stateCode": "S17",
    "stateName": "Nagaland",
    "districtCode": "S1705",
    "districtName": "PHEK",
    "acNumber": 18,
    "acName": "CHAZOUBA",
    "partNumber": 25,
    "partName": "CHESEZU NASA VILLAGE",
    "lat": 25.630062591007192,
    "lon": 94.46904277886479
  },
  {
    "partId": 814,
    "stateCode": "S17",
    "stateName": "Nagaland",
    "districtCode": "S1705",
    "districtName": "PHEK",
    "acNumber": 18,
    "acName": "CHAZOUBA",
    "partNumber": 26,
    "partName": "PHUSACHODU VILLAGE D/WING",
    "lat": 25.630062591007192,
    "lon": 94.46904277886479
  },
  {
    "partId": 815,
    "stateCode": "S17",
    "stateName": "Nagaland",
    "districtCode": "S1705",
    "districtName": "PHEK",
    "acNumber": 18,
    "acName": "CHAZOUBA",
    "partNumber": 27,
    "partName": "CHOZUBA VILLAGE C/WING",
    "lat": 25.630062591007192,
    "lon": 94.46904277886479
  },
  {
    "partId": 816,
    "stateCode": "S17",
    "stateName": "Nagaland",
    "districtCode": "S1705",
    "districtName": "PHEK",
    "acNumber": 18,
    "acName": "CHAZOUBA",
    "partNumber": 28,
    "partName": "RIHUBA VILLAGE",
    "lat": 25.630062591007192,
    "lon": 94.46904277886479
  },
  {
    "partId": 817,
    "stateCode": "S17",
    "stateName": "Nagaland",
    "districtCode": "S1705",
    "districtName": "PHEK",
    "acNumber": 18,
    "acName": "CHAZOUBA",
    "partNumber": 29,
    "partName": "PHUYOBA VILLAGE",
    "lat": 25.630062591007192,
    "lon": 94.46904277886479
  },
  {
    "partId": 818,
    "stateCode": "S17",
    "stateName": "Nagaland",
    "districtCode": "S1705",
    "districtName": "PHEK",
    "acNumber": 18,
    "acName": "CHAZOUBA",
    "partNumber": 30,
    "partName": "PHUSACHODU WILLAGE E-WING",
    "lat": 25.630062591007192,
    "lon": 94.46904277886479
  },
  {
    "partId": 819,
    "stateCode": "S17",
    "stateName": "Nagaland",
    "districtCode": "S1705",
    "districtName": "PHEK",
    "acNumber": 18,
    "acName": "CHAZOUBA",
    "partNumber": 31,
    "partName": "PHUSACHODU VILLAGE F-WING",
    "lat": 25.630062591007192,
    "lon": 94.46904277886479
  },
  {
    "partId": 820,
    "stateCode": "S17",
    "stateName": "Nagaland",
    "districtCode": "S1705",
    "districtName": "PHEK",
    "acNumber": 18,
    "acName": "CHAZOUBA",
    "partNumber": 32,
    "partName": "THIPUZUMI VILLAGE C-WING",
    "lat": 25.630062591007192,
    "lon": 94.46904277886479
  },
  {
    "partId": 821,
    "stateCode": "S17",
    "stateName": "Nagaland",
    "districtCode": "S1705",
    "districtName": "PHEK",
    "acNumber": 18,
    "acName": "CHAZOUBA",
    "partNumber": 33,
    "partName": "THIPUZUMI VILLAGE D-WING",
    "lat": 25.630062591007192,
    "lon": 94.46904277886479
  },
  {
    "partId": 822,
    "stateCode": "S17",
    "stateName": "Nagaland",
    "districtCode": "S1705",
    "districtName": "PHEK",
    "acNumber": 18,
    "acName": "CHAZOUBA",
    "partNumber": 34,
    "partName": "KHULAZU BAWE VILLAGE B-WING",
    "lat": 25.630062591007192,
    "lon": 94.46904277886479
  },
  {
    "partId": 823,
    "stateCode": "S17",
    "stateName": "Nagaland",
    "districtCode": "S1705",
    "districtName": "PHEK",
    "acNumber": 18,
    "acName": "CHAZOUBA",
    "partNumber": 35,
    "partName": "KHULAZU BASA VILLAGE B-WING",
    "lat": 25.630062591007192,
    "lon": 94.46904277886479
  },
  {
    "partId": 824,
    "stateCode": "S17",
    "stateName": "Nagaland",
    "districtCode": "S1705",
    "districtName": "PHEK",
    "acNumber": 18,
    "acName": "CHAZOUBA",
    "partNumber": 36,
    "partName": "THENYIZU VILLAGE C-WING",
    "lat": 25.630062591007192,
    "lon": 94.46904277886479
  },
  {
    "partId": 825,
    "stateCode": "S17",
    "stateName": "Nagaland",
    "districtCode": "S1705",
    "districtName": "PHEK",
    "acNumber": 18,
    "acName": "CHAZOUBA",
    "partNumber": 37,
    "partName": "CHESEZU VILLAGE C-WING",
    "lat": 25.630062591007192,
    "lon": 94.46904277886479
  },
  {
    "partId": 826,
    "stateCode": "S17",
    "stateName": "Nagaland",
    "districtCode": "S1705",
    "districtName": "PHEK",
    "acNumber": 18,
    "acName": "CHAZOUBA",
    "partNumber": 38,
    "partName": "CHESEZU VILLAGE D-WING",
    "lat": 25.630062591007192,
    "lon": 94.46904277886479
  },
  {
    "partId": 827,
    "stateCode": "S17",
    "stateName": "Nagaland",
    "districtCode": "S1705",
    "districtName": "PHEK",
    "acNumber": 18,
    "acName": "CHAZOUBA",
    "partNumber": 39,
    "partName": "CHOZUBA VILLAGE D-WING",
    "lat": 25.630062591007192,
    "lon": 94.46904277886479
  },
  {
    "partId": 828,
    "stateCode": "S17",
    "stateName": "Nagaland",
    "districtCode": "S1705",
    "districtName": "PHEK",
    "acNumber": 18,
    "acName": "CHAZOUBA",
    "partNumber": 40,
    "partName": "CHAZOUBA TOWN C-WING",
    "lat": 25.630062591007192,
    "lon": 94.46904277886479
  },
  {
    "partId": 829,
    "stateCode": "S17",
    "stateName": "Nagaland",
    "districtCode": "S1705",
    "districtName": "PHEK",
    "acNumber": 18,
    "acName": "CHAZOUBA",
    "partNumber": 41,
    "partName": "YORUBA VILLAGE C-WING",
    "lat": 25.630062591007192,
    "lon": 94.46904277886479
  },
  {
    "partId": 830,
    "stateCode": "S17",
    "stateName": "Nagaland",
    "districtCode": "S1705",
    "districtName": "PHEK",
    "acNumber": 18,
    "acName": "CHAZOUBA",
    "partNumber": 42,
    "partName": "YORUBA VILLAGE D-WING",
    "lat": 25.630062591007192,
    "lon": 94.46904277886479
  },
  {
    "partId": 831,
    "stateCode": "S17",
    "stateName": "Nagaland",
    "districtCode": "S1705",
    "districtName": "PHEK",
    "acNumber": 18,
    "acName": "CHAZOUBA",
    "partNumber": 43,
    "partName": "VETUBA COLONY,YORUBA VILLAGE",
    "lat": 25.630062591007192,
    "lon": 94.46904277886479
  },
  {
    "partId": 758,
    "stateCode": "S17",
    "stateName": "Nagaland",
    "districtCode": "S1705",
    "districtName": "PHEK",
    "acNumber": 17,
    "acName": "CHIZAMI",
    "partNumber": 1,
    "partName": "MIDDLE KHOMI VILLAGE",
    "lat": 25.570735999999997,
    "lon": 94.37160898068494
  },
  {
    "partId": 759,
    "stateCode": "S17",
    "stateName": "Nagaland",
    "districtCode": "S1705",
    "districtName": "PHEK",
    "acNumber": 17,
    "acName": "CHIZAMI",
    "partNumber": 2,
    "partName": "UPPER KHOMI  VILLAGE",
    "lat": 25.570735999999997,
    "lon": 94.37160898068494
  },
  {
    "partId": 760,
    "stateCode": "S17",
    "stateName": "Nagaland",
    "districtCode": "S1705",
    "districtName": "PHEK",
    "acNumber": 17,
    "acName": "CHIZAMI",
    "partNumber": 3,
    "partName": "LOWER KHOMI VILLAGE",
    "lat": 25.570735999999997,
    "lon": 94.37160898068494
  },
  {
    "partId": 761,
    "stateCode": "S17",
    "stateName": "Nagaland",
    "districtCode": "S1705",
    "districtName": "PHEK",
    "acNumber": 17,
    "acName": "CHIZAMI",
    "partNumber": 4,
    "partName": "PHOLAMI VILLAGE",
    "lat": 25.570735999999997,
    "lon": 94.37160898068494
  },
  {
    "partId": 762,
    "stateCode": "S17",
    "stateName": "Nagaland",
    "districtCode": "S1705",
    "districtName": "PHEK",
    "acNumber": 17,
    "acName": "CHIZAMI",
    "partNumber": 5,
    "partName": "SAKRABA TOWN",
    "lat": 25.570735999999997,
    "lon": 94.37160898068494
  },
  {
    "partId": 763,
    "stateCode": "S17",
    "stateName": "Nagaland",
    "districtCode": "S1705",
    "districtName": "PHEK",
    "acNumber": 17,
    "acName": "CHIZAMI",
    "partNumber": 6,
    "partName": "GOZOTO VILLAGE",
    "lat": 25.570735999999997,
    "lon": 94.37160898068494
  },
  {
    "partId": 764,
    "stateCode": "S17",
    "stateName": "Nagaland",
    "districtCode": "S1705",
    "districtName": "PHEK",
    "acNumber": 17,
    "acName": "CHIZAMI",
    "partNumber": 7,
    "partName": "SAKRABA VILLAGE",
    "lat": 25.570735999999997,
    "lon": 94.37160898068494
  },
  {
    "partId": 765,
    "stateCode": "S17",
    "stateName": "Nagaland",
    "districtCode": "S1705",
    "districtName": "PHEK",
    "acNumber": 17,
    "acName": "CHIZAMI",
    "partNumber": 8,
    "partName": "PORBA VILLAGE A/ WING",
    "lat": 25.570735999999997,
    "lon": 94.37160898068494
  },
  {
    "partId": 766,
    "stateCode": "S17",
    "stateName": "Nagaland",
    "districtCode": "S1705",
    "districtName": "PHEK",
    "acNumber": 17,
    "acName": "CHIZAMI",
    "partNumber": 9,
    "partName": "PORUBA VILLAGE B/ WING",
    "lat": 25.570735999999997,
    "lon": 94.37160898068494
  },
  {
    "partId": 767,
    "stateCode": "S17",
    "stateName": "Nagaland",
    "districtCode": "S1705",
    "districtName": "PHEK",
    "acNumber": 17,
    "acName": "CHIZAMI",
    "partNumber": 10,
    "partName": "MESULUMI VILLAGE A/WING",
    "lat": 25.570735999999997,
    "lon": 94.37160898068494
  },
  {
    "partId": 768,
    "stateCode": "S17",
    "stateName": "Nagaland",
    "districtCode": "S1705",
    "districtName": "PHEK",
    "acNumber": 17,
    "acName": "CHIZAMI",
    "partNumber": 11,
    "partName": "ENHULUMI VILLAGE (YOSUBA)",
    "lat": 25.570735999999997,
    "lon": 94.37160898068494
  },
  {
    "partId": 769,
    "stateCode": "S17",
    "stateName": "Nagaland",
    "districtCode": "S1705",
    "districtName": "PHEK",
    "acNumber": 17,
    "acName": "CHIZAMI",
    "partNumber": 12,
    "partName": "CHIZAMI VILLAGE A/WING",
    "lat": 25.570735999999997,
    "lon": 94.37160898068494
  },
  {
    "partId": 770,
    "stateCode": "S17",
    "stateName": "Nagaland",
    "districtCode": "S1705",
    "districtName": "PHEK",
    "acNumber": 17,
    "acName": "CHIZAMI",
    "partNumber": 13,
    "partName": "CHIZAMI TOWN",
    "lat": 25.595574900000003,
    "lon": 94.38642084911304
  },
  {
    "partId": 771,
    "stateCode": "S17",
    "stateName": "Nagaland",
    "districtCode": "S1705",
    "districtName": "PHEK",
    "acNumber": 17,
    "acName": "CHIZAMI",
    "partNumber": 14,
    "partName": "SUMI VILLAGE",
    "lat": 25.60345375,
    "lon": 94.39621164166073
  },
  {
    "partId": 772,
    "stateCode": "S17",
    "stateName": "Nagaland",
    "districtCode": "S1705",
    "districtName": "PHEK",
    "acNumber": 17,
    "acName": "CHIZAMI",
    "partNumber": 15,
    "partName": "THECHULUMI VILLAGE A/ WING",
    "lat": 25.570735999999997,
    "lon": 94.37160898068494
  },
  {
    "partId": 773,
    "stateCode": "S17",
    "stateName": "Nagaland",
    "districtCode": "S1705",
    "districtName": "PHEK",
    "acNumber": 17,
    "acName": "CHIZAMI",
    "partNumber": 16,
    "partName": "THECHULUMI VILLAGE B/ WING",
    "lat": 25.570735999999997,
    "lon": 94.37160898068494
  },
  {
    "partId": 774,
    "stateCode": "S17",
    "stateName": "Nagaland",
    "districtCode": "S1705",
    "districtName": "PHEK",
    "acNumber": 17,
    "acName": "CHIZAMI",
    "partNumber": 17,
    "partName": "ZHAVAME VILLAGE A/ WING",
    "lat": 25.570735999999997,
    "lon": 94.37160898068494
  },
  {
    "partId": 775,
    "stateCode": "S17",
    "stateName": "Nagaland",
    "districtCode": "S1705",
    "districtName": "PHEK",
    "acNumber": 17,
    "acName": "CHIZAMI",
    "partNumber": 18,
    "partName": "ZHAVAME VILLAGE B/ WING",
    "lat": 25.570735999999997,
    "lon": 94.37160898068494
  },
  {
    "partId": 776,
    "stateCode": "S17",
    "stateName": "Nagaland",
    "districtCode": "S1705",
    "districtName": "PHEK",
    "acNumber": 17,
    "acName": "CHIZAMI",
    "partNumber": 19,
    "partName": "RAZEBA HQ.",
    "lat": 25.570735999999997,
    "lon": 94.37160898068494
  },
  {
    "partId": 777,
    "stateCode": "S17",
    "stateName": "Nagaland",
    "districtCode": "S1705",
    "districtName": "PHEK",
    "acNumber": 17,
    "acName": "CHIZAMI",
    "partNumber": 20,
    "partName": "ZELUME VILLAGE",
    "lat": 25.570735999999997,
    "lon": 94.37160898068494
  },
  {
    "partId": 778,
    "stateCode": "S17",
    "stateName": "Nagaland",
    "districtCode": "S1705",
    "districtName": "PHEK",
    "acNumber": 17,
    "acName": "CHIZAMI",
    "partNumber": 21,
    "partName": "TSUPFUME VILLAGE",
    "lat": 25.570735999999997,
    "lon": 94.37160898068494
  },
  {
    "partId": 779,
    "stateCode": "S17",
    "stateName": "Nagaland",
    "districtCode": "S1705",
    "districtName": "PHEK",
    "acNumber": 17,
    "acName": "CHIZAMI",
    "partNumber": 22,
    "partName": "CHIZAMI NEW TOWN",
    "lat": 25.5998064,
    "lon": 94.39245568153245
  },
  {
    "partId": 780,
    "stateCode": "S17",
    "stateName": "Nagaland",
    "districtCode": "S1705",
    "districtName": "PHEK",
    "acNumber": 17,
    "acName": "CHIZAMI",
    "partNumber": 23,
    "partName": "PHOLAMI BASA VILLAGE",
    "lat": 25.570735999999997,
    "lon": 94.37160898068494
  },
  {
    "partId": 781,
    "stateCode": "S17",
    "stateName": "Nagaland",
    "districtCode": "S1705",
    "districtName": "PHEK",
    "acNumber": 17,
    "acName": "CHIZAMI",
    "partNumber": 24,
    "partName": "PORUBA VILLAGE C/WING",
    "lat": 25.570735999999997,
    "lon": 94.37160898068494
  },
  {
    "partId": 782,
    "stateCode": "S17",
    "stateName": "Nagaland",
    "districtCode": "S1705",
    "districtName": "PHEK",
    "acNumber": 17,
    "acName": "CHIZAMI",
    "partNumber": 25,
    "partName": "MESULUMI VILLAGE B/WING",
    "lat": 25.570735999999997,
    "lon": 94.37160898068494
  },
  {
    "partId": 783,
    "stateCode": "S17",
    "stateName": "Nagaland",
    "districtCode": "S1705",
    "districtName": "PHEK",
    "acNumber": 17,
    "acName": "CHIZAMI",
    "partNumber": 26,
    "partName": "CHIZAMI VILLAGE B/WING",
    "lat": 25.570735999999997,
    "lon": 94.37160898068494
  },
  {
    "partId": 784,
    "stateCode": "S17",
    "stateName": "Nagaland",
    "districtCode": "S1705",
    "districtName": "PHEK",
    "acNumber": 17,
    "acName": "CHIZAMI",
    "partNumber": 27,
    "partName": "ZHAVAME VILLAGE C/WING",
    "lat": 25.570735999999997,
    "lon": 94.37160898068494
  },
  {
    "partId": 785,
    "stateCode": "S17",
    "stateName": "Nagaland",
    "districtCode": "S1705",
    "districtName": "PHEK",
    "acNumber": 17,
    "acName": "CHIZAMI",
    "partNumber": 28,
    "partName": "ZAVACHHI VILLAGE",
    "lat": 25.570735999999997,
    "lon": 94.37160898068494
  },
  {
    "partId": 786,
    "stateCode": "S17",
    "stateName": "Nagaland",
    "districtCode": "S1705",
    "districtName": "PHEK",
    "acNumber": 17,
    "acName": "CHIZAMI",
    "partNumber": 29,
    "partName": "CHIZAMI VILLAGE C-WING",
    "lat": 25.570735999999997,
    "lon": 94.37160898068494
  },
  {
    "partId": 787,
    "stateCode": "S17",
    "stateName": "Nagaland",
    "districtCode": "S1705",
    "districtName": "PHEK",
    "acNumber": 17,
    "acName": "CHIZAMI",
    "partNumber": 30,
    "partName": "THECHULUMI VILLAGE C-WING",
    "lat": 25.570735999999997,
    "lon": 94.37160898068494
  },
  {
    "partId": 788,
    "stateCode": "S17",
    "stateName": "Nagaland",
    "districtCode": "S1705",
    "districtName": "PHEK",
    "acNumber": 17,
    "acName": "CHIZAMI",
    "partNumber": 31,
    "partName": "ZHAVAMI VILLAGE D-WING",
    "lat": 25.570735999999997,
    "lon": 94.37160898068494
  },
  {
    "partId": 2257,
    "stateCode": "S17",
    "stateName": "Nagaland",
    "districtCode": "S1705",
    "districtName": "PHEK",
    "acNumber": 17,
    "acName": "CHIZAMI",
    "partNumber": 32,
    "partName": "CIEPI COLONY, PORBA VILLAGE",
    "lat": 25.570735999999997,
    "lon": 94.37160898068494
  },
  {
    "partId": 871,
    "stateCode": "S17",
    "stateName": "Nagaland",
    "districtCode": "S1705",
    "districtName": "PHEK",
    "acNumber": 20,
    "acName": "MELURI",
    "partNumber": 1,
    "partName": "SUTHOTSU VILLAGE",
    "lat": 25.62491795,
    "lon": 94.64856002705642
  },
  {
    "partId": 872,
    "stateCode": "S17",
    "stateName": "Nagaland",
    "districtCode": "S1705",
    "districtName": "PHEK",
    "acNumber": 20,
    "acName": "MELURI",
    "partNumber": 2,
    "partName": "TEHEPHU VILLAGE",
    "lat": 25.62491795,
    "lon": 94.64856002705642
  },
  {
    "partId": 873,
    "stateCode": "S17",
    "stateName": "Nagaland",
    "districtCode": "S1705",
    "districtName": "PHEK",
    "acNumber": 20,
    "acName": "MELURI",
    "partNumber": 3,
    "partName": "KHUTSOKHUNO VILLAGE",
    "lat": 25.62491795,
    "lon": 94.64856002705642
  },
  {
    "partId": 874,
    "stateCode": "S17",
    "stateName": "Nagaland",
    "districtCode": "S1705",
    "districtName": "PHEK",
    "acNumber": 20,
    "acName": "MELURI",
    "partNumber": 4,
    "partName": "SOHOMI VILLAGE",
    "lat": 25.62491795,
    "lon": 94.64856002705642
  },
  {
    "partId": 875,
    "stateCode": "S17",
    "stateName": "Nagaland",
    "districtCode": "S1705",
    "districtName": "PHEK",
    "acNumber": 20,
    "acName": "MELURI",
    "partNumber": 5,
    "partName": "KOTISU VILLAGE",
    "lat": 25.62491795,
    "lon": 94.64856002705642
  },
  {
    "partId": 876,
    "stateCode": "S17",
    "stateName": "Nagaland",
    "districtCode": "S1705",
    "districtName": "PHEK",
    "acNumber": 20,
    "acName": "MELURI",
    "partNumber": 6,
    "partName": "TEZATSE VILLAGE",
    "lat": 25.62491795,
    "lon": 94.64856002705642
  },
  {
    "partId": 877,
    "stateCode": "S17",
    "stateName": "Nagaland",
    "districtCode": "S1705",
    "districtName": "PHEK",
    "acNumber": 20,
    "acName": "MELURI",
    "partNumber": 7,
    "partName": "KIZARI VILLAGE",
    "lat": 25.62491795,
    "lon": 94.64856002705642
  },
  {
    "partId": 878,
    "stateCode": "S17",
    "stateName": "Nagaland",
    "districtCode": "S1705",
    "districtName": "PHEK",
    "acNumber": 20,
    "acName": "MELURI",
    "partNumber": 8,
    "partName": "MELURI VILL.NON CHRISTAIN KHEL",
    "lat": 25.62491795,
    "lon": 94.64856002705642
  },
  {
    "partId": 879,
    "stateCode": "S17",
    "stateName": "Nagaland",
    "districtCode": "S1705",
    "districtName": "PHEK",
    "acNumber": 20,
    "acName": "MELURI",
    "partNumber": 9,
    "partName": "KHUMIASU VILLAGE",
    "lat": 25.62491795,
    "lon": 94.64856002705642
  },
  {
    "partId": 880,
    "stateCode": "S17",
    "stateName": "Nagaland",
    "districtCode": "S1705",
    "districtName": "PHEK",
    "acNumber": 20,
    "acName": "MELURI",
    "partNumber": 10,
    "partName": "MELURI VILL.CHRISTAIN KHEL A/WING",
    "lat": 25.62491795,
    "lon": 94.64856002705642
  },
  {
    "partId": 881,
    "stateCode": "S17",
    "stateName": "Nagaland",
    "districtCode": "S1705",
    "districtName": "PHEK",
    "acNumber": 20,
    "acName": "MELURI",
    "partNumber": 11,
    "partName": "MELURI TOWN A/ WING",
    "lat": 25.62491795,
    "lon": 94.64856002705642
  },
  {
    "partId": 882,
    "stateCode": "S17",
    "stateName": "Nagaland",
    "districtCode": "S1705",
    "districtName": "PHEK",
    "acNumber": 20,
    "acName": "MELURI",
    "partNumber": 12,
    "partName": "MELURI TOWN B/ WING",
    "lat": 25.62491795,
    "lon": 94.64856002705642
  },
  {
    "partId": 883,
    "stateCode": "S17",
    "stateName": "Nagaland",
    "districtCode": "S1705",
    "districtName": "PHEK",
    "acNumber": 20,
    "acName": "MELURI",
    "partNumber": 13,
    "partName": "MELURI TOWN C/ WING",
    "lat": 25.62491795,
    "lon": 94.64856002705642
  },
  {
    "partId": 884,
    "stateCode": "S17",
    "stateName": "Nagaland",
    "districtCode": "S1705",
    "districtName": "PHEK",
    "acNumber": 20,
    "acName": "MELURI",
    "partNumber": 14,
    "partName": "AKHEGOW VILLAGE",
    "lat": 25.62491795,
    "lon": 94.64856002705642
  },
  {
    "partId": 885,
    "stateCode": "S17",
    "stateName": "Nagaland",
    "districtCode": "S1705",
    "districtName": "PHEK",
    "acNumber": 20,
    "acName": "MELURI",
    "partNumber": 15,
    "partName": "KUKHEGOW VILLAGE",
    "lat": 25.62491795,
    "lon": 94.64856002705642
  },
  {
    "partId": 886,
    "stateCode": "S17",
    "stateName": "Nagaland",
    "districtCode": "S1705",
    "districtName": "PHEK",
    "acNumber": 20,
    "acName": "MELURI",
    "partNumber": 16,
    "partName": "PHOR VILLAGE",
    "lat": 25.62491795,
    "lon": 94.64856002705642
  },
  {
    "partId": 887,
    "stateCode": "S17",
    "stateName": "Nagaland",
    "districtCode": "S1705",
    "districtName": "PHEK",
    "acNumber": 20,
    "acName": "MELURI",
    "partNumber": 17,
    "partName": "HUTSU VILLAGE",
    "lat": 25.62491795,
    "lon": 94.64856002705642
  },
  {
    "partId": 888,
    "stateCode": "S17",
    "stateName": "Nagaland",
    "districtCode": "S1705",
    "districtName": "PHEK",
    "acNumber": 20,
    "acName": "MELURI",
    "partNumber": 18,
    "partName": "SATUZA VILLAGE",
    "lat": 25.62491795,
    "lon": 94.64856002705642
  },
  {
    "partId": 889,
    "stateCode": "S17",
    "stateName": "Nagaland",
    "districtCode": "S1705",
    "districtName": "PHEK",
    "acNumber": 20,
    "acName": "MELURI",
    "partNumber": 19,
    "partName": "KUZATU VILLAGE",
    "lat": 25.62491795,
    "lon": 94.64856002705642
  },
  {
    "partId": 890,
    "stateCode": "S17",
    "stateName": "Nagaland",
    "districtCode": "S1705",
    "districtName": "PHEK",
    "acNumber": 20,
    "acName": "MELURI",
    "partNumber": 20,
    "partName": "YESI VILLAGE",
    "lat": 25.62491795,
    "lon": 94.64856002705642
  },
  {
    "partId": 891,
    "stateCode": "S17",
    "stateName": "Nagaland",
    "districtCode": "S1705",
    "districtName": "PHEK",
    "acNumber": 20,
    "acName": "MELURI",
    "partNumber": 21,
    "partName": "WEZHIO VILLAGE A/WING",
    "lat": 25.62491795,
    "lon": 94.64856002705642
  },
  {
    "partId": 892,
    "stateCode": "S17",
    "stateName": "Nagaland",
    "districtCode": "S1705",
    "districtName": "PHEK",
    "acNumber": 20,
    "acName": "MELURI",
    "partNumber": 22,
    "partName": "MOKIE VILLAGE",
    "lat": 25.62491795,
    "lon": 94.64856002705642
  },
  {
    "partId": 893,
    "stateCode": "S17",
    "stateName": "Nagaland",
    "districtCode": "S1705",
    "districtName": "PHEK",
    "acNumber": 20,
    "acName": "MELURI",
    "partNumber": 23,
    "partName": "SUTSU VILLAGE",
    "lat": 25.62491795,
    "lon": 94.64856002705642
  },
  {
    "partId": 894,
    "stateCode": "S17",
    "stateName": "Nagaland",
    "districtCode": "S1705",
    "districtName": "PHEK",
    "acNumber": 20,
    "acName": "MELURI",
    "partNumber": 24,
    "partName": "LARURI VILLAGE",
    "lat": 25.62491795,
    "lon": 94.64856002705642
  },
  {
    "partId": 895,
    "stateCode": "S17",
    "stateName": "Nagaland",
    "districtCode": "S1705",
    "districtName": "PHEK",
    "acNumber": 20,
    "acName": "MELURI",
    "partNumber": 25,
    "partName": "PHOKHUNGRI VILLAGE",
    "lat": 25.62491795,
    "lon": 94.64856002705642
  },
  {
    "partId": 896,
    "stateCode": "S17",
    "stateName": "Nagaland",
    "districtCode": "S1705",
    "districtName": "PHEK",
    "acNumber": 20,
    "acName": "MELURI",
    "partNumber": 26,
    "partName": "AVANKHU VILLAGE",
    "lat": 25.62491795,
    "lon": 94.64856002705642
  },
  {
    "partId": 897,
    "stateCode": "S17",
    "stateName": "Nagaland",
    "districtCode": "S1705",
    "districtName": "PHEK",
    "acNumber": 20,
    "acName": "MELURI",
    "partNumber": 27,
    "partName": "LETSAM VILLAGE",
    "lat": 25.62491795,
    "lon": 94.64856002705642
  },
  {
    "partId": 898,
    "stateCode": "S17",
    "stateName": "Nagaland",
    "districtCode": "S1705",
    "districtName": "PHEK",
    "acNumber": 20,
    "acName": "MELURI",
    "partNumber": 28,
    "partName": "OLD THEWATI VILLAGE",
    "lat": 25.62491795,
    "lon": 94.64856002705642
  },
  {
    "partId": 899,
    "stateCode": "S17",
    "stateName": "Nagaland",
    "districtCode": "S1705",
    "districtName": "PHEK",
    "acNumber": 20,
    "acName": "MELURI",
    "partNumber": 29,
    "partName": "NEW THEWATI VILLAGE",
    "lat": 25.62491795,
    "lon": 94.64856002705642
  },
  {
    "partId": 900,
    "stateCode": "S17",
    "stateName": "Nagaland",
    "districtCode": "S1705",
    "districtName": "PHEK",
    "acNumber": 20,
    "acName": "MELURI",
    "partNumber": 30,
    "partName": "WASHELO VILLAGE",
    "lat": 25.62491795,
    "lon": 94.64856002705642
  },
  {
    "partId": 901,
    "stateCode": "S17",
    "stateName": "Nagaland",
    "districtCode": "S1705",
    "districtName": "PHEK",
    "acNumber": 20,
    "acName": "MELURI",
    "partNumber": 31,
    "partName": "ZIPHU VILLAGE",
    "lat": 25.62491795,
    "lon": 94.64856002705642
  },
  {
    "partId": 902,
    "stateCode": "S17",
    "stateName": "Nagaland",
    "districtCode": "S1705",
    "districtName": "PHEK",
    "acNumber": 20,
    "acName": "MELURI",
    "partNumber": 32,
    "partName": "MOLLEN VILLAGE",
    "lat": 25.62491795,
    "lon": 94.64856002705642
  },
  {
    "partId": 903,
    "stateCode": "S17",
    "stateName": "Nagaland",
    "districtCode": "S1705",
    "districtName": "PHEK",
    "acNumber": 20,
    "acName": "MELURI",
    "partNumber": 33,
    "partName": "REGURI VILLAGE",
    "lat": 25.62491795,
    "lon": 94.64856002705642
  },
  {
    "partId": 904,
    "stateCode": "S17",
    "stateName": "Nagaland",
    "districtCode": "S1705",
    "districtName": "PHEK",
    "acNumber": 20,
    "acName": "MELURI",
    "partNumber": 34,
    "partName": "AKHEN VILLAGE",
    "lat": 25.62491795,
    "lon": 94.64856002705642
  },
  {
    "partId": 905,
    "stateCode": "S17",
    "stateName": "Nagaland",
    "districtCode": "S1705",
    "districtName": "PHEK",
    "acNumber": 20,
    "acName": "MELURI",
    "partNumber": 35,
    "partName": "KANGJANG VILLAGE",
    "lat": 25.62491795,
    "lon": 94.64856002705642
  },
  {
    "partId": 906,
    "stateCode": "S17",
    "stateName": "Nagaland",
    "districtCode": "S1705",
    "districtName": "PHEK",
    "acNumber": 20,
    "acName": "MELURI",
    "partNumber": 36,
    "partName": "LEPHORI VILLAGE",
    "lat": 25.62491795,
    "lon": 94.64856002705642
  },
  {
    "partId": 907,
    "stateCode": "S17",
    "stateName": "Nagaland",
    "districtCode": "S1705",
    "districtName": "PHEK",
    "acNumber": 20,
    "acName": "MELURI",
    "partNumber": 37,
    "partName": "MATIKHRU VILLAGE",
    "lat": 25.62491795,
    "lon": 94.64856002705642
  },
  {
    "partId": 908,
    "stateCode": "S17",
    "stateName": "Nagaland",
    "districtCode": "S1705",
    "districtName": "PHEK",
    "acNumber": 20,
    "acName": "MELURI",
    "partNumber": 38,
    "partName": "LOZAPHUHU VILLAGE  A/ WING",
    "lat": 25.62491795,
    "lon": 94.64856002705642
  },
  {
    "partId": 909,
    "stateCode": "S17",
    "stateName": "Nagaland",
    "districtCode": "S1705",
    "districtName": "PHEK",
    "acNumber": 20,
    "acName": "MELURI",
    "partNumber": 39,
    "partName": "LOZAPHUHU VILLAGE B/ WING",
    "lat": 25.62491795,
    "lon": 94.64856002705642
  },
  {
    "partId": 910,
    "stateCode": "S17",
    "stateName": "Nagaland",
    "districtCode": "S1705",
    "districtName": "PHEK",
    "acNumber": 20,
    "acName": "MELURI",
    "partNumber": 40,
    "partName": "LOSAMI VILLAGE A/ WING",
    "lat": 25.62491795,
    "lon": 94.64856002705642
  },
  {
    "partId": 911,
    "stateCode": "S17",
    "stateName": "Nagaland",
    "districtCode": "S1705",
    "districtName": "PHEK",
    "acNumber": 20,
    "acName": "MELURI",
    "partNumber": 41,
    "partName": "LOSAMI VILLAGE B/ WING",
    "lat": 25.62491795,
    "lon": 94.64856002705642
  },
  {
    "partId": 912,
    "stateCode": "S17",
    "stateName": "Nagaland",
    "districtCode": "S1705",
    "districtName": "PHEK",
    "acNumber": 20,
    "acName": "MELURI",
    "partNumber": 42,
    "partName": "NEW AKHEGOW VILLAGE",
    "lat": 25.62491795,
    "lon": 94.64856002705642
  },
  {
    "partId": 913,
    "stateCode": "S17",
    "stateName": "Nagaland",
    "districtCode": "S1705",
    "districtName": "PHEK",
    "acNumber": 20,
    "acName": "MELURI",
    "partNumber": 43,
    "partName": "NEW PHOR VILLAGE",
    "lat": 25.62491795,
    "lon": 94.64856002705642
  },
  {
    "partId": 914,
    "stateCode": "S17",
    "stateName": "Nagaland",
    "districtCode": "S1705",
    "districtName": "PHEK",
    "acNumber": 20,
    "acName": "MELURI",
    "partNumber": 44,
    "partName": "WUZU VILLAGE",
    "lat": 25.62491795,
    "lon": 94.64856002705642
  },
  {
    "partId": 915,
    "stateCode": "S17",
    "stateName": "Nagaland",
    "districtCode": "S1705",
    "districtName": "PHEK",
    "acNumber": 20,
    "acName": "MELURI",
    "partNumber": 45,
    "partName": "LANEZHO VILLAGE",
    "lat": 25.62491795,
    "lon": 94.64856002705642
  },
  {
    "partId": 916,
    "stateCode": "S17",
    "stateName": "Nagaland",
    "districtCode": "S1705",
    "districtName": "PHEK",
    "acNumber": 20,
    "acName": "MELURI",
    "partNumber": 46,
    "partName": "LOSATEPHE VILLAGE",
    "lat": 25.62491795,
    "lon": 94.64856002705642
  },
  {
    "partId": 917,
    "stateCode": "S17",
    "stateName": "Nagaland",
    "districtCode": "S1705",
    "districtName": "PHEK",
    "acNumber": 20,
    "acName": "MELURI",
    "partNumber": 47,
    "partName": "MELURI VILL. CHRISTIAN KHEL B-WING",
    "lat": 25.62491795,
    "lon": 94.64856002705642
  },
  {
    "partId": 918,
    "stateCode": "S17",
    "stateName": "Nagaland",
    "districtCode": "S1705",
    "districtName": "PHEK",
    "acNumber": 20,
    "acName": "MELURI",
    "partNumber": 48,
    "partName": "MELURI TOWN D-WING",
    "lat": 25.62491795,
    "lon": 94.64856002705642
  },
  {
    "partId": 919,
    "stateCode": "S17",
    "stateName": "Nagaland",
    "districtCode": "S1705",
    "districtName": "PHEK",
    "acNumber": 20,
    "acName": "MELURI",
    "partNumber": 49,
    "partName": "WEZIHO TOWN",
    "lat": 25.62491795,
    "lon": 94.64856002705642
  },
  {
    "partId": 920,
    "stateCode": "S17",
    "stateName": "Nagaland",
    "districtCode": "S1705",
    "districtName": "PHEK",
    "acNumber": 20,
    "acName": "MELURI",
    "partNumber": 50,
    "partName": "RIEHUOPE KHEL, MELURI VILLAGE",
    "lat": 25.62491795,
    "lon": 94.64856002705642
  },
  {
    "partId": 921,
    "stateCode": "S17",
    "stateName": "Nagaland",
    "districtCode": "S1705",
    "districtName": "PHEK",
    "acNumber": 20,
    "acName": "MELURI",
    "partNumber": 51,
    "partName": "YISISOTHA VILLAGE",
    "lat": 25.62491795,
    "lon": 94.64856002705642
  },
  {
    "partId": 922,
    "stateCode": "S17",
    "stateName": "Nagaland",
    "districtCode": "S1705",
    "districtName": "PHEK",
    "acNumber": 20,
    "acName": "MELURI",
    "partNumber": 52,
    "partName": "PHOKHUNGRI TOWN",
    "lat": 25.62491795,
    "lon": 94.64856002705642
  },
  {
    "partId": 3091,
    "stateCode": "S17",
    "stateName": "Nagaland",
    "districtCode": "S1705",
    "districtName": "PHEK",
    "acNumber": 16,
    "acName": "PFUTSERO",
    "partNumber": 1,
    "partName": "KIKRUMA VILLAGE N/ WING-1",
    "lat": 25.562942550000002,
    "lon": 94.27950846674023
  },
  {
    "partId": 3092,
    "stateCode": "S17",
    "stateName": "Nagaland",
    "districtCode": "S1705",
    "districtName": "PHEK",
    "acNumber": 16,
    "acName": "PFUTSERO",
    "partNumber": 2,
    "partName": "KIKRUMA VILLAGE N/ WING-II",
    "lat": 25.562942550000002,
    "lon": 94.27950846674023
  },
  {
    "partId": 3093,
    "stateCode": "S17",
    "stateName": "Nagaland",
    "districtCode": "S1705",
    "districtName": "PHEK",
    "acNumber": 16,
    "acName": "PFUTSERO",
    "partNumber": 3,
    "partName": "KIKRUMA VILLAGE S/ WING-1",
    "lat": 25.562942550000002,
    "lon": 94.27950846674023
  },
  {
    "partId": 3094,
    "stateCode": "S17",
    "stateName": "Nagaland",
    "districtCode": "S1705",
    "districtName": "PHEK",
    "acNumber": 16,
    "acName": "PFUTSERO",
    "partNumber": 4,
    "partName": "KIKRUMA VILLAGE S/ WING-II",
    "lat": 25.562942550000002,
    "lon": 94.27950846674023
  },
  {
    "partId": 3095,
    "stateCode": "S17",
    "stateName": "Nagaland",
    "districtCode": "S1705",
    "districtName": "PHEK",
    "acNumber": 16,
    "acName": "PFUTSERO",
    "partNumber": 5,
    "partName": "PFUTSERO TOWN A WING",
    "lat": 25.562942550000002,
    "lon": 94.27950846674023
  },
  {
    "partId": 3096,
    "stateCode": "S17",
    "stateName": "Nagaland",
    "districtCode": "S1705",
    "districtName": "PHEK",
    "acNumber": 16,
    "acName": "PFUTSERO",
    "partNumber": 6,
    "partName": "PFUTSERO TOWN B WING",
    "lat": 25.562942550000002,
    "lon": 94.27950846674023
  },
  {
    "partId": 3097,
    "stateCode": "S17",
    "stateName": "Nagaland",
    "districtCode": "S1705",
    "districtName": "PHEK",
    "acNumber": 16,
    "acName": "PFUTSERO",
    "partNumber": 7,
    "partName": "PFUTSERO TOWN C WING",
    "lat": 25.562942550000002,
    "lon": 94.27950846674023
  },
  {
    "partId": 3098,
    "stateCode": "S17",
    "stateName": "Nagaland",
    "districtCode": "S1705",
    "districtName": "PHEK",
    "acNumber": 16,
    "acName": "PFUTSERO",
    "partNumber": 8,
    "partName": "PFUTSERO TOWN D WING",
    "lat": 25.56190164166667,
    "lon": 94.27857054955365
  },
  {
    "partId": 3099,
    "stateCode": "S17",
    "stateName": "Nagaland",
    "districtCode": "S1705",
    "districtName": "PHEK",
    "acNumber": 16,
    "acName": "PFUTSERO",
    "partNumber": 9,
    "partName": "PFUTSERO TOWN E WING",
    "lat": 25.562942550000002,
    "lon": 94.27950846674023
  },
  {
    "partId": 3100,
    "stateCode": "S17",
    "stateName": "Nagaland",
    "districtCode": "S1705",
    "districtName": "PHEK",
    "acNumber": 16,
    "acName": "PFUTSERO",
    "partNumber": 10,
    "partName": "PFUTSERO TOWN F WING",
    "lat": 25.56190164166667,
    "lon": 94.27857054955365
  },
  {
    "partId": 3101,
    "stateCode": "S17",
    "stateName": "Nagaland",
    "districtCode": "S1705",
    "districtName": "PHEK",
    "acNumber": 16,
    "acName": "PFUTSERO",
    "partNumber": 11,
    "partName": "PFUTSERO TOWN G WING FOREST COLONY",
    "lat": 25.562942550000002,
    "lon": 94.27950846674023
  },
  {
    "partId": 3102,
    "stateCode": "S17",
    "stateName": "Nagaland",
    "districtCode": "S1705",
    "districtName": "PHEK",
    "acNumber": 16,
    "acName": "PFUTSERO",
    "partNumber": 12,
    "partName": "PFUTSERO TOWN H WING",
    "lat": 25.562942550000002,
    "lon": 94.27950846674023
  },
  {
    "partId": 3103,
    "stateCode": "S17",
    "stateName": "Nagaland",
    "districtCode": "S1705",
    "districtName": "PHEK",
    "acNumber": 16,
    "acName": "PFUTSERO",
    "partNumber": 13,
    "partName": "PFUTSEROMI VILL A WING",
    "lat": 25.562942550000002,
    "lon": 94.27950846674023
  },
  {
    "partId": 3104,
    "stateCode": "S17",
    "stateName": "Nagaland",
    "districtCode": "S1705",
    "districtName": "PHEK",
    "acNumber": 16,
    "acName": "PFUTSERO",
    "partNumber": 14,
    "partName": "PFUTSEROMI  VILL B WING",
    "lat": 25.562942550000002,
    "lon": 94.27950846674023
  },
  {
    "partId": 3105,
    "stateCode": "S17",
    "stateName": "Nagaland",
    "districtCode": "S1705",
    "districtName": "PHEK",
    "acNumber": 16,
    "acName": "PFUTSERO",
    "partNumber": 15,
    "partName": "LEKHROMI VILLAGE",
    "lat": 25.56190164166667,
    "lon": 94.27857054955365
  },
  {
    "partId": 3106,
    "stateCode": "S17",
    "stateName": "Nagaland",
    "districtCode": "S1705",
    "districtName": "PHEK",
    "acNumber": 16,
    "acName": "PFUTSERO",
    "partNumber": 16,
    "partName": "KAMI VILLAGE",
    "lat": 25.562942550000002,
    "lon": 94.27950846674023
  },
  {
    "partId": 3107,
    "stateCode": "S17",
    "stateName": "Nagaland",
    "districtCode": "S1705",
    "districtName": "PHEK",
    "acNumber": 16,
    "acName": "PFUTSERO",
    "partNumber": 17,
    "partName": "ZAPAMI VILLAGE A/WING",
    "lat": 25.562942550000002,
    "lon": 94.27950846674023
  },
  {
    "partId": 3108,
    "stateCode": "S17",
    "stateName": "Nagaland",
    "districtCode": "S1705",
    "districtName": "PHEK",
    "acNumber": 16,
    "acName": "PFUTSERO",
    "partNumber": 18,
    "partName": "ZUKETSA",
    "lat": 25.531715300000002,
    "lon": 94.2513709511428
  },
  {
    "partId": 3109,
    "stateCode": "S17",
    "stateName": "Nagaland",
    "districtCode": "S1705",
    "districtName": "PHEK",
    "acNumber": 16,
    "acName": "PFUTSERO",
    "partNumber": 19,
    "partName": "LASUMI A/WING",
    "lat": 25.56190164166667,
    "lon": 94.27857054955365
  },
  {
    "partId": 3110,
    "stateCode": "S17",
    "stateName": "Nagaland",
    "districtCode": "S1705",
    "districtName": "PHEK",
    "acNumber": 16,
    "acName": "PFUTSERO",
    "partNumber": 20,
    "partName": "LESHEMI VILLAGE A/ WING",
    "lat": 25.562942550000002,
    "lon": 94.27950846674023
  },
  {
    "partId": 3111,
    "stateCode": "S17",
    "stateName": "Nagaland",
    "districtCode": "S1705",
    "districtName": "PHEK",
    "acNumber": 16,
    "acName": "PFUTSERO",
    "partNumber": 21,
    "partName": "LESHEMI VILLAGE B/ WING",
    "lat": 25.56190164166667,
    "lon": 94.27857054955365
  },
  {
    "partId": 3112,
    "stateCode": "S17",
    "stateName": "Nagaland",
    "districtCode": "S1705",
    "districtName": "PHEK",
    "acNumber": 16,
    "acName": "PFUTSERO",
    "partNumber": 22,
    "partName": "KHEZHAKENO VILLAGE A/ WING",
    "lat": 25.562942550000002,
    "lon": 94.27950846674023
  },
  {
    "partId": 3113,
    "stateCode": "S17",
    "stateName": "Nagaland",
    "districtCode": "S1705",
    "districtName": "PHEK",
    "acNumber": 16,
    "acName": "PFUTSERO",
    "partNumber": 23,
    "partName": "KHEZHAKENO VILLAGE B/ WING",
    "lat": 25.562942550000002,
    "lon": 94.27950846674023
  },
  {
    "partId": 3114,
    "stateCode": "S17",
    "stateName": "Nagaland",
    "districtCode": "S1705",
    "districtName": "PHEK",
    "acNumber": 16,
    "acName": "PFUTSERO",
    "partNumber": 24,
    "partName": "KIKRUMA VILLAGE S/WING - III",
    "lat": 25.562942550000002,
    "lon": 94.27950846674023
  },
  {
    "partId": 3115,
    "stateCode": "S17",
    "stateName": "Nagaland",
    "districtCode": "S1705",
    "districtName": "PHEK",
    "acNumber": 16,
    "acName": "PFUTSERO",
    "partNumber": 25,
    "partName": "KHEZHAKENO VILLAGE C/WING",
    "lat": 25.562942550000002,
    "lon": 94.27950846674023
  },
  {
    "partId": 3116,
    "stateCode": "S17",
    "stateName": "Nagaland",
    "districtCode": "S1705",
    "districtName": "PHEK",
    "acNumber": 16,
    "acName": "PFUTSERO",
    "partNumber": 26,
    "partName": "KHEZHAKENO VILLAGE D/WING",
    "lat": 25.56190164166667,
    "lon": 94.27857054955365
  },
  {
    "partId": 3117,
    "stateCode": "S17",
    "stateName": "Nagaland",
    "districtCode": "S1705",
    "districtName": "PHEK",
    "acNumber": 16,
    "acName": "PFUTSERO",
    "partNumber": 27,
    "partName": "PFUTSERO TOWN,MENYITSUDA COLONY",
    "lat": 25.562942550000002,
    "lon": 94.27950846674023
  },
  {
    "partId": 3118,
    "stateCode": "S17",
    "stateName": "Nagaland",
    "districtCode": "S1705",
    "districtName": "PHEK",
    "acNumber": 16,
    "acName": "PFUTSERO",
    "partNumber": 28,
    "partName": "KIKRUMA VILLAGE N/W-III",
    "lat": 25.562942550000002,
    "lon": 94.27950846674023
  },
  {
    "partId": 3119,
    "stateCode": "S17",
    "stateName": "Nagaland",
    "districtCode": "S1705",
    "districtName": "PHEK",
    "acNumber": 16,
    "acName": "PFUTSERO",
    "partNumber": 29,
    "partName": "KIKRUMA VILLAGE N/W-IV",
    "lat": 25.562942550000002,
    "lon": 94.27950846674023
  },
  {
    "partId": 3120,
    "stateCode": "S17",
    "stateName": "Nagaland",
    "districtCode": "S1705",
    "districtName": "PHEK",
    "acNumber": 16,
    "acName": "PFUTSERO",
    "partNumber": 30,
    "partName": "KIKRUMA VILLAGE S/W-IV",
    "lat": 25.562942550000002,
    "lon": 94.27950846674023
  },
  {
    "partId": 3121,
    "stateCode": "S17",
    "stateName": "Nagaland",
    "districtCode": "S1705",
    "districtName": "PHEK",
    "acNumber": 16,
    "acName": "PFUTSERO",
    "partNumber": 31,
    "partName": "PFUTSERO TOWN I-WING",
    "lat": 25.562942550000002,
    "lon": 94.27950846674023
  },
  {
    "partId": 3122,
    "stateCode": "S17",
    "stateName": "Nagaland",
    "districtCode": "S1705",
    "districtName": "PHEK",
    "acNumber": 16,
    "acName": "PFUTSERO",
    "partNumber": 32,
    "partName": "PFUTSEROMI VILLAGE C-WING",
    "lat": 25.56190164166667,
    "lon": 94.27857054955365
  },
  {
    "partId": 3123,
    "stateCode": "S17",
    "stateName": "Nagaland",
    "districtCode": "S1705",
    "districtName": "PHEK",
    "acNumber": 16,
    "acName": "PFUTSERO",
    "partNumber": 33,
    "partName": "PFUTSEROMI VILLAGE D-WING",
    "lat": 25.562942550000002,
    "lon": 94.27950846674023
  },
  {
    "partId": 3124,
    "stateCode": "S17",
    "stateName": "Nagaland",
    "districtCode": "S1705",
    "districtName": "PHEK",
    "acNumber": 16,
    "acName": "PFUTSERO",
    "partNumber": 34,
    "partName": "ZAPAMI VILLAGE B-WING",
    "lat": 25.562942550000002,
    "lon": 94.27950846674023
  },
  {
    "partId": 3125,
    "stateCode": "S17",
    "stateName": "Nagaland",
    "districtCode": "S1705",
    "districtName": "PHEK",
    "acNumber": 16,
    "acName": "PFUTSERO",
    "partNumber": 35,
    "partName": "LASUMI B-WING",
    "lat": 25.56190164166667,
    "lon": 94.27857054955365
  },
  {
    "partId": 3126,
    "stateCode": "S17",
    "stateName": "Nagaland",
    "districtCode": "S1705",
    "districtName": "PHEK",
    "acNumber": 16,
    "acName": "PFUTSERO",
    "partNumber": 36,
    "partName": "LEWOZA VILLAGE",
    "lat": 25.562942550000002,
    "lon": 94.27950846674023
  },
  {
    "partId": 3127,
    "stateCode": "S17",
    "stateName": "Nagaland",
    "districtCode": "S1705",
    "districtName": "PHEK",
    "acNumber": 16,
    "acName": "PFUTSERO",
    "partNumber": 37,
    "partName": "KADIE-KAMI VILLAGE",
    "lat": 25.562942550000002,
    "lon": 94.27950846674023
  },
  {
    "partId": 3128,
    "stateCode": "S17",
    "stateName": "Nagaland",
    "districtCode": "S1705",
    "districtName": "PHEK",
    "acNumber": 16,
    "acName": "PFUTSERO",
    "partNumber": 38,
    "partName": "KHEZHAKENO VILLAGE E WING",
    "lat": 25.562942550000002,
    "lon": 94.27950846674023
  },
  {
    "partId": 832,
    "stateCode": "S17",
    "stateName": "Nagaland",
    "districtCode": "S1705",
    "districtName": "PHEK",
    "acNumber": 19,
    "acName": "PHEK",
    "partNumber": 1,
    "partName": "THEVOPISU VILLAGE A/ WING",
    "lat": 25.75,
    "lon": 94.5
  },
  {
    "partId": 833,
    "stateCode": "S17",
    "stateName": "Nagaland",
    "districtCode": "S1705",
    "districtName": "PHEK",
    "acNumber": 19,
    "acName": "PHEK",
    "partNumber": 2,
    "partName": "THEVOPISU VILLAGE B/ WING",
    "lat": 25.75,
    "lon": 94.5
  },
  {
    "partId": 834,
    "stateCode": "S17",
    "stateName": "Nagaland",
    "districtCode": "S1705",
    "districtName": "PHEK",
    "acNumber": 19,
    "acName": "PHEK",
    "partNumber": 3,
    "partName": "SEKREZU HEAD QUARTER",
    "lat": 25.75,
    "lon": 94.5
  },
  {
    "partId": 835,
    "stateCode": "S17",
    "stateName": "Nagaland",
    "districtCode": "S1705",
    "districtName": "PHEK",
    "acNumber": 19,
    "acName": "PHEK",
    "partNumber": 4,
    "partName": "RUZAZHOMI VILLAGE A/WING",
    "lat": 25.75,
    "lon": 94.5
  },
  {
    "partId": 836,
    "stateCode": "S17",
    "stateName": "Nagaland",
    "districtCode": "S1705",
    "districtName": "PHEK",
    "acNumber": 19,
    "acName": "PHEK",
    "partNumber": 5,
    "partName": "TERHUTSESEMI VILLAGE",
    "lat": 25.75,
    "lon": 94.5
  },
  {
    "partId": 837,
    "stateCode": "S17",
    "stateName": "Nagaland",
    "districtCode": "S1705",
    "districtName": "PHEK",
    "acNumber": 19,
    "acName": "PHEK",
    "partNumber": 6,
    "partName": "DZULHAMI VILLAGE A/ WING",
    "lat": 25.75,
    "lon": 94.5
  },
  {
    "partId": 838,
    "stateCode": "S17",
    "stateName": "Nagaland",
    "districtCode": "S1705",
    "districtName": "PHEK",
    "acNumber": 19,
    "acName": "PHEK",
    "partNumber": 7,
    "partName": "DZULHAMI VILLAGE B/ WING",
    "lat": 25.75,
    "lon": 94.5
  },
  {
    "partId": 839,
    "stateCode": "S17",
    "stateName": "Nagaland",
    "districtCode": "S1705",
    "districtName": "PHEK",
    "acNumber": 19,
    "acName": "PHEK",
    "partNumber": 8,
    "partName": "PHUHGI VILLAGE",
    "lat": 25.75,
    "lon": 94.5
  },
  {
    "partId": 840,
    "stateCode": "S17",
    "stateName": "Nagaland",
    "districtCode": "S1705",
    "districtName": "PHEK",
    "acNumber": 19,
    "acName": "PHEK",
    "partNumber": 9,
    "partName": "METSALE VILLAGE",
    "lat": 25.75,
    "lon": 94.5
  },
  {
    "partId": 841,
    "stateCode": "S17",
    "stateName": "Nagaland",
    "districtCode": "S1705",
    "districtName": "PHEK",
    "acNumber": 19,
    "acName": "PHEK",
    "partNumber": 10,
    "partName": "CHEPOKETA VILLAGE",
    "lat": 25.75,
    "lon": 94.5
  },
  {
    "partId": 842,
    "stateCode": "S17",
    "stateName": "Nagaland",
    "districtCode": "S1705",
    "districtName": "PHEK",
    "acNumber": 19,
    "acName": "PHEK",
    "partNumber": 11,
    "partName": "KHUZAMI VILLAGE",
    "lat": 25.75,
    "lon": 94.5
  },
  {
    "partId": 843,
    "stateCode": "S17",
    "stateName": "Nagaland",
    "districtCode": "S1705",
    "districtName": "PHEK",
    "acNumber": 19,
    "acName": "PHEK",
    "partNumber": 12,
    "partName": "KUTSAPO VILLAGE A/WING(NASA & RUSOZU KHEL)",
    "lat": 25.75,
    "lon": 94.5
  },
  {
    "partId": 844,
    "stateCode": "S17",
    "stateName": "Nagaland",
    "districtCode": "S1705",
    "districtName": "PHEK",
    "acNumber": 19,
    "acName": "PHEK",
    "partNumber": 13,
    "partName": "SATHERI VILLAGE",
    "lat": 25.75,
    "lon": 94.5
  },
  {
    "partId": 845,
    "stateCode": "S17",
    "stateName": "Nagaland",
    "districtCode": "S1705",
    "districtName": "PHEK",
    "acNumber": 19,
    "acName": "PHEK",
    "partNumber": 14,
    "partName": "PHEK TOWN A/ WING JERICHO I WARD",
    "lat": 25.75,
    "lon": 94.5
  },
  {
    "partId": 846,
    "stateCode": "S17",
    "stateName": "Nagaland",
    "districtCode": "S1705",
    "districtName": "PHEK",
    "acNumber": 19,
    "acName": "PHEK",
    "partNumber": 15,
    "partName": "PHEK TOWN B/ WING BETHANYL I WARD",
    "lat": 25.75,
    "lon": 94.5
  },
  {
    "partId": 847,
    "stateCode": "S17",
    "stateName": "Nagaland",
    "districtCode": "S1705",
    "districtName": "PHEK",
    "acNumber": 19,
    "acName": "PHEK",
    "partNumber": 16,
    "partName": "PHEK TOWN C/ WING JERICHO II WARD",
    "lat": 25.75,
    "lon": 94.5
  },
  {
    "partId": 848,
    "stateCode": "S17",
    "stateName": "Nagaland",
    "districtCode": "S1705",
    "districtName": "PHEK",
    "acNumber": 19,
    "acName": "PHEK",
    "partNumber": 17,
    "partName": "PHEK TOWN D/ WING BETHANYL II WARD",
    "lat": 25.75,
    "lon": 94.5
  },
  {
    "partId": 849,
    "stateCode": "S17",
    "stateName": "Nagaland",
    "districtCode": "S1705",
    "districtName": "PHEK",
    "acNumber": 19,
    "acName": "PHEK",
    "partNumber": 18,
    "partName": "PHEK TOWN E/ WING BETHAL WARD",
    "lat": 25.75,
    "lon": 94.5
  },
  {
    "partId": 850,
    "stateCode": "S17",
    "stateName": "Nagaland",
    "districtCode": "S1705",
    "districtName": "PHEK",
    "acNumber": 19,
    "acName": "PHEK",
    "partNumber": 19,
    "partName": "PHEK TOWN F/ WING ZION & MISSION COMPOUND WARD",
    "lat": 25.75,
    "lon": 94.5
  },
  {
    "partId": 851,
    "stateCode": "S17",
    "stateName": "Nagaland",
    "districtCode": "S1705",
    "districtName": "PHEK",
    "acNumber": 19,
    "acName": "PHEK",
    "partNumber": 20,
    "partName": "PHEK TOWN G/ WING BIBLE HILL WARD",
    "lat": 25.75,
    "lon": 94.5
  },
  {
    "partId": 852,
    "stateCode": "S17",
    "stateName": "Nagaland",
    "districtCode": "S1705",
    "districtName": "PHEK",
    "acNumber": 19,
    "acName": "PHEK",
    "partNumber": 21,
    "partName": "SHURHOBA VILLAGE",
    "lat": 25.75,
    "lon": 94.5
  },
  {
    "partId": 853,
    "stateCode": "S17",
    "stateName": "Nagaland",
    "districtCode": "S1705",
    "districtName": "PHEK",
    "acNumber": 19,
    "acName": "PHEK",
    "partNumber": 22,
    "partName": "CHOSABA VILLAGE",
    "lat": 25.75,
    "lon": 94.5
  },
  {
    "partId": 854,
    "stateCode": "S17",
    "stateName": "Nagaland",
    "districtCode": "S1705",
    "districtName": "PHEK",
    "acNumber": 19,
    "acName": "PHEK",
    "partNumber": 23,
    "partName": "OLD PHEK TOWN",
    "lat": 25.75,
    "lon": 94.5
  },
  {
    "partId": 855,
    "stateCode": "S17",
    "stateName": "Nagaland",
    "districtCode": "S1705",
    "districtName": "PHEK",
    "acNumber": 19,
    "acName": "PHEK",
    "partNumber": 24,
    "partName": "PHEK VILLAGE A/ WING T.N KHEL",
    "lat": 25.75,
    "lon": 94.5
  },
  {
    "partId": 856,
    "stateCode": "S17",
    "stateName": "Nagaland",
    "districtCode": "S1705",
    "districtName": "PHEK",
    "acNumber": 19,
    "acName": "PHEK",
    "partNumber": 25,
    "partName": "PHEK VILLAGE B/ WING KETOUZOU KHEL",
    "lat": 25.75,
    "lon": 94.5
  },
  {
    "partId": 857,
    "stateCode": "S17",
    "stateName": "Nagaland",
    "districtCode": "S1705",
    "districtName": "PHEK",
    "acNumber": 19,
    "acName": "PHEK",
    "partNumber": 26,
    "partName": "PHEK BASA VILLAGE",
    "lat": 25.75,
    "lon": 94.5
  },
  {
    "partId": 858,
    "stateCode": "S17",
    "stateName": "Nagaland",
    "districtCode": "S1705",
    "districtName": "PHEK",
    "acNumber": 19,
    "acName": "PHEK",
    "partNumber": 27,
    "partName": "RUZHAZHO VILLAGE B WING",
    "lat": 25.75,
    "lon": 94.5
  },
  {
    "partId": 859,
    "stateCode": "S17",
    "stateName": "Nagaland",
    "districtCode": "S1705",
    "districtName": "PHEK",
    "acNumber": 19,
    "acName": "PHEK",
    "partNumber": 28,
    "partName": "NEW RUZHAZHO VILLAGE",
    "lat": 25.75,
    "lon": 94.5
  },
  {
    "partId": 860,
    "stateCode": "S17",
    "stateName": "Nagaland",
    "districtCode": "S1705",
    "districtName": "PHEK",
    "acNumber": 19,
    "acName": "PHEK",
    "partNumber": 29,
    "partName": "PHEK TOWN H/WING(HEBRON-II COLONY)",
    "lat": 25.75,
    "lon": 94.5
  },
  {
    "partId": 861,
    "stateCode": "S17",
    "stateName": "Nagaland",
    "districtCode": "S1705",
    "districtName": "PHEK",
    "acNumber": 19,
    "acName": "PHEK",
    "partNumber": 30,
    "partName": "PHEK VILLAGE C/WING M.C KHEL",
    "lat": 25.75,
    "lon": 94.5
  },
  {
    "partId": 862,
    "stateCode": "S17",
    "stateName": "Nagaland",
    "districtCode": "S1705",
    "districtName": "PHEK",
    "acNumber": 19,
    "acName": "PHEK",
    "partNumber": 31,
    "partName": "PHEK TOWN I/WING HEBRON II WARD",
    "lat": 25.75,
    "lon": 94.5
  },
  {
    "partId": 863,
    "stateCode": "S17",
    "stateName": "Nagaland",
    "districtCode": "S1705",
    "districtName": "PHEK",
    "acNumber": 19,
    "acName": "PHEK",
    "partNumber": 32,
    "partName": "THEVOPISU VILLAGE C-WING",
    "lat": 25.75,
    "lon": 94.5
  },
  {
    "partId": 864,
    "stateCode": "S17",
    "stateName": "Nagaland",
    "districtCode": "S1705",
    "districtName": "PHEK",
    "acNumber": 19,
    "acName": "PHEK",
    "partNumber": 33,
    "partName": "THEVOPISU VILLAGE D-WING",
    "lat": 25.75,
    "lon": 94.5
  },
  {
    "partId": 865,
    "stateCode": "S17",
    "stateName": "Nagaland",
    "districtCode": "S1705",
    "districtName": "PHEK",
    "acNumber": 19,
    "acName": "PHEK",
    "partNumber": 34,
    "partName": "DZULHAMI VILLAGE C-WING",
    "lat": 25.75,
    "lon": 94.5
  },
  {
    "partId": 866,
    "stateCode": "S17",
    "stateName": "Nagaland",
    "districtCode": "S1705",
    "districtName": "PHEK",
    "acNumber": 19,
    "acName": "PHEK",
    "partNumber": 35,
    "partName": "KUTSAPO VILLAGE B-WING THUZHOBA & UTUZU KHEL",
    "lat": 25.75,
    "lon": 94.5
  },
  {
    "partId": 868,
    "stateCode": "S17",
    "stateName": "Nagaland",
    "districtCode": "S1705",
    "districtName": "PHEK",
    "acNumber": 19,
    "acName": "PHEK",
    "partNumber": 36,
    "partName": "PHEK TOWN J-WING(NEW COLONY)",
    "lat": 25.75,
    "lon": 94.5
  },
  {
    "partId": 869,
    "stateCode": "S17",
    "stateName": "Nagaland",
    "districtCode": "S1705",
    "districtName": "PHEK",
    "acNumber": 19,
    "acName": "PHEK",
    "partNumber": 37,
    "partName": "PHEK VILLAGE D-WING KEPFUTSA KHEL",
    "lat": 25.75,
    "lon": 94.5
  },
  {
    "partId": 870,
    "stateCode": "S17",
    "stateName": "Nagaland",
    "districtCode": "S1705",
    "districtName": "PHEK",
    "acNumber": 19,
    "acName": "PHEK",
    "partNumber": 38,
    "partName": "RUZAZHO VILLAGE",
    "lat": 25.75,
    "lon": 94.5
  },
  {
    "partId": 2322,
    "stateCode": "S17",
    "stateName": "Nagaland",
    "districtCode": "S1705",
    "districtName": "PHEK",
    "acNumber": 19,
    "acName": "PHEK",
    "partNumber": 39,
    "partName": "PHEK TOWN K WING,MISSION COMPOUND WARD",
    "lat": 25.75,
    "lon": 94.5
  }
]